road_id,road_ref,road_type,road_name,latitude,longitude,road_length_km,elevation_m,slope_deg,terrain_sample_count
way/22827116,,secondary,,26.006999731540887,91.49208158785275,21.44596658611926,21.396701749165853,0.26121945887979414,60
way/38719482,NH27,trunk,Saraighat Bridge,26.1754077,91.6722522,1.2380993365945783,42.94139232191929,1.4183875500028613,43
way/44638618,,secondary,Garchuk Pamohi Road,26.10718074338212,91.63246150094034,7.278795569801193,54.4372537612915,1.4664744504820988,60
way/44638677,,tertiary,,26.100743430200264,91.71221466182733,1.654676327114373,54.468359897011204,1.6882026116942925,57
way/44638799,NH27,trunk,,26.124561873767824,91.68264197484811,4.5568138391656,52.13139998118083,0.5614597759783989,60
way/44638826,,secondary,Assam Engineering College Road,26.141621039802473,91.6586780175112,5.041296328669925,55.748473421732584,1.7386626675174581,60
way/44639059,,trunk_link,,26.159552016392947,91.67243212390558,0.4759358590676369,52.05387654024012,1.9490661374448084,17
way/44639607,,secondary,Panjabari Road,26.133532316940013,91.82284309836233,2.1972335635694287,60.142808214823404,1.6569580641029102,60
way/44639622,,secondary,,26.154271747259024,91.88858110328363,10.088806753641542,81.80707588195801,1.2589329937832527,60
way/44639797,SH3,primary,Kajali Mayang Road,26.236728367174678,92.00582394577937,5.441682958297154,60.4178471883138,2.492252362430093,60
way/44639823,SH3,primary,,26.197140659736494,91.85046560995937,2.533460892066067,61.253620338439944,3.3721964677247014,60
way/44639845,,secondary,VIP Road,26.16196098287926,91.82197453539642,4.249964561927487,59.539292589823404,1.1128847743144261,60
way/44639846,SH3,primary,,26.18228775,91.83708569999999,0.039252178427352506,52.49836858113607,4.071666862418483,3
way/44639859,SH3,primary,,26.18451508840793,91.8402531648882,0.786004281674753,55.369591440473286,1.9483690991660598,28
way/44641071,NH427,trunk,,26.188915349221745,91.64985621959543,3.7831479400219745,52.41423085530599,1.6239700831574884,60
way/44641072,,tertiary,,26.200029748560258,91.64295920520354,0.603287427169995,52.956044630570844,1.126161390909157,22
way/44641101,,secondary,,26.183518202951056,91.66904223988331,0.4680467739939983,51.164971519919,1.919875322904308,17
way/44641105,,secondary,,26.18325745,91.67160609999999,0.07006392215098545,59.9888219833374,5.493639456587897,4
way/44641120,,secondary,,26.18320627077202,91.67629398688624,0.8978071688786524,52.42066032655777,1.9239655338511321,31
way/44641131,NH427,trunk,,26.188383364394124,91.66786873952472,0.8052186540304022,51.74879114968436,1.6156925490819591,28
way/44641140,SH41,primary,,26.210229331623875,91.59081268278372,7.2826551563038135,52.27847480773926,0.8661844506890682,60
way/44641222,,secondary,,26.19015540766755,91.71354941893186,0.9093385919778855,52.6157306432724,1.8369802536928574,32
way/44641257,,secondary,,26.182404670139796,91.69072272518294,2.3325350838671035,53.896958096822104,2.613119757500571,60
way/44642944,NH17,trunk,,26.15753944421912,91.67267846490982,0.21754693995083454,51.520276387532554,3.593258697133741,9
way/44643106,,primary,,26.158192748903726,91.68130108180229,1.5135471820733244,51.76514266087459,1.2274653672165072,52
way/44643131,,primary,,26.158304353785848,91.68108270326464,1.491348599137081,51.57871358534869,1.0572095134639423,51
way/44643152,,primary,Assam Trunk Road Flyover,26.158978190454413,91.6913511366178,0.4836800129678239,53.46213743421767,1.0684757427050358,18
way/44643275,NH27,trunk,,26.113173523013675,91.73209664095323,1.3046381088901746,51.40985921223958,1.0787954572425957,45
way/44643283,NH27,trunk,,26.115683949999998,91.71937975,0.03703542075765754,50.42437998453776,0.9754427652390081,3
way/44643353,NH27,trunk,NH37,26.118471045735106,91.81751242993548,0.29277741928290985,69.464487249201,4.2720966556143285,11
way/44643354,NH27,trunk,,26.111747794911558,91.74547787974903,0.7005515390491512,56.70410385131836,1.1205309973687831,25
way/44643380,,primary,,26.119661186090195,91.82235692718781,0.1771431055746415,67.31986563546317,3.4879166788362763,7
way/44643397,,tertiary,,26.1189637803003,91.82060448097808,0.33685380173011314,69.2617319547213,5.532827390350234,13
way/44643404,,trunk_link,,26.11964539997617,91.82460140653724,0.10677676099966148,68.17780303955078,0.6815365689014227,5
way/44644201,,tertiary,,26.121164943341995,91.81679315842834,0.6235324276171924,65.37625139409846,1.6628487751411474,22
way/44644259,,tertiary,Ganesh Nager Road,26.092391381334977,91.79410068019091,1.9989919807971255,67.76893793741861,1.695254638462881,60
way/44644278,,tertiary,,26.10191315,91.79747635000001,0.02062659831943319,66.66869354248047,0.0,2
way/44644279,,tertiary,,26.099748461394302,91.80078759650897,0.32989647375489534,65.9932181040446,2.027280265274576,12
way/44644280,,tertiary,,26.1020673,91.7972446,0.03708762122862196,68.3057149251302,6.860713270680973,3
way/44644341,,tertiary,pilingkata road,26.106224505322828,91.80136707545296,1.0407581521331515,63.52456908755832,1.8584019377605825,36
way/44644363,,tertiary,patarkuchi road,26.108630812702874,91.80681221444374,2.113621546451932,65.90242570241293,1.8221471099858146,60
way/44644445,,tertiary,Pir Azan Fakir Road,26.12313936210138,91.80222483429137,0.5909992794300443,58.880265008835565,1.3307807669290221,21
way/44644447,,tertiary,,26.123541991368647,91.79899936077564,0.060295214676035234,60.55893135070801,4.269106992937129,4
way/44644449,,tertiary,,26.12342052645026,91.79958779150266,0.164024303984047,59.942486899239675,1.4603073392227828,7
way/44644556,,primary,Kalaguru Bishnuprasad Rabha Flyover,26.149718062379904,91.78527651835383,0.6538612062621554,56.96094695381496,3.672591356010466,23
way/44644560,,primary,G.S. Road,26.16284285,91.77092475,0.053542105535519205,52.7605349222819,4.4591944279602815,3
way/44644633,,secondary,Lokhra-Lalganesh Road,26.137603684496366,91.73904685572091,4.972632368645221,55.01284249623617,1.0511378539619871,60
way/44645090,,tertiary,,26.248113876789517,91.78232980222491,0.06219928153372878,52.83497905731201,14.732927635805988,4
way/44645091,,tertiary,,26.247991300000002,91.7829322,0.06145796662677033,48.68243980407715,7.114288017740552,4
way/44645092,,tertiary,,26.240420109149053,91.81670775452218,7.14876924348648,54.92482827504476,1.1874340180876626,60
way/44645149,,tertiary,,26.248340049399435,91.76797330269865,2.8565934487451266,52.73900369008382,1.524979686664386,60
way/44645516,,tertiary,,26.243327649999998,91.75099775000001,0.03191728118820559,50.80712763468424,1.4292415883424012,3
way/44645517,,tertiary,,26.238371280694416,91.74497017715163,1.6619008586571595,55.20792669998972,5.22422521907882,57
way/44645518,,tertiary,,26.243805880746905,91.75277592628468,0.3438943842209373,51.85195570725661,3.294346106071568,13
way/44645573,,secondary,,26.288668391826604,91.7554744985472,17.986347722588516,40.52232233683268,0.7283211822122966,60
way/44645880,,tertiary,,26.223366774704285,91.71711599501654,2.0973853461532097,55.3585402170817,2.966356155793845,60
way/44768595,,primary,,26.124700993979854,91.8167229035044,1.6132029140746436,63.45832290649414,1.9973947778813,55
way/44768597,,primary,Kalaguru Bishnuprasad Rabha Flyover,26.149735322937133,91.78535148377547,0.6589600437634884,56.3265730816385,2.2288993105223827,23
way/44768600,,primary,,26.124684312453688,91.81653242222538,1.5864849127332674,63.53254374751338,1.842870615421053,54
way/44892570,NH17,trunk,,26.11814463797381,91.61463826216598,4.013911710633123,50.050137201944985,0.6778781821268743,60
way/44892580,NH17,trunk,,26.147064368016846,91.6465699623306,2.112667485867105,51.39269371032715,1.637764979373759,60
way/44898808,,tertiary,Pandu Kamakhya Road,26.169556115224434,91.69925085732652,3.0479313115562316,130.72750930786134,6.5103676188832695,60
way/44898849,,tertiary,Pandu Road,26.165379869068328,91.68933025832648,1.5676436625804333,56.313540917855725,1.3497485499772197,54
way/51188426,,primary_link,,26.179131050000002,91.81819205,0.05426183204588566,64.1896743774414,3.6040003830193124,3
way/51188427,,primary_link,,26.179126,91.81780175,0.03639976295103607,65.1526362101237,1.741950192036637,3
way/51188429,,primary,Noonmati Flyover,26.180353862456144,91.81688085438867,0.30459725123567943,59.26596641540527,1.6185209982197173,12
way/51188437,,secondary,B. Baruah Road,26.184333579148678,91.7567371277615,0.06588023498974493,55.75056266784668,1.8841866845615332,4
way/51188438,,primary,Maniram Dewan Road,26.183542430296878,91.78478733746323,3.7600797728491124,58.743432680765785,1.1048136618057673,60
way/51188439,,primary,,26.179085290450622,91.81798281518573,0.032846599807522234,65.38647715250652,0.27756557290839245,3
way/51188447,,primary,,26.18073329408371,91.74925005812051,0.3234851700251051,56.40875816345215,2.861661843550418,12
way/51188915,,secondary,,26.158419499161006,91.73617845866174,0.5260554944112779,55.196579581812806,1.9084804176551577,19
way/51188916,,tertiary,,26.148898315524747,91.73250914868194,0.7198894152644008,52.191667022705076,1.1894325609624534,25
way/51188917,,secondary,,26.133637890626698,91.7226506893587,6.026576786814184,55.463823000590004,0.7632535485500296,60
way/51188919,,secondary,Stadium Overbridge,26.18244466006767,91.75596897807904,0.36011761473918424,55.030944551740376,3.3473346716873014,14
way/51188920,,secondary,B. Baruah Road,26.177958997059772,91.75690985580049,0.6175836757447762,55.92192320390181,2.9952664199442816,22
way/51188921,,primary,,26.178779231164395,91.74857988220738,0.4397986118139213,55.35983657836914,2.888837624026415,16
way/51188922,,secondary,,26.16122693049834,91.74350064647328,0.71382204344628,54.56702239990234,3.004783107447882,25
way/51188926,,primary,,26.181194912220317,91.74578265457549,0.13401603733301504,56.05444145202637,2.1121290606903784,6
way/51188929,,tertiary,Hem Baruah Road,26.18494788395747,91.7408190981376,0.3797289555015152,61.18790544782366,0.9760558087207196,14
way/51188930,,tertiary,Ananda Ram Baruah Road,26.187392686000713,91.74621814542732,0.4078240141831278,58.19293390909831,3.7138837132969122,15
way/51188932,,tertiary,Motilal Nehru Road,26.1856990811369,91.74432530319515,0.594649336509592,59.17928459530785,3.2304041188856383,21
way/51188934,,tertiary,,26.18697990746036,91.74871445862436,0.2453057515135184,56.71595840454101,2.497186175581409,10
way/51189484,,tertiary,F.C. Road,26.19080434398239,91.75483934704435,0.4419569467343539,59.386667013168335,2.28733914641001,16
way/51189492,,tertiary,,26.16304379586513,91.74148713349673,0.9676450159151577,53.13543510437012,1.5488622427173102,34
way/51189498,,secondary,,26.163021163492907,91.73564007533007,1.1184351898528548,54.84617653871194,1.692375953710354,39
way/51252535,,secondary,,26.12313495,91.748469,0.02348258733833425,52.92917060852051,3.959060274532216,2
way/51252536,,secondary,Lokhra Road,26.111621646047634,91.74956614312609,0.013394200288524918,58.28240966796875,1.299013541596346,2
way/51252537,,tertiary,Dakhingaon Road,26.128935882217153,91.75851419028574,3.1695115444906388,58.47982718149821,1.7522085379200116,60
way/51252624,,secondary,Bhetapara Rd,26.114258200184757,91.78775104620064,0.6474575232622641,59.662243552829906,1.2822427601104769,23
way/51252625,,secondary,,26.11989105872692,91.78722105433253,0.6707601028450564,58.81124416987101,1.8928699587312539,24
way/51252626,,secondary,,26.12304495,91.78699685000001,0.027252038701058034,57.61172866821289,0.0,2
way/51252627,,secondary,Kahilipara Road,26.144393992159582,91.77052399249193,3.3147562068522785,60.40472628275553,1.3865159803590321,60
way/51252628,,tertiary,,26.146742396206943,91.75069306050202,2.0467042734045124,75.45266596476237,3.417446451241305,60
way/51252630,,secondary,Dr. RP Road,26.132556252586152,91.78594383639312,2.0911899633416042,56.50755545298259,1.4231504211561794,60
way/53216589,SH3,primary,,26.234392586562187,92.09118498442712,3.0662479577347503,55.99262097676595,1.7144169959234705,60
way/53216590,SH3B,primary,Chamata Mayang Road,26.16830140598724,92.02999995708622,8.20203089094899,60.98175328572591,1.1440506422586054,60
way/53216599,SH3B,primary,Chamata Mayang Road,26.20126265,92.02153135,0.13679397406681149,52.10382334391276,7.640351947705985,6
way/53216601,SH3B,primary,Chamata Mayang Road,26.21210201634278,92.0273202570009,2.762464984701596,56.719939549764,1.9057869509685055,60
way/53217184,,tertiary,,26.1049583818551,91.58980855728382,0.5511567744143384,49.87962646484375,1.3743020735283373,20
way/98720786,,primary,G.N.B Road,26.185168481723174,91.76161388134648,0.9213938970426692,56.44224011898041,1.72456697801161,32
way/98720787,,primary,M.G. Road,26.180375904561817,91.7359164326268,1.938853620611311,56.33271547953288,2.896577003014567,60
way/114812763,,primary,Bishnu Ram Mehdi Flyover,26.17568701454682,91.7563736209242,0.2585878115445511,57.08393592834473,5.5844206193395225,10
way/114812766,,tertiary,,26.174084827946682,91.73371550957853,0.5613322991017735,55.406948471069335,2.570024391943589,20
way/114812768,,tertiary,,26.17422207278803,91.75857713038516,0.28018058646854105,56.22195399891246,3.6764810630040032,11
way/114812771,,tertiary,,26.175762527763716,91.73877572215375,0.5204798956881782,56.52623809011359,3.9827405797555895,19
way/114812788,,primary,,26.1820589,91.74567535,0.05926377637103798,57.149828592936196,2.2129834394446926,3
way/114812790,,tertiary,,26.170351268245817,91.68377414774906,0.7365840437522271,53.68298163780799,1.771169924407383,26
way/114812791,,primary,Maligaon Flyover,26.15986291491626,91.70548555999262,2.3250398976365894,62.46640148162842,1.9219503449518955,60
way/120130506,,tertiary,Kalaguru Bishnu Rabha Path / Hockey Stadium Rd,26.120647530890373,91.77640230157616,2.2207460426612182,56.290913073221844,1.3220504490648213,60
way/120130535,,tertiary,Bishnu Rabha Path,26.120970589667216,91.79419438158682,1.058463654217405,60.473835816254486,2.523076234008012,37
way/120487460,,tertiary,Jayanagar Road,26.121082786341688,91.80579782981992,1.5551877298017978,59.53777860245615,1.2051769874562828,53
way/121380522,,tertiary_link,,26.122897799999997,91.80405999999999,0.009311665604265405,59.63397216796875,15.279267487751206,2
way/122008081,,secondary,Zoo Road Flyover,26.16871899681608,91.77873339353134,1.97158179596826,53.71350727081299,1.858473551260389,60
way/122008093,,tertiary,Railway Colony Road,26.178222043828953,91.7843322401834,1.248948740037549,57.41117078204488,1.754343969133794,43
way/122008098,,tertiary,,26.129077516243303,91.77846276490867,1.6313436457304091,56.31828110558646,2.141853404006915,56
way/122008106,,tertiary,,26.155555293015617,91.77699278864765,2.3897755129235034,58.96162357330322,2.2979230346368853,60
way/122008126,,secondary,Guwahati Medical College Road,26.16320855,91.76761425000001,0.008308855646798511,55.273223876953125,4.612672990999478,2
way/122009488,,tertiary,,26.187985357524312,91.80151831792035,1.049774612189805,68.33274534013536,2.9804276351832413,36
way/122026615,,tertiary,,26.131059521325867,91.69407043676185,3.2728291741613433,65.18730659484864,2.6312811977803583,60
way/122026617,,tertiary,,26.154013640970607,91.6919533626023,1.4335871292492193,51.336760151142975,1.1730924785916963,49
way/122026632,,tertiary,,26.153907784151468,91.70353769305787,0.20174392130513835,54.98126268386841,2.1733674800188454,8
way/122026634,,tertiary,,26.157755643096195,91.7018664980196,0.3461808463855565,58.176473764272835,2.6597835279163737,13
way/122026653,,tertiary,,26.151256068269902,91.70017504804525,0.8701874494742872,53.65135020594443,1.4495407247197651,31
way/122026677,,tertiary,,26.154746975833895,91.69649822769217,0.9471636151367147,54.11223278623639,2.174230337112608,33
way/122026680,,tertiary,,26.142262461447114,91.68121952163689,1.9746042841854319,55.192831166585286,2.359689613518855,60
way/122026724,,tertiary,,26.14853501186356,91.68762479126379,0.3884229948773429,52.55818830217634,2.1920101280853164,14
way/122026748,,tertiary,,26.155956306841457,91.70370473078877,0.4020315806345869,55.38452962239583,1.0202159018653167,15
way/122026781,,tertiary,,26.15026944328588,91.6957987601892,0.11477752229924931,52.927693939208986,0.8938179883126477,5
way/122027964,,tertiary,Ariz Path,26.18623211437943,91.75695755325705,0.23140121530143312,53.65289772881402,1.5773021001933323,9
way/122027969,,tertiary,CK Agarwala Road,26.187113719022097,91.75568930959369,0.19261603065180538,55.2513861656189,1.7430222462022953,8
way/122027972,,primary,,26.188999302310606,91.75013879855445,0.13727648216547708,58.967515309651695,9.864057597887536,6
way/122030738,,tertiary,,26.12038654697553,91.78792660287654,0.15085580725289546,58.91712461199079,0.8917673767472141,7
way/122030739,,tertiary,Hengerabari Rd,26.14933021741674,91.78788990178145,0.2663432749663784,56.449799346923825,2.6736321028065286,10
way/122030746,,tertiary,,26.15001165,91.78910239999999,0.02060712779838505,54.80912399291992,1.5800701711314094,2
way/122030750,,tertiary,,26.12044835,91.7888968,0.019983386361323602,58.43450927734375,0.0,2
way/122030754,,primary_link,,26.150761757064917,91.78404242826578,0.3529246057330885,56.424175849327675,2.887781152792737,13
way/122030766,,tertiary,,26.163278786975457,91.75218786687692,0.9838822847113222,53.67237180822036,2.121476277195518,34
way/122030770,,tertiary,Hengerabari Road,26.15093625588708,91.79084991893345,0.3857700448603373,55.97285079956055,2.887318781525525,14
way/122031554,,secondary,Lal Ganesh Road,26.139408690803744,91.74986015008598,1.779370626710252,57.0528450012207,1.3890798852544337,60
way/123891692,,tertiary,,26.120302602160983,91.6011331000202,4.200164354107163,48.86323719024658,0.6861653816267601,60
way/123891693,,tertiary,,26.18751532095367,91.56176083383815,2.802569006719032,49.87261486053467,1.4612926823003654,60
way/123891695,,tertiary,,26.12163358335762,91.68959716820332,1.500736179622329,53.651831773611214,1.7361454779314476,52
way/123891706,,secondary,,26.20358194135057,91.73635774523072,1.464897077914289,56.67269279479981,2.317851728523618,50
way/123891708,,secondary,,26.1331237697983,91.57391817417856,6.9419234542500154,50.55260779062907,0.6268289509097256,60
way/123891709,,tertiary,,26.21297557572841,91.7290178,2.974340067702812,55.43887526194255,1.9187970053839505,60
way/123891716,,tertiary,,26.108504577343847,91.60622736404645,2.391972744912998,51.50902061462402,1.2978002656283099,60
way/129101834,,tertiary,,26.183509164909164,91.74701444596907,0.1867975158206148,54.46450328826904,1.5500257035095275,8
way/135461184,,trunk_link,,26.157491575575946,91.6739027215671,0.03914912390598501,51.09007263183594,1.7910757721329906,3
way/144197013,,tertiary,Lamb Road,26.187987432768086,91.75444834193215,0.6320165996337153,56.18608043504798,1.6325610190223578,23
way/144197014,,tertiary,Bhuban Road,26.191330774181296,91.75305396880913,0.7045856114528799,59.32707138061524,2.11316070589138,25
way/144357674,,primary,Tayabulla Road,26.18767374143265,91.75197098215087,0.4630741470489124,56.57449946683996,3.290866515093275,17
way/157584895,,primary,,26.18301068354024,91.7455239171954,0.14921239917813234,56.20013745625814,3.081943232044609,6
way/157584897,,primary,,26.189412602226106,91.75017994210131,0.027946827010123833,60.531599044799805,2.0528229922667207,2
way/157584898,,primary,,26.183572404815084,91.73803715229106,1.2179611215616875,56.40361940293085,3.1522167561258096,42
way/157586072,,tertiary,,26.165774601224744,91.71364347562118,2.694986999468911,141.29782638549804,6.678279316482053,60
way/157587544,,tertiary,,26.178340714972244,91.74033095891846,0.533543198964486,56.601612291837995,4.559708127748916,19
way/157587547,,secondary,,26.16827713869992,91.7511269154532,0.8147931396996746,54.014471251389075,1.512981968415859,29
way/157587548,,tertiary,,26.179071676166803,91.73668624701202,0.5671069858886879,55.71842880249024,2.8014774623155576,20
way/157587549,,tertiary,,26.18207233769149,91.74312965089317,0.532542806362322,59.31508014076635,3.7435096420906038,19
way/158014340,,secondary,,26.000998500450414,91.54145022738474,12.692361171097428,78.81156260172526,2.010753849032044,60
way/158014341,,secondary,Dharapur-Palashbari Road,26.138315290474715,91.61752900824457,2.1264896203340062,51.466421381632486,1.6982551161265114,60
way/221491270,,tertiary,,26.23732142478886,91.66623115638748,3.5053996638490252,53.16152432759603,1.5308040806533323,60
way/222980003,,tertiary,Beltola College Road,26.116143503034152,91.79450891336748,0.8194578685342447,61.55429524388806,2.63398340791485,29
way/224011410,NH27,trunk,,26.120342984565337,91.69275435767891,2.183150555873081,52.16317272186279,1.4851049378962988,60
way/224011411,NH27,trunk,,26.11129635420824,91.7619101962934,0.7355391071950508,57.12207163297213,1.177034436342114,26
way/224011412,NH27,trunk,Basistha Chariali Flyover,26.112609043891016,91.80014370608332,1.4462440381211858,61.97393165588379,1.6575524187263613,50
way/224011413,NH27,trunk,,26.115555999999998,91.719367,0.03777571896679177,50.61631774902344,1.8275699940579404,3
way/224011414,NH27,trunk,,26.11143845,91.791498,0.04674525333142701,60.90538533528646,0.7581068024823984,3
way/224011415,NH27,trunk,,26.1115474,91.79150065,0.046853755314864756,61.25620651245117,0.06984676415822676,3
way/224011416,NH27,trunk,,26.13792280350339,91.67441332065715,4.00535909299358,50.715960311889646,0.7180946394480318,60
way/224011418,NH27,trunk,Flyover,26.115673658950794,91.70912858431504,1.1313348834472878,52.16210233248197,1.624650472858428,39
way/224011420,,tertiary,,26.126884231386867,91.67911794924684,0.953659435648398,51.81104475079161,1.4628350350336117,33
way/224011421,,tertiary,,26.11172725,91.79144905000001,0.03196443615027184,61.25620651245117,0.102381772443187,3
way/224011422,,trunk_link,,26.11562578976745,91.72016560020171,0.08225561792045903,51.35078430175781,1.178795671651322,4
way/224011423,,trunk_link,,26.11438790162998,91.72631625100966,0.0645438489306254,50.85958957672119,1.3116107175273382,4
way/224011425,,tertiary,,26.11208766461256,91.74045293162418,0.3933770275625851,55.94444096883138,2.416331976917809,15
way/224011427,,tertiary,,26.108007140409708,91.71972000020683,1.6330654020625122,51.746247972760884,1.061530710430544,56
way/224011428,,tertiary,,26.114792767597454,91.72483496975433,1.0750796705457013,51.37747522302576,1.0490274235406072,37
way/224011429,,tertiary,,26.14595612048695,91.67756345231305,2.209329290645437,50.51380449930827,1.4046747724669395,60
way/224013298,SH3,primary,,26.252364353663555,92.06826002082587,3.2665950835343596,55.4884152730306,1.6884080403408663,60
way/224013299,SH3,primary,,26.23394308179849,91.91586952075633,10.690702756102592,59.11411247253418,1.3662218246292148,60
way/224013300,SH3,primary,,26.244021679703824,91.9577432132408,0.24795049024795196,50.314665985107425,4.744815924373278,10
way/226284064,NH6,trunk,,26.041989,91.867562,0.11755995597109475,59.48621520996094,7.670890560996303,5
way/226284066,,tertiary,,26.027888195351412,91.84670098310964,6.70243031135886,74.09758154551189,3.223183281322492,60
way/227894212,SH9,primary,,26.285870910800675,91.50516313231476,0.8752087574909853,48.25480233469317,1.9462919644896493,31
way/228275670,,tertiary,,26.284149047268265,91.68150039146036,2.689231293232508,52.10753974914551,1.3524175437573849,60
way/228275680,,tertiary,,26.267305597006487,91.67987864231853,4.297187230366031,51.36932163238525,1.006187550545704,60
way/228549920,NH427,trunk,,26.23100823719399,91.60445648739336,4.87632025191976,51.032891782124835,1.08028564281475,60
way/228880401,NH17,trunk,,26.093057224204138,91.4912633370282,5.094145956410098,15.237433052062988,0.6309579753047073,60
way/228880405,,tertiary,,26.05375828367921,91.55753551115436,6.645066275508271,51.545948092142744,0.6360059191629347,60
way/228880406,,tertiary,,26.069958126874038,91.56129303081298,0.30728895520328997,48.22237173716227,1.1654189075982906,12
way/253663171,NH427,trunk,,26.24531415,91.5877842,0.07663764846399765,47.876155853271484,9.048934162301343,4
way/253663174,NH427,trunk,,26.265269500000002,91.5152756,0.09509777285372546,45.889697265625,3.526496888927168,5
way/253663184,NH427,trunk,,26.25402793675845,91.54602215597775,8.844733720941777,50.922913487752275,0.6512439403866339,60
way/261074438,,tertiary,fatashil ambari road,26.168220894207987,91.73676497236238,1.062207754632188,54.54853593980944,2.664446931270151,37
way/261074442,,tertiary,ASEB Road,26.16760068108446,91.7596563087949,1.2023835032480226,53.263793763660246,2.130401562465849,42
way/261074444,,tertiary,,26.1634880909462,91.68459023822604,1.1221585160365175,52.17067170754457,1.5682342183377105,39
way/261074445,,tertiary,,26.17097413219426,91.74111932198525,1.198863604515124,54.75782310671923,2.9645975463222216,41
way/261074446,,tertiary,,26.17776909205396,91.74104651890347,0.11869781931093666,57.45746002197266,2.294048001489553,5
way/261074447,,tertiary,,26.170378832484335,91.73121138321817,0.6159405992177408,55.94838107715953,4.914133113881244,22
way/261074449,,tertiary,,26.18453315938648,91.7495444832888,0.32167162583805503,54.93976624806722,1.7005694654447616,12
way/261074451,,tertiary,,26.168387886204595,91.67716237074977,1.0499222742273349,53.516516261630585,1.649700687252409,36
way/261074453,,tertiary,,26.128318662296582,91.7793885297401,0.7364371199703905,55.60115931584285,1.5777732861635791,26
way/261074454,,tertiary,A T Road,26.178797733358106,91.74331162877036,0.617514778544142,57.35939112576571,4.213235568828845,22
way/261074456,,tertiary,,26.18270815,91.7475938,0.08559946007135712,53.52779960632324,0.9189007324017506,4
way/261078158,,tertiary,,26.19219328037111,91.78516788422381,1.5736311929885927,82.43301391601562,4.014428564269305,54
way/262982732,,secondary,Rajgarh Road,26.176793738662013,91.77338731079104,0.7564790265635811,54.78194498132776,1.6705493771055149,27
way/262982735,,secondary,Rajgarh Link Road,26.180050776994474,91.77484168771495,0.1393310957002435,57.6797784169515,3.1441570938914647,6
way/262982742,,secondary,Radha Gobinda Baruah Road,26.185198690233264,91.77489997780332,0.13206292774571857,59.58429463704427,2.964145636487366,6
way/284799028,NH427,trunk,,26.21466218484594,91.63508243085136,3.2108244106786774,51.87172304789225,1.2061751694829759,60
way/284799029,NH427,trunk,,26.269360587427094,91.51300441494502,1.0093698339046755,51.20824770246233,2.617837429543921,35
way/284799032,SH41,primary,,26.238563780658055,91.5312704299693,1.3368143367646739,52.65045812855596,1.6629455955282761,46
way/289680936,,tertiary,Ajanta Path,26.129365545277913,91.79088450418479,0.9017350606926523,58.61822819709778,1.9281029160618088,32
way/324171520,,tertiary,Kamarpur Bhaktagaon Road,26.212569591644865,92.05033965690107,4.976745384602572,55.1810936609904,1.314263900012464,60
way/324171522,,tertiary,,26.227828525768956,92.10477160243954,0.9517732838150189,58.265084931344695,1.5286360522322888,33
way/324171524,SH3,primary,,26.204797976196446,92.19974924890303,6.884332147499921,30.763068135579427,0.8447720751007685,60
way/367630023,,secondary,Chandmari Railway Flyover,26.18290791948907,91.77545219989301,0.42518885665615114,57.426427602767944,2.305009701010604,16
way/386384620,NH27,trunk,,26.190006149575343,91.67104970525817,0.05482040292570516,50.91517893473307,0.2571092491987252,3
way/386384629,NH27,trunk,,26.20992216012112,91.68863785688092,7.020431738820321,54.859760475158694,1.146642745431687,60
way/386384631,NH27,trunk,,26.23542997445144,91.68874601436104,0.1421305183119335,53.850613276163735,1.8694819683043966,6
way/386384633,NH27,trunk,,26.262900152432035,91.69668565243204,6.223401828023339,51.41246662139893,0.6259983665282053,60
way/386384634,NH27,trunk,,26.26290323709291,91.69656856352142,6.226135062826881,51.065310859680174,0.6114800847812872,60
way/386384636,NH27,trunk,,26.20940439363655,91.6881477227237,7.190272192066866,53.78900140126546,0.5220335753209927,60
way/386384637,NH27,trunk,,26.186585196504744,91.67133922536182,0.7097148699727035,55.512037200927736,1.273978968277455,25
way/386390124,NH27,trunk,,26.125453882573954,92.22642852644684,11.81177638119496,16.117401568094888,0.35205010860091407,60
way/386390125,NH27,trunk,,26.125385192208576,92.22622083722983,11.727537950009152,16.125915908813475,0.34708166280483443,60
way/386390129,NH27,trunk,NH37,26.11847642116578,91.98167390355748,0.7503292510534717,58.32543464943215,2.027735883379905,27
way/386390130,NH27,trunk,NH37,26.118872326188086,91.9818423205894,0.7176121112897288,59.18977874755859,1.6803893784097612,25
way/386390131,NH27,trunk,Khanapara Flyover,26.11978170329631,91.82483176042838,0.10163116399599607,68.41757507324219,0.42215956706610464,5
way/386390132,NH27,trunk,NH37,26.11906465,91.98598344999999,0.15903330272624341,54.76105063302176,3.4086649183874673,7
way/386390133,NH27,trunk,,26.11928015,91.98602034999999,0.15763782054817896,56.82537405831473,5.829510937975825,7
way/386390134,NH27,trunk,NH37,26.120187,91.97796765,0.17485917460597591,54.61467470441546,4.149897183004431,7
way/386390135,NH27,trunk,NH37,26.120297100000002,91.97819365000001,0.17309064329297036,55.74768556867327,5.293011692798895,7
way/386390136,NH27,trunk,NH37,26.105388310176185,91.85598805866557,4.64967236665302,119.979576365153,1.6027107828496574,60
way/386390138,NH27,trunk,Khanapara Flyover,26.11928803871739,91.82182248124363,0.5151788338471207,68.79821215177837,2.3360060528624134,19
way/386390139,NH27,trunk,NH37,26.09945075358778,91.8760711697198,0.1372858819279105,80.98188654581706,1.084561145809634,6
way/386390140,NH27,trunk,NH37,26.11953716582205,91.89753487852482,8.324516685760162,88.11288553873698,1.3250498417135017,60
way/386390141,NH27,trunk,Khanapara Flyover,26.11935915835978,91.8218002803086,0.5153301984405143,67.73866492823551,2.397723938049873,19
way/386390142,NH27,trunk,NH37,26.12318217132055,92.04022750671525,7.437338918483469,59.37228927612305,0.6736950173274047,60
way/386390143,NH27,trunk,,26.12329555749819,92.04017417975952,7.447588065427018,59.446655082702634,0.6581524772402874,60
way/386390144,,trunk_link,,26.09970671595262,91.87529583608806,0.22224298877563847,85.28617011176215,8.643337269710635,9
way/386390145,,trunk_link,,26.11972992368409,91.82335225389001,0.15506506722374794,68.41311645507812,2.2555522719603265,7
way/386390146,,trunk_link,,26.11868185,91.81802594999999,0.007846604897248567,67.5541763305664,0.0,2
way/387479829,NH6,trunk,,26.04925692899929,91.87083606078124,1.521034798994927,66.31791598980243,1.8922068045389533,52
way/393657586,,primary,Assam Trunk Rd,26.167462031499927,91.7201512292558,1.0582237201240627,58.12615121377481,2.355185492223086,37
way/395997750,NH27,trunk,NH37,26.10531308218864,91.85630376523014,4.719765090491797,119.6871576944987,2.0310334154270118,60
way/395997751,NH27,trunk,NH37,26.09967895738497,91.87755330857209,0.16807959579454013,80.53048488071987,1.36619778222408,7
way/395997752,,trunk_link,,26.099636280367864,91.878063461345,0.2506650772872224,82.08486251831054,2.0597951694570993,10
way/405840603,,secondary,VIP Road,26.14023215701703,91.811506772701,2.0536987894575147,55.61434237162272,1.477968121609911,60
way/405840604,,secondary,VIP Road,26.159895901150225,91.81932055006678,4.949520849420263,59.47136058807373,1.1359462459178444,60
way/405840605,,primary_link,Mahapurush Srimanta Sankardeva Path,26.1314364668119,91.80798451355199,0.6927655887572162,58.530543365478515,2.86681268503621,25
way/405840606,,secondary,,26.13242270938136,91.80992657231916,0.41378032690771094,58.24669621785482,2.5331417400641585,15
way/405840607,,secondary,Panjabari Flyover,26.132434449999998,91.8118158,0.02682962290367291,56.70448684692383,0.7497397306092285,2
way/405840610,,secondary,Panjabari Road,26.133465792285676,91.8228654970553,2.206015245985302,59.9780553817749,1.2855842291553838,60
way/405841129,,tertiary,,26.27454842822093,91.57799152767434,6.308406220064071,51.708688481648764,1.1024363497512768,60
way/407995792,,secondary,Panjabari Flyover,26.131554386352768,91.80820142139677,0.023492970860722984,61.120941162109375,4.904664983130424,2
way/407995793,,secondary,Panjabari Flyover,26.132367281422876,91.80996697785191,0.347372156675843,58.00948509803185,2.8021844648483505,13
way/421591810,,secondary,,26.144845439746458,91.83814472522221,2.7065659852602377,59.90837497711182,2.6421691806672527,60
way/421591816,,primary_link,Mahapurush Srimanta Sankardeva Path,26.130576167099804,91.80937201762497,0.35780966888859866,59.51624503502479,2.9116857761956214,13
way/421591821,,primary,Sixmile Flyover,26.131102337027336,91.8086173590803,0.48999791303523194,59.13323868645562,2.192192748361031,18
way/421591822,,primary,Sixmile Flyover,26.131050567317615,91.80857614033685,0.49197483064684533,58.98792987399631,2.733692120401004,18
way/421591826,,primary,Mahapurush Srimanta Sankardeva Path,26.136941287538853,91.80112028096084,1.145092418888654,56.44144821166992,1.4952707539512322,40
way/431216810,NH17,trunk,,26.158573705261574,91.66210007676675,1.979652417028074,50.09995492299398,0.820165109340754,60
way/431216811,NH17,trunk,,26.158593184716008,91.6618624855307,2.0385099629072703,50.21346238454183,0.8223198090669578,60
way/431220703,NH17,trunk,,26.146135545615056,91.64593137230825,2.363999243134531,51.93992773691813,1.9634331539879808,60
way/431223046,NH17,trunk,,26.11330054381757,91.614019594157,5.00404465542885,49.97117919921875,0.49919447374600484,60
way/431237222,NH17,trunk,,26.097949183631243,91.60787644123114,1.071419367017102,49.86598318976325,0.8089794572205578,37
way/431237223,NH17,trunk,,26.09838069976542,91.59451965352858,0.20309161803950956,49.61219072341919,0.8485285437276403,8
way/431237224,NH17,trunk,,26.09809225,91.5934182,0.026883659606870714,48.398271560668945,1.5738215192481861,2
way/431237225,NH17,trunk,,26.100089717223586,91.59917608483627,0.7530333443738314,51.217841113055194,1.2067406223280488,27
way/431237227,,tertiary,,26.101377497388864,91.59622470488205,0.6702701892354272,51.1315811475118,1.5636310048358024,24
way/431237228,NH17,trunk,,26.087457744802727,91.58310973738729,3.1677992314388144,51.62733929951985,1.5277937925074432,60
way/444994314,,tertiary,,26.174461233528344,91.50288956218887,7.275854943392171,28.07069625854492,0.7972231109070825,60
way/444994319,,tertiary,,26.166013931002933,91.55553493150695,3.905086669779876,51.73097216288249,1.1168681463434011,60
way/444994321,,tertiary,,26.228779316742482,91.49891240295014,1.0001343165835102,9.133411407470703,4.252828251400968,35
way/444994345,,tertiary,,26.209124826154184,91.53655158549167,1.4537805015347083,49.99603302001953,2.080137751944553,50
way/459339984,NH17,trunk,,26.098731649999998,91.5955866,0.024159490560216334,50.36665344238281,0.8375653537075682,2
way/459339985,NH17,trunk,,26.099975181650002,91.59961821954805,0.8494954491756735,50.82867113749186,0.7690352934689462,30
way/461940997,,secondary,,26.21135554803105,91.73921680214926,1.322986713227378,55.410330813864,2.440250353583798,46
way/461949860,,primary,G.N.B Road,26.185213039167895,91.75483491876533,0.360056730945102,54.87631498064314,2.241854334008975,14
way/461949861,,primary,,26.18494903166379,91.75663922099334,0.13241084227382724,54.0389035542806,1.8689471712490047,6
way/461949945,,tertiary,,26.183147930490307,91.74895795103279,0.21705209972527467,53.68857913547092,1.4421766606690958,9
way/461952487,,tertiary,,26.264046079476035,91.75789026315191,6.605449794701491,57.45600121815999,2.115810653133336,60
way/462641354,,tertiary,,26.12295639076667,92.1991533550346,0.5866338213283285,39.930961427234465,4.216737473165616,21
way/462641357,,tertiary,,26.133669428105,92.18818031951226,2.125227517922793,54.50644416809082,1.075887779307598,60
way/462641358,,tertiary,,26.153533823130484,92.17593547469463,3.012932756085393,54.61383768717448,1.6428965478980821,60
way/479206974,,tertiary,Embankment Rd,26.12703105859346,91.77137827795272,1.649707313663548,53.58956561769758,1.1462269271827532,56
way/495383873,,tertiary,,25.903574010132065,91.88337565066632,1.4598602370376608,462.3708227539062,7.181952612452059,50
way/495440595,,secondary,,25.908953416667156,91.88097948439592,0.7091140088026998,566.5386083984375,7.768669390067359,25
way/497502697,,tertiary,,26.115901803761453,91.78874078203282,0.4069670968311673,60.36321029663086,1.2445286178094712,15
way/497502701,,tertiary,,26.114713398160905,91.79014103681351,0.20309041425323954,60.65440368652344,1.9670190054223813,8
way/497502704,,tertiary,,26.1150978,91.79113029999999,0.01373854567766042,59.04850387573242,0.0,2
way/497502726,,tertiary,GMC Link Road,26.150444140793986,91.76898011979128,2.183545111322797,121.38055470784505,4.849676483506984,60
way/497520981,,secondary,,26.173321970326537,91.73616260453825,1.1845120151362756,55.53138286311452,2.792136112757613,41
way/497520982,,secondary,,26.167818150000002,91.73666324999999,0.030677910313962227,54.889078776041664,6.832507112318349,3
way/497520984,,tertiary,,26.168737669894178,91.74205264504941,0.24483486810143443,52.367453002929686,1.8931301673557048,10
way/497520985,,tertiary,,26.1675287,91.7419888,0.021949857529471394,52.5888557434082,0.0,2
way/497520988,,primary,,26.175105029020486,91.74975296354253,0.7974515263725089,54.91613347189767,2.5664032688217637,28
way/497520989,,primary,,26.1685874,91.7464935,0.022459980326796105,52.909738540649414,3.8931665785901797,2
way/497520990,,tertiary,,26.16808095,91.7523673,0.014192340224502756,53.83067321777344,4.198655061087529,2
way/497520991,,tertiary,,26.167887399999998,91.75234885,0.028958261981475334,54.54766273498535,4.886772529873894,2
way/497524496,,tertiary_link,,26.1231917,91.8016222,0.006847866550388291,59.11598777770996,11.13936725926064,2
way/497524502,,tertiary,,26.122521013167404,91.7657625047959,1.0230829910325945,52.703392028808594,0.8667553839311476,36
way/497524503,,tertiary,,26.123895890437506,91.76107335738753,0.9414219258359827,53.07533530032996,1.6951948399809327,33
way/507819474,,tertiary,,26.173831021345492,91.74614428292752,0.33031983439958323,49.239026876596306,1.0745859737503853,13
way/507819525,,tertiary,,26.146685499648676,91.69707126220307,0.34609297487836965,58.74552829448994,2.103714928502727,13
way/507819548,,tertiary,,26.171132986515342,91.74392428134563,0.4145715025691211,49.40887603759766,0.4223855334779092,15
way/508130609,,tertiary,Batahguli Road,26.132726005423525,91.83966582686548,1.4135275184959584,71.24005617414203,2.103317658618045,49
way/508333037,,secondary,,26.253790578526957,91.67824123021312,3.485802552779433,51.23177089691162,1.2855971640980437,60
way/508338574,,tertiary_link,,26.123078200000002,91.80249395,0.005876367699615793,57.880271911621094,0.0,2
way/508340155,,tertiary,,26.129168149999998,91.80640389999999,0.007659308105015196,59.490753173828125,0.0,2
way/508340345,,tertiary,,26.1296331,91.80686645,0.008120814802618127,57.642391204833984,0.0,2
way/508340347,,tertiary,,26.12992125,91.80715755,0.007817125499465876,57.05509567260742,0.0,2
way/508340348,,tertiary,,26.13069395,91.80793585,0.00839235504951069,59.847686767578125,5.12260039410341,2
way/508351469,,tertiary,,26.10101821381028,91.80306299836552,0.3832127994908163,65.68742152622768,2.5399767401002404,14
way/508372269,,tertiary,,26.1386118,91.60354459999999,0.06109901066176198,51.274105072021484,1.0856860274763516,4
way/508372271,,tertiary,,26.13969872656612,91.59817078183312,1.0887272915734993,50.90626365260074,1.2676386491098164,38
way/508372459,,tertiary,,26.151577997752966,91.6435208574313,3.534719572783269,52.53650372823079,1.4918543135121582,60
way/508372514,,tertiary,,26.16837486404018,91.65990304566584,2.153975440547692,53.982604344685875,2.855244750387932,60
way/508399298,,tertiary,M C Road,26.188065529713352,91.7576472033141,0.659671531703749,57.24298278145168,2.7371226712152033,23
way/508399320,,tertiary,,26.198868440273287,91.77521388749845,4.170241487372708,63.847985649108885,2.8023004628145185,60
way/508414076,,tertiary,,26.103216279152402,91.76165008613103,2.2487100578489767,61.05210596720378,1.513799860878558,60
way/508414105,,tertiary,,26.109204409131394,91.77231067466613,0.4846578272797356,60.277297761705185,1.3194987231677735,18
way/508422339,,tertiary,,26.10767178927106,91.7506691279808,0.859038990520519,58.503621164957686,1.3407532609885118,30
way/508535624,,tertiary,,26.183251464920794,91.80335808816432,0.08168416392798776,61.91962909698486,2.6716104092737774,4
way/508535878,,tertiary,,26.190212805271376,91.77836667229258,0.1451905573784517,68.22428766886394,0.6993393052619603,6
way/508665336,,tertiary,,26.113821918493485,91.788703441027,0.12809487357728286,60.46367327372233,2.3111626818317226,6
way/508670974,,tertiary,,26.153516778350895,91.7743821432389,1.743410811162891,118.9193478902181,8.568815467302754,60
way/508682546,NH27,trunk,,26.189095932161973,91.67114874277969,0.2642070597865644,51.637093734741214,2.029707244025964,10
way/508682548,NH27,trunk,New Saraighat Bridge,26.175337701848424,91.67192500211723,1.7213412855141657,47.86022373781366,1.8399338761632498,59
way/508682549,,tertiary,,26.155121109876344,91.6631000679871,1.6756770205856233,53.949099356668036,3.0638385903385656,57
way/508686071,NH27,trunk,,26.169466041953186,91.67260688430737,0.07992672984051259,61.150458335876465,6.367209845040704,4
way/508686075,,trunk_link,Flyover Ramp,26.158786467720116,91.67237918076127,0.12984951496580815,51.266405741373696,2.944666402875374,6
way/508686078,NH27,trunk,Flyover,26.156042034655336,91.6756524487156,0.16743989426422085,52.10508401053293,1.4962142057436962,7
way/508686081,NH27,trunk,Flyover,26.156024392768987,91.6754720920904,0.14450981603406626,52.275747299194336,2.3748632366304028,6
way/508686084,,trunk_link,Flyover Ramp,26.156811862956896,91.67396695682818,0.11204625795102845,49.734564208984374,3.0976162522266963,5
way/508686087,,trunk_link,Flyover Ramp,26.1558721675244,91.67543707267156,0.5754436228390325,50.82516733805338,1.9312523365850474,21
way/508686089,,trunk_link,,26.159150896788155,91.67144514646009,0.2578245390406492,50.17726211547851,1.2785735261251603,10
way/508686095,NH27,trunk,Flyover,26.15761362083795,91.67343020360019,0.40314131716202967,52.35769271850586,2.1394452171798033,15
way/508686096,NH27,trunk,Flyover,26.15769170111176,91.6735379473482,0.40017076944876384,52.46996994018555,2.126748448865196,15
way/508686097,,trunk_link,,26.156512636343557,91.67522965724147,0.3087689316575743,51.83980623881022,2.012044407904169,12
way/508686099,,trunk_link,,26.156165105110354,91.67361071722618,0.5273998995926101,50.721887287340664,1.401605497531991,19
way/508686100,,trunk_link,,26.1574647,91.67299415,0.04192285645603053,50.52243296305338,1.431521363474123,3
way/508686101,,trunk_link,Flyover Ramp,26.15808918585765,91.6715678985384,0.1666566416565842,50.37415313720703,0.6587214281686342,7
way/508686103,,tertiary,,26.135755067824824,91.56936942504215,1.7866927271847841,52.52786706288656,2.617801532235786,60
way/508686106,,primary,Assam Trunk Road Flyover,26.15906716427899,91.69135616275271,0.48403104544454656,53.45985878838433,0.9191425051503446,18
way/508689386,,tertiary,Hem Baruah Road,26.18778208053829,91.74700187312855,0.6618226981099791,58.71849568684896,2.0803297534315597,24
way/508689388,,primary,,26.181228803427008,91.74588685515897,0.13844607948084803,56.14245859781901,2.2631869089537373,6
way/508689389,,primary,,26.1821034,91.74578545,0.05681851670038755,57.27384694417318,0.00044622181841421195,3
way/508977077,,trunk_link,,26.15725038522366,91.67491207518742,0.13318943573448377,50.87398211161295,1.8346158809403594,6
way/509093239,,tertiary,,26.202385869513975,91.7966386985564,0.6821763435883446,59.75345929463705,4.760766000064025,24
way/509093274,,tertiary,,26.195471517219392,91.79531993279984,1.1413151394157584,79.08497886657715,4.035178769276612,40
way/510133519,SH41,primary,,26.24723335977525,91.52919024861386,1.0617008107573596,51.73651906606313,2.1690314283794754,37
way/510186674,,tertiary,,26.202659277146672,91.65126795641694,1.438232280658696,54.0997866416464,3.64922730659954,49
way/510343702,,tertiary,,26.22015407245797,91.66508777805122,4.036154355646502,53.61097838083903,2.590608160245635,60
way/510419357,,tertiary,,26.21013015,91.7097272,0.05358843765673405,50.05356089274088,1.9758561900127642,3
way/510453156,,tertiary,,26.245433530599957,91.73867705981871,0.14440357053673764,58.253615061442055,7.7706807370924285,6
way/510453157,,tertiary,,26.24564322185194,91.73903767656623,0.0652452540132872,56.934200286865234,12.48695464853949,4
way/511187551,,tertiary,,26.292895562149347,91.70545141385655,1.4498252000412535,52.607057876586914,2.19478928748508,50
way/511204936,,tertiary,,26.246335264246763,91.66256780676733,1.4644736102750537,47.13479911804199,1.1451181847592566,50
way/511222631,,secondary,,26.271831101385374,91.66145076971453,2.8392659815310086,53.11588033040365,2.201015410449258,60
way/511223689,,secondary,,26.237958089250128,91.64558240157069,3.8253620751017263,53.81902713775635,2.3054101892285,60
way/511226643,,tertiary,,26.268070761581964,91.65593454285933,0.8272648596784633,52.00986270246835,1.635159349787376,29
way/511226648,,tertiary,,26.27707015,91.64305875,0.04249780029315746,51.10559844970703,0.23578051114443938,3
way/511230450,,tertiary,,26.288559435361883,91.64177684652937,2.669063807293429,53.991325759887694,1.8684551897297748,60
way/511233664,,tertiary,,26.2869785780675,91.65921823721146,1.0194180415298444,52.107220894949776,3.410405851410977,35
way/511241181,,secondary,Borka Sesa Road,26.275517408688597,91.62242059045737,10.001487513215231,51.35453338623047,0.8854898310897391,60
way/511259700,,tertiary,,26.31241108924668,91.64820899266334,4.814821359133828,1.0020067850748697,0.598691163065207,60
way/511391178,,tertiary,,26.264602153359476,91.55378956671584,9.030807507443983,53.44086144765218,0.9300084663328618,60
way/511392891,,tertiary,,26.264907256949073,91.56722864453305,3.5154621126363272,49.71382204691569,1.1743656755800693,60
way/511398703,,tertiary,,26.253670196140785,91.53479572711016,0.39937500165513184,49.28324483235677,1.9987399206460625,15
way/511890345,,tertiary,,26.27575924207294,91.55602229715156,9.194940695778932,53.42471167246501,1.1273342331326432,60
way/511890959,,tertiary,,26.275405803708647,91.5206369457095,3.100719952117208,49.810404014587405,1.4732134294288004,60
way/511892611,,tertiary,,26.27155958925905,91.53883859565731,4.443928752593494,50.7203784942627,1.3863001099499548,60
way/511892618,,tertiary,,26.28927803230899,91.56069019272152,6.500827200428019,50.19807478586833,0.7385072454737707,60
way/511958694,,tertiary,,26.30311562725305,91.59580866607224,3.3117385989730557,19.72390619913737,1.2369197354131445,60
way/517474923,,secondary,,26.10436185,91.7071277,0.024517063752275834,56.55802917480469,3.8033998577802675,2
way/517474924,,secondary,,26.1045591,91.7070027,0.022486395621734004,56.64912986755371,3.683637094660206,2
way/517474927,,tertiary,,26.11533385,91.7189707,0.019394109215683446,50.833356857299805,2.569112575474626,2
way/517474928,,tertiary,,26.1158772,91.71940265,0.03781491594241366,50.7951914469401,3.8952638788071567,3
way/517478747,,secondary,,26.159733850000002,91.7385243,0.02535651470991056,51.429731369018555,1.2528058822111556,2
way/517478748,,tertiary,,26.1480955,91.73613044999999,0.026272045327233883,50.796165466308594,1.7229314120131822,2
way/517891508,,secondary,,26.11248815,91.70847995,0.03820174572301283,51.913194020589195,9.89643337832483,3
way/517919078,,secondary,,26.053378890211235,91.58046293760981,3.6119606270791715,52.809692255655925,0.8578279870932045,60
way/517919079,,secondary,,26.07408345,91.58057675,0.02614834614799124,49.36159133911133,1.0936692785606779,2
way/517919081,,tertiary,,26.0773414,91.57260074999999,0.035767101613708815,49.4390500386556,2.5766994531727785,3
way/517941876,,primary,M.G. Road,26.189331473703792,91.74656111966046,0.6896456335527296,62.50875806808472,3.6497094204532776,24
way/518213044,,tertiary,,26.168425526753758,91.67091356625671,0.27253522352874276,52.24430465698242,1.7869102102102103,11
way/534819102,,tertiary,,26.08089824052727,91.5933117627331,2.9960129433520843,50.13194955190023,0.680924746432497,60
way/534819107,,tertiary,,26.08391554489052,91.61566010411102,1.6812112882127381,53.15576040333715,1.8145009260539298,58
way/541309711,,tertiary,,26.09700955,91.5650147,0.010400077142724898,47.73900604248047,0.0,2
way/541309713,,tertiary,,26.084709217335604,91.56580595784682,0.4126682290406597,47.82913436889648,0.6386142111173211,15
way/541309714,,tertiary,,26.084739758579744,91.56591490176865,0.39118143573852965,47.88481190999349,0.587980758029189,15
way/541309715,,tertiary,,26.081824404423973,91.56338297948304,0.6498325082471867,47.42381800775943,0.23897183618851245,23
way/541319127,,tertiary,,26.097840429977808,91.80303264060316,0.37449827660850077,70.18859427315849,1.2378071666469805,14
way/541319128,,tertiary,,26.09965248082118,91.80587323237285,0.7425257272278966,66.24872955909142,2.0224487368943445,26
way/541319135,,tertiary,,26.11380944318594,91.47186053007688,9.60098735831829,10.692361195882162,0.5430565926518504,60
way/543480046,,tertiary,,26.090205289756014,91.60066589546415,2.2339865018594907,49.330147933959964,0.6429760084574716,60
way/543485001,,tertiary,,26.085714819416257,91.57126769549316,1.1597981769235595,51.6630744934082,1.7519944867417085,40
way/543485005,,tertiary,,26.078266709191862,91.55598052892798,3.1803768933240435,54.15765902201335,2.2048605158645986,60
way/543488002,,tertiary,,26.106853383729874,91.51206257260412,0.6806446069104247,51.27567481994629,2.5883421627724563,24
way/543623710,,primary,,26.152253270360564,91.7824915103786,0.10212289218099879,54.118733978271486,0.46662472941582056,5
way/543623711,,primary_link,,26.148795805983305,91.78661078630185,0.3526658280418686,56.812095642089844,2.8202706760580294,13
way/543623712,,primary,G.S. Road,26.157510328400246,91.7768568591138,1.7260256362254767,54.49933359178446,2.7904472852373683,59
way/543623714,,primary,G.S. Road,26.155833123606833,91.77856556358256,1.0137455297262845,54.9660026550293,3.0045833547287173,35
way/543623717,,primary,,26.15948178614701,91.77453035852432,0.1288922010837662,54.53470230102539,1.0608304506673052,6
way/543623719,,primary,,26.161279099288766,91.77258969938083,0.4271484688148712,54.17015767097473,1.7928012784440055,16
way/543624681,,primary,Bhangagarh Flyover,26.16493662354258,91.76864385397903,0.5594149304762883,53.89443874359131,3.0193680947460595,20
way/543624682,,primary,Bhangagarh Flyover,26.164998048467414,91.76870104911266,0.5548902825870766,53.91572666168213,2.047203330553351,20
way/543624684,,primary,G.S. Road,26.171505302621217,91.76148683605608,0.38371252702022784,54.33813204084124,2.8505645061331015,14
way/543627488,,secondary,B K Kakati Road,26.17120157846527,91.75574895296782,0.48766265842416817,54.81909582349989,2.30565527124961,18
way/543627490,,primary,Bishnu Ram Mehdi Flyover,26.175039794859575,91.75748779748581,0.5256325667133107,56.750424435264186,4.932595093037508,19
way/543640148,,primary,G.S. Road,26.168577577446964,91.76471937235728,0.5324125632982528,53.84660419664885,2.5190846248709473,19
way/543640150,,primary,G.S. Road,26.17052597719797,91.76241385160064,0.8327991685653783,54.24199373968716,2.3487252383670936,29
way/543640151,,secondary,Bhangagarh Flyover Ramp,26.164150726490227,91.76821435404686,0.18636168711340215,53.25482654571533,0.7697841808363147,8
way/543640152,,secondary,Guwahati Medical College Road,26.15951028113819,91.75169761097222,1.53558140550395,55.60606031597785,1.810647276703529,53
way/543640826,,secondary,Guwahati Medical College Road,26.16405695412025,91.7682756271344,0.17562368854549146,53.7434458051409,1.4734716744330354,7
way/543640827,,secondary,,26.166164447118636,91.76750111123992,0.2433425365739452,55.4091854095459,4.075897044013557,10
way/543646780,,secondary,Radha Gobinda Baruah Road,26.17979090568346,91.77555861619176,0.19597221582210259,56.03971719741821,2.9603572188448823,8
way/543647062,,secondary,,26.172862458729924,91.79350840141032,2.917623827629001,64.4663621266683,1.6945490434290795,60
way/543647063,,secondary,Zoo Road Flyover,26.168727786242176,91.77879218335036,1.9727695248965145,53.620474370320636,2.1194442182876148,60
way/543649267,,secondary,Radha Gobinda Baruah Road,26.179796666968826,91.77546591698174,0.19621295444034104,56.03971719741821,2.9570854633940535,8
way/543649268,,secondary,Chandmari Railway Flyover,26.18521745474,91.77517846805776,0.16576196214130687,61.02015359061105,5.061628806880779,7
way/543649269,,secondary,Chandmari Railway Flyover,26.182924173870035,91.7753602,0.42755359121217323,57.40945363044739,0.9555675524883572,16
way/543650234,,tertiary,Ambikagiri Nagar Path,26.167479998189396,91.78429060200921,1.1613084751922915,55.71019811630249,1.709769533786378,40
way/543653045,,secondary,Hengerabari Road,26.150536663695885,91.79342315254252,3.916515465459956,58.104110908508304,1.0027239221220665,60
way/548223441,,tertiary,F.C. Road,26.19008465,91.75213679999999,0.12167440813577561,59.26257451375326,1.0688541926232613,6
way/564639519,,tertiary,Jayanagar Road,26.12320688322933,91.80593957447743,2.0018762087967583,59.284192148844404,1.4011965891923142,60
way/564639521,,tertiary,,26.1198527,91.805853,0.006421225203054499,59.22990798950195,0.0,2
way/564639522,,tertiary,,26.119193199999998,91.8058721,0.00679819156987094,60.20282745361328,0.0,2
way/564639524,,tertiary,,26.11861785,91.80589325,0.007321515082220355,62.401519775390625,0.0,2
way/564659516,,secondary,B N Sakia Road,26.11890483799418,91.79854151881952,1.0288782345466974,62.86597209506564,3.9446911229223156,36
way/564665216,,tertiary,Pir Azan Fakir Road,26.120812332507274,91.81902134282278,0.4575443412393726,65.5169776467716,2.4209595907713055,17
way/564665217,,tertiary,Pir Azan Fakir Road,26.122028587750467,91.81062509507134,1.2491711142950739,61.65461207545081,1.6909076441133555,43
way/564671757,,tertiary,,26.099575623721563,91.79534407162774,2.3527305186139933,67.1553352355957,2.38708553854436,60
way/564671760,NH27,trunk,NH37,26.117072992233485,91.81417432380779,0.5393149344092961,66.03460994519685,2.3621332351706124,19
way/564671761,NH27,trunk,Basistha Chariali Flyover,26.11249254065225,91.80016284667367,1.4485815923656054,61.76996192932129,1.585882762373841,50
way/564671763,,secondary,,26.112245899999998,91.79782255,0.0444518343065259,62.23835118611654,2.7056021881134726,3
way/564671764,,secondary,,26.11223485,91.79774905,0.04509218951253644,62.23835118611654,2.667306175491274,3
way/564671765,,tertiary,,26.11813811956394,91.81649793987856,0.07815044819147454,69.18036842346191,6.1465450450582155,4
way/564671766,,tertiary,,26.146207157468595,91.67721369826633,2.2226664658515416,50.79224859873454,1.9471812739424934,60
way/564671767,,tertiary,,26.12645846843876,91.67901722404861,1.5977434857726962,51.0032021262429,1.2835175074489948,55
way/564671768,,tertiary,,26.118635314082148,91.7187267484816,0.573611742179695,52.740050724574495,1.6360060141122819,21
way/564671771,,tertiary,,26.11600656899966,91.71256245303071,0.4760983127743108,51.46913146972656,1.8315559258270606,17
way/564682907,,secondary,Pir Azan Fakir Road,26.129354484214897,91.79548413243391,1.4900762314283076,58.443019418155444,2.4229318702205136,51
way/564682909,,secondary,,26.139381591668023,91.78840919944099,0.30752002473604456,56.2173744837443,1.8194460311285439,12
way/564682911,,secondary,,26.139239871324623,91.7901195373225,0.128685043274193,55.558274586995445,1.8037265563185574,6
way/564682914,,secondary,Pir Azan Fakir Road,26.13844175,91.79052085000001,0.19211737730321837,54.82853984832764,2.215163720042097,8
way/564697246,,secondary,,26.140569390197577,91.79343479117624,0.44076558521915493,54.11563801765442,1.1531023130692095,16
way/564697251,,primary,,26.145642545598754,91.79042689623415,0.032325237648582514,55.30724843343099,5.664469535246044,3
way/564697252,,primary,,26.145496903358975,91.79046180115762,0.005309208982851244,54.35902404785156,0.0,2
way/564697253,,primary,Mahapurush Srimanta Sankardeva Path,26.14661768428138,91.78901526461856,0.3400846172001827,55.42812758225661,1.827159672636484,13
way/564697254,,primary,,26.14548574378218,91.7903176147552,0.027936613275840454,55.7813606262207,8.03409091141898,2
way/564697255,,primary,Mahapurush Srimanta Sankardeva Path,26.136095675055422,91.80233288498401,0.841773333789191,56.90528450012207,2.0466129205066528,30
way/565084766,,tertiary,,26.114937733013228,91.80851171417197,1.8365897395922297,63.51024341583252,1.892044024272901,60
way/565084773,NH27,trunk,,26.111287585022772,91.7832944179232,1.183939566426022,59.79179326499381,1.1556432726524875,41
way/565084777,,tertiary,NH37,26.11096769775841,91.77154003565086,1.1882629874651232,58.1662399478075,0.8414077671384703,41
way/565084785,,tertiary,,26.11835455,91.8168111,0.008003408891458128,68.10464859008789,23.36439722371033,2
way/565084787,,tertiary,,26.118592482519073,91.8173959787575,0.1275782558266549,66.54156494140625,1.4454023068807258,6
way/565084789,,tertiary,,26.119117901106282,91.82012746167096,0.4313271308439727,66.88677287101746,1.6831130862382413,16
way/565084791,,trunk_link,,26.119476485021625,91.82335631939084,0.1466085486568786,68.05485407511394,2.6536469193835446,6
way/565097090,,trunk_link,,26.119897749183163,91.82474161969483,0.12766413730006376,69.85822423299153,1.7393609175225557,6
way/565100016,,primary,G.S. Road,26.177794486804768,91.75334963406361,0.474231430300039,55.221153259277344,3.3167972621276145,17
way/565100030,,secondary,,26.14507981450502,91.78651778326352,0.10390722043031565,55.685315704345705,1.9074225860103926,5
way/565103162,,secondary,Haridev Road,26.143752143453224,91.78663595638994,0.28176157856650386,55.9544431513006,1.143672666822139,11
way/565103163,,secondary,,26.141860721641432,91.7869337353646,0.11509637510163552,55.02587051391602,1.1253894421925756,5
way/565103164,,secondary,,26.1422437,91.786677,0.0555260662621949,56.048336029052734,3.1082508052071574,3
way/565103165,,secondary,Haridev Road,26.143473454364457,91.78674124461827,0.3379719739921476,55.228986299954926,0.7107215780925956,13
way/565103166,,secondary,Hatigaon Road,26.1339720931276,91.78574157924173,1.7598501432838696,56.362779235839845,1.6212075126516672,60
way/565302567,,secondary,,26.132291978664135,91.80996519001188,0.4023569101449123,58.90981216430664,3.139933761062285,15
way/565302568,,secondary,Panjabari Flyover,26.1324715,91.8118235,0.0277664691092351,56.70448684692383,0.7244461056303042,2
way/565316308,,tertiary,,26.138948397490278,91.81524157620622,1.3461515979382448,55.344732699186906,1.7142614035722008,46
way/565316325,,tertiary,Jayanagar Road,26.13033818941782,91.80751305490239,0.26501383476418916,58.239035034179686,1.848446172099056,10
way/565316331,,tertiary,Jayanagar Road,26.129085736404633,91.80627330748803,0.10878348462017468,58.94125823974609,1.2874628297343114,5
way/565316338,,tertiary,Jayanagar Road,26.12840642417045,91.80582232690529,0.06968657169488543,57.87012577056885,1.807101589991757,4
way/565327369,,tertiary,Pir Azan Fakir Road,26.122060345808894,91.81098920389061,1.1790955815519897,61.77940415173042,1.588050309758808,41
way/565327381,,tertiary,Pir Azan Fakir Road,26.1230609661895,91.80241880637679,0.40840213735918746,58.795387776692706,1.5410694542448549,15
way/565327383,,tertiary_link,,26.1228269,91.80461600000001,0.010732226920685784,58.552490234375,0.0,2
way/565327389,,tertiary,,26.1234792,91.7993184,0.005217314085327552,59.70641899108887,7.324158723695249,2
way/565327404,,secondary_link,,26.1210685,91.7985262,0.004916931637001802,63.55462646484375,0.0,2
way/565327408,,secondary_link,,26.121386,91.79858519999999,0.005453116391427002,60.80779266357422,0.0,2
way/565327422,,tertiary,,26.117338,91.7983373,0.005071209334470099,64.10599517822266,0.0,2
way/565327432,,secondary,B N Sakia Road,26.113359208668978,91.79792430648428,0.20311781285305114,63.84520959854126,2.3536365455182287,8
way/565327437,,secondary,B N Sakia Road,26.118206432765156,91.79838323641309,1.1695182160564097,62.834517574310304,3.435324273897387,40
way/565333175,NH27,trunk,Basistha Chariali Flyover,26.115628927899856,91.81186376095741,1.0019601419433115,63.54535500662667,1.7942923373678747,35
way/565333180,,tertiary,,26.115910018696756,91.81271505370528,0.8197974146718003,63.929506104567956,1.9558239991628301,29
way/565346085,,secondary,,26.139945318759153,91.78791099939704,0.46554895455934514,56.286476359647864,2.0208984066491973,17
way/565346089,,tertiary_link,,26.123375799999998,91.80017675,0.006936753345958786,59.78968048095703,0.0,2
way/565346101,,secondary,Pir Azan Fakir Road,26.126273240777795,91.79725624668241,0.7174477557114378,59.63030563354492,2.521816450683029,25
way/565346108,,secondary,Pir Azan Fakir Road,26.135701395037714,91.79196559103133,0.08277256659488132,56.84864616394043,3.5122455224369182,4
way/565346110,,secondary,Pir Azan Fakir Road,26.13632105,91.7916227,0.070704791781828,56.995347023010254,4.076118429120326,4
way/565346112,,secondary,Beltola Road,26.138432597044975,91.79045404466167,0.1884983857101356,54.78262281417847,2.031240116788824,8
way/565346114,,secondary,Pir Azan Fakir Road,26.133417986505886,91.79330163292354,1.0522785651345459,57.30433891914986,3.029920403092311,37
way/565369280,,secondary,Radha Gobinda Baruah Road,26.156787306604837,91.78282360826246,0.754266627156253,53.669905768500435,2.4871864251363998,27
way/566148617,NH27,trunk,,26.235428616994973,91.68865637332861,0.13962303152538338,53.568297704060875,1.5258536775815994,6
way/572241504,,secondary,,26.13440382671335,91.9703929524205,3.1035218177914796,61.41906134287516,3.3343247792247,60
way/572310492,,tertiary,,26.08128771372384,91.91946687019349,12.721580768754809,63.481351407368976,1.1208111452259635,60
way/572978613,,tertiary,,26.1758399556813,91.75642281517437,0.28172963889824,57.02238082885742,3.3247108146986157,11
way/573024145,,tertiary,,26.17567149229962,91.75628100726544,0.2848502137385546,57.172420501708984,3.4394886754024845,11
way/578021228,,tertiary,,25.968076617333725,91.87936932943862,4.829762781107375,282.001961517334,3.007224889579531,60
way/585167216,,tertiary,,26.125551236221813,91.75426192415243,1.173360275094085,50.9999575731231,0.8180439474051715,41
way/587501118,,tertiary,,26.22123909843281,91.9578278500812,7.021257988690883,70.42142473856607,3.1709455767143866,60
way/588785832,,secondary,,26.164998038136307,91.76846641690597,0.05135271346391822,53.820624033610024,2.2376887581665623,3
way/588785838,,secondary,,26.179017891801514,91.81103617661752,1.410129562744305,62.97575214930943,1.9568604699048795,49
way/588785839,,secondary,,26.179114592462504,91.81121325011763,1.458917820138075,62.5907958984375,1.6978976169632132,50
way/588785840,,secondary,,26.17857285480454,91.82359928798225,1.1258853348919262,59.16572942489233,1.9553908382229144,39
way/588785841,,secondary,,26.17856594872853,91.82374290245953,1.0785700759939054,58.56610973461254,1.8594278262455752,37
way/588791117,,secondary,,26.196486999572876,91.72328045477681,1.6639013367615751,55.28510163959704,2.9455370518461423,57
way/605693427,,tertiary,,26.0068815948249,91.51713927942265,7.480195725116469,51.71630299886068,0.8421646552360502,60
way/605693428,,tertiary,,26.018968853731526,91.52554216800085,6.21251656676666,51.390557225545244,0.8445387573637771,60
way/605693429,,tertiary,,25.98419241274536,91.49740486919872,3.7244707487612136,23.969453875223795,1.1071516746356995,60
way/605693430,,tertiary,,25.97523181019171,91.50763844407342,5.5429431430614615,41.31016394297282,1.7576679208371548,60
way/605693431,,tertiary,,26.0408224100995,91.49918138964614,2.6592566777615527,24.173518816630047,1.8087110423036086,60
way/605693432,,tertiary,,26.068065460299703,91.4987535574124,7.075093404203401,18.61505921681722,1.3775181675038033,60
way/605693435,,tertiary,,26.053062996276942,91.4997530980016,2.5320110505888294,24.782622146606446,1.6763518857350688,60
way/605693437,,tertiary,,26.042166823162702,91.53538784359546,9.22625437942722,50.60198351542155,0.631655406133311,60
way/609822894,,tertiary,,26.27666095,92.1889907,0.11664527749981642,52.2694694519043,6.677755000290551,5
way/609822895,,tertiary,,26.261534898977786,92.22539859029713,8.418993630284806,8.277141952514649,0.48643861278182254,60
way/611088801,,secondary,,26.070374910037255,92.16278951277312,1.257428320364497,113.90554880541424,9.434336850171437,43
way/611088802,,secondary,,26.088733330491294,92.16498115644752,4.120333697827733,83.52246958414713,4.376288230380699,60
way/611095480,,secondary,,25.926317010300483,92.13442693378,9.442232440699753,733.5878407796224,3.8185400981826128,60
way/611114955,,secondary,,25.878493401128075,92.12102341224852,8.68347667447174,38.93729146321615,1.3891072596817908,60
way/611162343,,secondary,,25.95532821105179,92.14330982964526,2.6717800717548807,665.2352081298828,8.789086492645325,60
way/611163467,,secondary,,25.98390755718386,92.15272142971264,1.8412184889914425,618.0279907226562,10.720486357937753,60
way/611163468,,secondary,,25.969880897846398,92.14813200337409,2.47085464781211,661.506889851888,6.574757192699442,60
way/611179245,,secondary,,25.99029957423409,92.13738259010213,2.8646248269680346,534.4687423706055,6.443123687085699,60
way/611179259,,secondary,,26.06224499366012,92.16195658080197,2.493868094581579,177.27747192382813,5.85251809193863,60
way/611180505,,secondary,,25.998856586103848,92.13420097320807,3.3521915649296865,421.9738403320313,4.888970605315806,60
way/611185314,,secondary,,26.01983006032342,92.14288283576447,3.6486346923109045,317.1630233764648,4.805419384445971,60
way/611185348,,secondary,,26.044399863269597,92.15160321810448,3.335771003527205,232.5554946899414,5.862003117125792,60
way/611197746,NH6,trunk,,26.071984914217623,91.87424965916304,6.958531414021056,70.86318689982096,0.9214828367250701,60
way/611197747,NH6,trunk,,26.078999171234614,91.87604248792046,5.396399658334216,73.66081975301107,1.9474774759799192,60
way/611447670,,tertiary,,26.197122776134023,91.51636565793052,4.0130462022317,50.55757579803467,0.8959652391721461,60
way/611496536,,secondary,,26.123046199999997,91.7870868,0.031165408256504462,58.38180414835612,2.6988376937421443,3
way/611496537,,secondary,,26.117047068009047,91.78668642651687,1.3179484203648748,59.285171339246965,1.143597226918626,45
way/611570677,,primary,,26.185175421167596,91.74803591988176,0.5408821801886347,56.79142532348633,1.9743251180751171,20
way/611570678,,primary,,26.1826930736967,91.74549614326294,0.08588033839768855,57.096964836120605,3.049856704752354,4
way/611885489,SH3,primary,,26.2163978,92.17087665,0.1772443570283743,51.75994110107422,3.918586914836535,7
way/611885490,SH3,primary,,26.225316024932333,92.1506821967831,4.336651701841906,57.32214495340983,1.1674253360405347,60
way/614242511,,tertiary,,26.120951731160883,92.19242729911443,0.6734891095719927,61.93454885482788,1.815482200834264,24
way/614242512,,tertiary,,26.11397843650508,92.08315707625009,1.4521955665196284,59.36148498535156,0.7842931655802725,50
way/614242513,,tertiary,,26.11428518604061,92.08318376778446,1.4492186432827479,59.58991889953613,1.3030249799052716,50
way/615633237,,tertiary,,26.11247404632837,91.9604412643525,1.586553588428069,60.347596415766965,2.159481976882229,54
way/615633238,,tertiary,,26.120700255709703,91.911761606673,0.525701099600127,68.41943760922081,1.0764411203034452,19
way/615633239,,tertiary,,26.120433733322297,91.91182292259043,0.5141785162695889,67.82364654541016,0.8478455288461973,19
way/615633240,,tertiary,,26.11920739072583,91.96774538319987,1.300876234097652,57.122503492567276,1.086623432642491,45
way/615633241,,tertiary,,26.1196074365053,91.96770935657149,1.3088408297612313,57.140088144938154,1.293209389046059,45
way/636366607,NH6,trunk,,26.04287341533638,91.86764656069131,0.07911110705648076,67.6010856628418,6.819560789212975,4
way/637560677,NH17,trunk,,26.089751800000002,91.560069,0.0366855226715604,48.282257080078125,2.921722152351491,3
way/637560678,NH17,trunk,,26.092855596968814,91.5360133996195,4.988512730595034,51.744829686482746,1.444701838832113,60
way/637560679,NH17,trunk,,26.1395197,91.6369029,0.04838904331127763,50.584459940592446,5.817634304691817,3
way/637560680,NH17,trunk,,26.13962075,91.63684115000001,0.046677316999817475,51.82962544759115,1.0239703489517864,3
way/637560682,NH17,trunk,,26.14022357615912,91.63809813614083,0.23806336867418015,50.344417572021484,1.2603863802745965,9
way/637560683,NH17,trunk,,26.137373765323506,91.63350916728199,0.7707557393855974,50.5018196105957,1.223326766222323,27
way/651001376,,tertiary,,26.298485156469194,91.9159504918222,21.006047597788598,27.289830589294432,0.29752830515894757,60
way/651640563,,trunk_link,,26.1304806,91.62175715000001,0.008342294175476868,49.77267074584961,0.0,2
way/651640654,,trunk_link,,26.13257405,91.62325305,0.009476360756463322,49.27363967895508,0.0,2
way/651641217,,trunk_link,,26.18994742538394,91.67057702538395,0.04762418568067977,53.007399241129555,3.7620566981753303,3
way/651641218,,trunk_link,,26.189676628923557,91.67067513694828,0.07344936743366723,52.687350273132324,2.7469407490611553,4
way/651641220,,trunk_link,,26.18985790579656,91.67083418338562,0.4988364633739814,51.700264400906036,1.4246578673086085,18
way/651641782,,trunk,,26.189962357378676,91.67097308757548,0.019337454721644463,52.012250900268555,7.0041923327016,2
way/657773831,,tertiary,,26.111724954147356,91.75826281217833,1.4547931636184244,57.62342445373535,1.232325291082746,50
way/657782632,NH27,trunk,,26.111448950000003,91.76205024999999,0.6971264526235403,57.216761932373046,1.3872223281685498,25
way/657782633,,secondary,Lokhra Road,26.118252330764992,91.74864184203838,1.0592341570449413,54.33500073407147,1.2577409024417021,37
way/657782634,NH27,trunk,,26.113313029749847,91.73072576214415,2.286414559445504,51.7692907333374,0.8543066849627546,60
way/659471832,,secondary,,26.178439043357386,91.8291001321775,0.08206659479327943,56.57149887084961,1.8036946019720281,4
way/659471833,SH3,primary,,26.180806803165016,91.83292164973726,0.8669481255946239,54.59850247701009,1.4425309881556005,30
way/659472079,SH3B,primary,Kajali Mayang Road,26.249395611003823,92.04488019361956,2.705496994619517,55.42793973286947,1.5046633128266365,60
way/659766551,,primary,,26.202712970332566,91.55040136963643,1.8630433258564763,49.969166946411136,2.13529794251146,60
way/659766552,,tertiary,,26.246976285024857,91.52443723896344,1.1642027631713232,51.61258001327515,1.5399794361318366,40
way/662904833,NH17,trunk,,26.157663981627223,91.67268731157648,0.19351568403651198,51.80335283279419,1.938324468531576,8
way/662904834,,trunk_link,Flyover Ramp,26.156960993148374,91.67201713680939,0.2185744411128511,50.23855294121636,1.6292502507240367,9
way/662907280,,trunk_link,,26.164868093574576,91.6711985907678,0.531916400436551,52.81236728868986,2.4961565981920617,19
way/662909140,,primary,,26.16936807232777,91.72286977175504,1.725686218478232,57.252820225085244,1.7676425442348414,59
way/662909141,,primary,,26.173003350000002,91.73046934999999,0.031367073604283716,53.73518753051758,3.606935363627419,3
way/662909143,,primary,M.G. Road,26.17318240912687,91.73074999282873,0.040909750087591394,54.57428232828776,6.575110763973861,3
way/662909144,,tertiary,,26.17318635036892,91.73090768462814,0.03468312392026027,55.520365397135414,2.8548046902153765,3
way/662911956,,tertiary,,26.17381009098289,91.73431361830595,0.6589337667927702,56.085927714472234,2.5711571040172334,23
way/669013685,,tertiary,,26.239441408938028,91.51344744406356,2.181161225729399,49.68781560262044,1.9741276068229285,60
way/677269522,,tertiary,,26.2514164,91.60995675000001,0.03814120499378112,44.5,0.0,3
way/677269523,,tertiary,,26.24196661586207,91.62190958718243,3.2316572924536495,52.522335306803384,1.1345549636877736,60
way/677506833,,secondary,,26.245458499999998,91.64884795,0.03005806720856705,50.395346323649086,8.858985401295179,3
way/677506835,,secondary,,26.253257476692458,91.65158219773814,2.0128738286174834,53.3633705774943,2.4022082131191107,60
way/677506836,,secondary,,26.25488995,91.6602976,0.029475731227502237,51.67199516296387,10.076014618229197,2
way/677506837,,secondary,,26.25768380119261,91.65918999952899,0.6359955256367709,50.80793811963952,2.868083452123526,23
way/677506844,,secondary,Borka - Kamalpur Road,26.28865828963697,91.66686854409095,1.3116209911813388,52.75993160671658,2.057139934870142,45
way/677506845,,tertiary,,26.282653500000002,91.66747705,0.020441049729520384,53.02585029602051,13.713300075252063,2
way/677506884,,tertiary,,26.295824449999998,91.69903115,0.03283885761882489,46.77605183919271,0.7223114283980304,3
way/677506885,,tertiary,,26.29931465465894,91.69007746060777,2.6305498204385755,28.056170145670574,2.2939775537764495,60
way/711640766,,secondary,,26.0997199,91.61214575,0.010938786100858362,50.55951690673828,0.0,2
way/711640767,,secondary,,26.09962809743804,91.61225212751874,0.01923116435439436,51.217796325683594,3.956433465974683,2
way/713328876,,tertiary,,26.159273503385354,91.70060632437357,0.008374093387704857,61.092159271240234,23.43095606916317,2
way/713345325,,tertiary_link,,26.1222077,91.80581065,0.006316476032845592,61.29025650024414,0.0,2
way/713365239,NH17,trunk,,26.15232113581403,91.65549696204954,0.036420479625381856,50.7576052347819,1.553130494201423,3
way/713375123,,secondary_link,,26.1487495,91.81164715,0.014557656359087694,54.970571517944336,6.68729709223081,2
way/713375124,,secondary_link,,26.147126749999998,91.81169825,0.00950358086279552,54.507991790771484,0.0,2
way/713385005,,trunk_link,,26.111606285656855,91.74737615273287,0.022204503440611808,56.62179183959961,1.280960223477241,2
way/713543964,,primary_link,,26.166623,91.71918165,0.012714589423905086,59.95661544799805,0.0,2
way/713578264,,secondary_link,,26.145021649999997,91.81176585,0.008500347547722444,54.738115310668945,10.184852017510396,2
way/713580778,,tertiary,CK Agarwala Road,26.187248190170926,91.75719884780348,0.11082799177272404,55.53639450073242,1.9217948542406265,5
way/713582019,,secondary_link,,26.157076699999998,91.81148605,0.007229743783565706,79.51240921020508,30.52593576526465,2
way/713582020,,secondary_link,,26.16163375,91.8215197,0.0107852039178599,56.80195426940918,5.734777126716628,2
way/713586648,,secondary_link,,26.17508705,91.8303655,0.013123954925124501,55.14559745788574,2.4153435015477824,2
way/713587279,,tertiary,,26.111994825122697,91.79449452462111,0.5813181558991762,61.86878821963356,1.349807011678524,21
way/713587280,,tertiary,,26.11253661273476,91.79856084601255,0.24070651218976907,62.45172462463379,1.2656802916719097,10
way/714344976,,tertiary,,26.111708279462523,91.79045215039388,0.16750529035681588,62.60176140921457,2.171075415171238,7
way/714347282,,secondary_link,,26.17695455,91.83042105000001,0.01609161114954123,59.381736755371094,11.033446586850614,2
way/714355207,,tertiary,,26.18247384151951,91.80321088349655,0.09394264927646546,61.54277572631836,1.7108776913285644,5
way/714390617,,trunk_link,,26.1406721,91.63918244999999,0.00872734410189931,49.21752166748047,0.5714309865122758,2
way/714398978,,secondary_link,,26.1804829,91.77547715,0.00918767509023914,56.03871154785156,0.0,2
way/714406004,,tertiary,,26.12868104580006,91.76312201497768,0.21271787579482548,51.50803460015191,1.0152485356272951,9
way/714406005,,tertiary,,26.127443775257856,91.76103946360107,0.3827435372467866,51.26786667960031,0.7525262579509108,14
way/714408680,,tertiary,,26.12677415,91.75973965,0.03174425256644551,51.314718882242836,0.0009432746719952081,3
way/715193914,,tertiary_link,,26.120897749999997,91.80583225,0.006176185228665839,59.73806381225586,0.0,2
way/715363038,,tertiary,,26.13651265,91.67405905,0.019648936960643692,51.39305114746094,1.0221018798961168,2
way/724689844,SH3,primary,,26.204453695264867,91.85875343404719,0.08945318153461312,57.197041511535645,2.256050399410972,4
way/733194334,,tertiary,,26.156262752360593,91.77001648287047,0.299861481022238,113.68132712624289,10.573295207932876,11
way/733443659,,tertiary,,26.15665829410997,91.76735720336349,0.6738153362850278,79.90570386250813,10.277878583755985,24
way/734350780,,secondary,B. Baruah Road,26.184757069821995,91.75678388165696,0.03119447545334013,54.56503550211588,4.296616723586027,3
way/734350781,,secondary,B. Baruah Road,26.18476128648394,91.75687590765376,0.03342234367011241,55.82231012980143,0.7357747682061683,3
way/734350783,,tertiary,Ariz Path,26.18622784346584,91.75706308006042,0.23361184701147789,53.677286783854164,1.330034297499925,9
way/734350784,,primary,,26.18573232406647,91.75121035607563,0.16073716796537288,55.63130187988281,1.7875315127548725,7
way/734350785,,primary,G.N.B Road,26.185175899056002,91.75413841293839,0.4376485435897253,55.551252603530884,2.3944250365125535,16
way/734642748,,secondary,Bhangagarh Flyover Ramp,26.16335235,91.7677446,0.013307709016893496,53.43675231933594,0.0,2
way/734642749,,secondary,Bhangagarh Flyover Ramp,26.1632506,91.7677252,0.010564481479424912,53.43675231933594,0.0,2
way/734642750,,secondary,Guwahati Medical College Road,26.161283803352397,91.76688963326646,0.4590607466082321,55.64961960736443,2.6163538535366557,17
way/734642751,,secondary,,26.159173084079452,91.76595749682987,0.09333664824382228,59.11236572265625,3.4977099812603156,5
way/734642752,,secondary,Guwahati Medical College Road,26.160936164058466,91.76660112989936,0.3903657536443246,55.043156178792316,3.0251538912288995,15
way/734738134,,tertiary,,26.177474553539057,91.74811291648541,0.2882172486023798,53.402134982022375,2.1468641616651984,11
way/735380011,,tertiary,,26.185605868366924,91.74926565096663,0.566370933162472,55.82815399169922,2.270578943548129,20
way/739795308,,primary,,26.180443457638624,91.74671275207506,0.18786504747190627,56.24717426300049,3.5915332810359244,8
way/739795310,,primary,,26.1790261,91.75149185000001,0.015336552180116671,58.44960403442383,12.699906140549809,2
way/739795311,,primary,G.S. Road,26.179995668572005,91.75114346360421,0.21082853965229312,61.24683083428277,6.809235880061639,9
way/739795312,,primary,,26.178802495688352,91.7510577875383,0.09983126537153254,55.46228179931641,2.1287722397969184,5
way/740044933,,tertiary,,26.174046733810023,91.7584552381561,0.2809718816870872,55.21134463223544,3.3954734484744846,11
way/740044934,,primary,G.S. Road,26.177696552620002,91.75333640935129,0.4583709625424822,55.53156482472139,3.212893612327019,17
way/740044935,,primary,Bishnu Ram Mehdi Flyover,26.174185549754498,91.75838938132736,0.26553734678227203,55.295640563964845,3.578965048031772,10
way/740044936,,primary,G.S. Road,26.17301125116428,91.7598226301886,0.08794349521667646,54.3769588470459,3.8489246695614576,4
way/740099635,,tertiary,F.C. Road,26.18991185,91.75153549999999,0.004506250199901993,58.99606895446777,21.34161350926492,2
way/757109628,,tertiary,,26.106508018861668,91.84731046477027,0.765617093031808,165.9163247567636,6.9778314690334,27
way/760408588,SH3B,primary,Chamata Mayang Road,26.134237323066454,92.00910782166099,0.9080112418696198,56.488133907318115,5.125828359484049,32
way/760408589,SH3B,primary,Chamata Mayang Road,26.1376926,92.01218945,0.0693731212488951,51.147170066833496,6.995647826038194,4
way/760408590,SH3B,primary,Chamata Mayang Road,26.128497408878626,92.00494423600493,0.6788356122694004,63.07701698939005,8.799319169186099,24
way/760743299,,primary_link,,26.1801606,91.8317322,0.0075114540836776255,53.98602104187012,1.191582762882854,2
way/760743310,SH3,primary,,26.184640501529923,91.84022056641736,0.7976490793464123,55.181330817086355,1.810755801304284,28
way/760743311,SH3,primary,,26.18238145,91.8370329,0.035903218488445604,52.612753550211586,4.455818686080424,3
way/760743312,SH3,primary,,26.186656016696475,91.84388963859438,0.22324519031200532,56.65680482652452,2.0232704541621294,9
way/760743313,SH3,primary,,26.180846945721953,91.83289556305662,0.8705619518731793,54.70557563535629,1.2923365019715922,31
way/760743314,SH3,primary,,26.18658614960073,91.84393256322961,0.24297223458376338,56.705030059814455,2.933895966408089,10
way/761332709,,tertiary,,26.171691388657198,91.68614199115656,0.0180067058115517,56.14688491821289,0.0,2
way/761332710,,tertiary,Pandu Road,26.1715156,91.68628185,0.014624537732408224,53.588375091552734,0.6506842829866202,2
way/761332711,,tertiary,,26.171721526974125,91.68619947293632,0.018564493651075317,54.90915298461914,7.619022123266068,2
way/761332712,,tertiary,Pandu Road,26.17150235,91.6862357,0.013043815121827647,54.826107025146484,11.448369381616239,2
way/761332713,,tertiary,Pandu Road,26.17165533488128,91.68619114215518,0.0426462115596936,54.496575673421226,10.275368489710395,3
way/761342326,,primary,,26.1825865,91.79798869999999,0.00580840140412771,62.264827728271484,0.0,2
way/761342338,,primary,,26.183468949999998,91.78445035,0.0060317698722031415,60.3155632019043,15.076542139502198,2
way/761342348,,primary,Maniram Dewan Road,26.183488174634483,91.78479251039823,3.7581630122508853,58.77895374298096,1.2959843758958765,60
way/761342359,,primary,G.N.B Road,26.1850339,91.75746115000001,0.09210450009311484,54.944054412841794,1.3222847257354724,5
way/761342360,,primary,G.N.B Road,26.18491646365137,91.76399818860132,0.4161942049665275,56.67304458618164,1.1821792514156173,15
way/761342362,,primary,,26.180815477985096,91.80871871337787,1.289809559823062,58.90564103560014,1.1960856437928478,44
way/761925723,,trunk_link,,26.1246088,91.6178096,0.007997642905887439,50.3520393371582,0.0,2
way/761938604,,tertiary,,26.100169470621445,91.59895575068033,0.03472031161657428,50.986151377360024,2.8838390425550156,3
way/761945490,,trunk_link,,26.100138649999998,91.5992712,0.02904765323259723,51.78944396972656,2.6832979352566775,2
way/761945804,,tertiary,,26.1163371,91.61440205,0.010572206352931157,49.5958366394043,0.0,2
way/762343653,,secondary,,26.06277302982491,91.60649126140545,8.384977945438665,55.00465202331543,0.7563828862865576,60
way/762343654,,secondary,,26.0347969,91.5842826,0.026311041543858684,60.680795669555664,0.3387475645339336,2
way/762343656,,secondary,,26.069537099999998,91.58048790000001,0.02380597269750315,49.22822570800781,1.283199112326912,2
way/762343657,,secondary,,26.070113789112167,91.58062671222028,0.10698836443987106,49.9991340637207,1.2061118343429718,5
way/762343670,,secondary,,26.07071235,91.5807624,0.028371121249414183,50.226972579956055,1.8132360785763915,2
way/762343671,,secondary,,26.078817654076765,91.57966563038852,1.1067495064711266,49.703866155524004,1.05864782883238,38
way/762356174,,tertiary,,26.0828553,91.5653662,0.012299021521508819,47.3701286315918,0.0,2
way/762356175,,tertiary,,26.082967449999998,91.56544790000001,0.017964769168240833,47.43849563598633,0.4360829949576689,2
way/762356176,,tertiary,,26.0828935,91.56526885,0.011741293083164522,47.39938545227051,0.28553558074149143,2
way/762356177,,tertiary,,26.082826,91.56523870000001,0.004412015645775744,47.3701286315918,0.0,2
way/762356188,,tertiary,,26.0697277,91.5588808,0.03451041394758971,47.36500549316406,0.24477546302557507,3
way/762356189,,tertiary,,26.078188338297224,91.57330966730781,0.9746458378919459,50.62073000739603,1.9215134083769705,34
way/762356190,,tertiary,,26.069866075699256,91.55946371467219,0.06880117023510321,47.88446617126465,0.5465405045095116,4
way/762356191,,tertiary,,26.0697994,91.5590857,0.009467062921153978,47.403873443603516,0.0,2
way/762356192,,tertiary,,26.067071301047573,91.55144468007211,1.5714176178291814,48.22419237207483,1.0139226445200251,54
way/762365075,,tertiary,,26.0696253,91.54728589999999,0.022449729384283253,49.783592224121094,4.381099053955245,2
way/762365076,,tertiary,,26.069309318256384,91.54713076954287,0.05687959713917657,48.90843200683594,0.04557133102469162,3
way/762365078,,tertiary,,26.067026185198635,91.54642078743478,0.46873656554846943,51.0174197028665,3.0407255069408663,17
way/771296820,,tertiary,,26.11559091137292,91.70887947236787,1.2164408986897932,51.79314368111746,1.4205184792683905,42
way/806274797,,tertiary,,26.180943781638025,91.49932189892888,1.5852908622326802,20.383338504367405,1.847488358731224,54
way/856441088,,tertiary,,26.29418526769979,91.69187687044884,0.3885653140423679,53.89612415858677,2.802321531136885,14
way/867774688,,primary_link,Kalaguru Bishnuprasad Rabha Flyover Ramp,26.150252422587915,91.78497517584246,0.04135108139865189,57.8303591410319,7.3260233809469275,3
way/867774689,,secondary,Ganeshguri Flyover,26.151548420779644,91.78462173256406,0.4045668600618705,55.17639185587565,3.7199241361227604,15
way/867774690,,primary_link,,26.15094285550193,91.78412789195305,0.3363115146988083,55.87047723623422,1.9061234642399498,13
way/867774691,,secondary,,26.140928885830387,91.79378861060978,0.42035356287169084,55.125529289245605,1.075835673919596,16
way/867774693,,primary,Mahapurush Srimanta Sankardeva Path,26.143972831607517,91.79220800150694,0.4856127218851211,55.96420351664225,2.1347363598379787,18
way/867774694,,secondary,Supermarket Flyover,26.140731490179807,91.79352224402675,0.43988326313150233,54.668681144714355,1.268504225459038,16
way/867774695,,primary,Mahapurush Srimanta Sankardeva Path,26.14496227349195,91.79117968699578,0.18974725782855575,55.60480356216431,1.7726224475630918,8
way/867774700,,secondary,,26.139847881968667,91.79100492114847,0.19069556254481024,54.673649311065674,1.826843305429137,8
way/867774702,,primary,Mahapurush Srimanta Sankardeva Path,26.141783404049672,91.79494129580823,0.24590189195339973,55.716237258911136,1.347574442946624,10
way/867776438,,primary,Mahapurush Srimanta Sankardeva Path,26.140565177626225,91.79649395970813,0.08047911682220574,55.9554967880249,1.4776928708302395,4
way/868672421,,secondary,,26.141145004804685,91.78716347493835,0.1541633807890739,56.551644461495535,1.7257293584012203,7
way/881785676,,tertiary,,26.083100297110303,91.55940612092179,0.1436102901839712,47.42293167114258,0.11790909944764567,6
way/881785677,,tertiary,,26.081284404314246,91.56590875839652,0.5257935243222375,47.64506671303197,0.3035905412914688,19
way/881785686,,tertiary,,26.072507249108742,91.56625403936931,0.9020957038178622,49.6178879737854,2.0654237965320608,32
way/881785687,,tertiary,,26.07479455,91.57015655000001,0.010530925230678995,48.14019775390625,0.8881879273837049,2
way/881785688,,tertiary,,26.07469,91.5700533,0.010001890503292326,48.05856704711914,0.0,2
way/881785689,,tertiary,,26.0747411,91.57010439999999,0.005254723558644392,48.05856704711914,0.0,2
way/881785690,,tertiary,,26.077158552419366,91.56268193492268,0.973468700267852,47.55492502100327,0.19487280106239646,34
way/881785691,,tertiary,,26.079264169126528,91.56471390389629,0.4839921995325766,47.60729450649686,0.11512588843314114,18
way/881785692,,tertiary,,26.079546592195364,91.56719636371929,0.47539679886202496,47.770204431870404,0.17781825479785865,17
way/881785696,,tertiary,,26.081153505242362,91.55824518273272,0.617170176428535,47.50707244873047,0.5610657319482074,22
way/881785697,,tertiary,,26.082247449999997,91.56021035,0.00903200615621346,47.32951354980469,0.0,2
way/881785712,,secondary,,26.072402633527155,91.58085104364447,0.35092579999527695,49.52422362107497,0.9209684128199069,13
way/881785715,,tertiary,,26.078242750070476,91.56733294197241,0.24784863080545982,47.84458999633789,0.2219739141557625,10
way/881785716,,tertiary,,26.080241,91.56768265,0.16668624583236705,47.71796090262277,0.16298639536016205,7
way/882027612,,tertiary,,26.07998912310935,91.56991280288867,1.2949661846042235,47.80540042453342,0.2581186402128464,45
way/901170038,NH715A,trunk,,26.141700352770556,92.20953770613862,5.423196745034418,6.092647552490234,0.6046729166209327,60
way/906724381,,secondary,,26.104548082622202,91.70722679979586,0.042823429327979334,55.20999272664388,2.1579236053743474,3
way/906724382,,secondary,,26.10437385,91.70729265,0.008715930825209857,55.74308776855469,0.0,2
way/906724383,,secondary,,26.1083355894919,91.70816513459089,0.8790040442647835,53.084537259994015,1.281709732405037,31
way/906724388,,secondary,,26.10436665,91.70690909999999,0.019306122840124597,57.37297058105469,0.0,2
way/911817223,NH27,trunk,,26.162513631553242,91.67069088161011,0.5352467020168346,53.47534420615748,1.792249177277502,19
way/911817224,NH27,trunk,,26.163086876791375,91.67069840164181,0.3868161406746902,52.87071146283831,2.5868487448822965,14
way/911817226,NH27,trunk,,26.1677608,91.6724308,0.037159807623801694,63.67242431640625,2.7547752449904395,3
way/911817227,,trunk_link,Flyover Ramp,26.15648830692149,91.67282902927789,0.21553463328537242,49.6085573832194,1.408432812125917,9
way/911817228,NH27,trunk,,26.16853905451459,91.67241096715718,0.13520408504874443,65.65933227539062,1.0120438826500557,6
way/911817230,NH27,trunk,,26.166215374469047,91.67206583989031,0.31338813550058503,58.45792579650879,3.2604610828696257,12
way/911817231,,trunk_link,,26.1576668,91.6737069,0.01596717494535268,51.8284969329834,2.390410614990862,2
way/911817232,NH27,trunk,,26.18125487867504,91.67186566335451,0.05962438591780541,60.182175954182945,6.739048164515392,3
way/911817233,NH27,trunk,,26.166247406637492,91.67194405561958,0.3007630497799241,58.31790987650553,3.2953410769682496,12
way/911817234,NH27,trunk,,26.164964949999998,91.67114465,0.028373412053556098,54.53087043762207,1.0492356415237625,2
way/911820040,NH17,trunk,,26.1583276,91.67105805,0.03993158471015407,49.427494049072266,0.29383532345433794,3
way/911820041,NH17,trunk,,26.15779795995284,91.67138290404829,0.06538880510088362,50.64564895629883,2.7562858250618443,4
way/911820042,NH17,trunk,,26.15819295,91.67102725000001,0.04727655546336117,49.300655364990234,0.4787277776171512,3
way/911820043,NH17,trunk,,26.15792464578743,91.6714554901252,0.07949506553716172,50.30255889892578,0.9093869056526064,4
way/968413012,,tertiary,,26.288126377036924,92.18174582720847,0.45189531066611444,55.09469626931583,3.850453516048177,17
way/968413013,,tertiary,,26.2888998,92.17949535,0.03001043651846175,53.58425521850586,1.0641028925250964,3
way/968413014,,tertiary,,26.28670413465735,92.18573297974316,0.2580465616711093,56.00383262634277,3.497970728941275,10
way/968413015,,tertiary,,26.28722365,92.1841823,0.07414323762145258,51.581183433532715,3.3903196721615636,4
way/968956579,,tertiary,,26.26818363205526,92.12800558379918,8.468370900532369,53.96726036071777,0.8426240095062926,60
way/968956582,,tertiary,,26.24950580670206,92.07804209531854,0.5386450199902282,57.269075895610605,5.598004636319219,19
way/968956583,,tertiary,,26.2501175,92.0807763,0.07285868309799255,51.12611484527588,7.872386682422184,4
way/968959717,,tertiary,,26.29327616989406,92.16218550826676,0.73378951393656,52.86552179776705,1.29899274335042,26
way/968959718,,tertiary,,26.294437600000002,92.15802930000001,0.16771685130591,50.486968994140625,0.9688236978470911,7
way/968959719,,tertiary,,26.29200814927272,92.16951204640121,0.6736112468044996,54.28128973642985,2.3324869505360613,24
way/968959721,,tertiary,,26.293071597425893,92.16609724446984,0.05477309556227311,53.227362314860024,1.6037441158167525,3
way/968963644,,tertiary,,26.25369845857494,92.09000074738466,0.4071320087381494,50.23674697875977,0.6090399845711747,15
way/968963645,,tertiary,,26.25611305,92.09454335,0.026377880848599263,51.53988075256348,2.506501766093158,2
way/968963759,,tertiary,,26.229908314752176,92.11142575951327,0.4561158301555682,57.39704827701344,1.7147411562038215,17
way/969132122,,tertiary,,26.296037517314364,92.13812401806304,0.16115408906749243,57.30440139770508,1.8064854099874923,7
way/969538368,SH3,primary,,26.261852042803017,92.04570629281454,1.6912371173605054,54.83493449770171,1.8958837261705483,58
way/969538369,SH3,primary,,26.2598278,92.0540264,0.07997719187565339,53.50696563720703,6.552926588999811,4
way/969540128,,tertiary,,26.286408852643202,92.19019582544395,2.624055360135847,48.49436461130778,2.2144039700832416,60
way/969680905,SH3B,primary,Kajali Mayang Road,26.223271461397324,92.03378177884538,0.28649197442547053,54.640006672252305,5.134658765600725,11
way/969680906,SH3B,primary,Kajali Mayang Road,26.2247354,92.03375424999999,0.06190383230462084,50.7181282043457,9.833219702981111,4
way/970251952,,tertiary,,26.24481016372567,92.12592460217631,1.29570461400821,54.029074605305986,4.229223316379677,45
way/970251956,SH3,primary,,26.229831098668285,92.12169404631767,1.627036704671553,58.87119061606271,2.386895419418067,56
way/970251958,,tertiary,,26.26091611559025,92.1400462380858,1.2486036879133573,51.096301855042924,1.2024388698012813,43
way/970251959,,tertiary,,26.25053291633604,92.13528252166503,1.2208924457219663,55.57848912193661,3.9087235406968497,42
way/970251960,,tertiary,,26.25508605,92.138757,0.07397200026912831,50.71250343322754,6.39404999403083,4
way/977963755,NH6,trunk,,25.951070626771536,91.86542442594937,21.599318270321668,319.7716168721517,2.8521024996279354,60
way/977963756,NH6,trunk,,25.95100331573459,91.86534175711364,21.612484416864987,319.8598808288574,2.934224248947032,60
way/977963757,NH6,trunk,,26.01022673184541,91.8658724835989,0.17526071046475633,202.45305960518974,7.081959401126529,7
way/977963758,NH6,trunk,,26.01413952794091,91.86597219413112,0.8053854887101184,176.4909499032157,4.806683553977702,28
way/977963759,NH6,trunk,,26.016168814733835,91.86689125465432,0.6179315658469035,139.97384920987216,4.743087667664851,22
way/977963760,NH6,trunk,,26.014060103614412,91.8660866597826,0.7854956746034301,178.53877312796456,5.001912097275097,28
way/977963761,NH6,trunk,,26.02650637670069,91.86870336921511,1.8587287349787531,109.58789825439453,9.024569712960849,60
way/977963762,NH6,trunk,,26.037482688393528,91.86766297231054,0.8975962735210788,76.38103977326423,6.102714772868082,31
way/977963763,NH6,trunk,,26.0419835,91.86776699999999,0.16675676403887135,61.004060472760884,7.148051865359503,7
way/977963764,NH6,trunk,,26.030367814544775,91.86928243065492,2.7339461318012765,102.57936108907064,9.116288880020061,60
way/986827273,,tertiary,,26.248472137563425,91.78207666748939,0.06192201498615782,56.15165615081787,4.478204626584852,4
way/991928708,,tertiary,,26.175659524261484,91.74734689137168,0.15266900078637569,50.424891880580354,2.061365449312393,7
way/997400499,,tertiary,,26.197022421530605,91.79924833385988,0.04901374224978449,72.38013203938802,3.0566753713724566,3
way/1000095930,,primary,Mahapurush Srimanta Sankardeva Path,26.14093722998439,91.7960365331839,0.04268851620029099,56.285292307535805,0.48372315366718677,3
way/1000095932,,primary,Mahapurush Srimanta Sankardeva Path,26.14177387581793,91.79524956403016,0.1066830268786541,55.221188354492185,1.0830291869782338,5
way/1000095933,,primary,Dispur Flyover,26.1422163,91.79453849999999,0.12665739961906328,55.49051284790039,0.8549464070062477,6
way/1000095935,,primary,Dispur Flyover,26.140326345496508,91.7969145368649,0.5067803499318007,55.296689139472115,1.636869464909371,18
way/1000095937,,secondary,,26.14272146212989,91.79359619296108,0.18440422518052438,56.34565353393555,1.9735519474197043,8
way/1000095938,,secondary,,26.1421062,91.79439095,0.026003736708823673,55.79144287109375,1.468197757651692,2
way/1013969997,,secondary,,26.174039748034538,91.75736373950043,0.2295526826638166,54.390235900878906,2.6412549750881125,9
way/1013969998,,secondary,B K Kakati Road,26.174142138228394,91.7572670710841,0.24257414490170817,54.08069686889648,3.1652398569289883,10
way/1014551111,,primary,G.N.B Road,26.185561263977515,91.75255624379183,0.1030374312316375,55.51780700683594,3.414124239804801,5
way/1024517887,NH27,trunk,,26.164873399999998,91.6712387,0.029796710352319056,53.13326454162598,6.34800915627652,2
way/1024796518,NH27,trunk,,26.1110811,92.1715286,0.029987137306759094,62.11475372314453,1.5704003670617184,2
way/1024796519,NH27,trunk,,26.103149679661676,92.14718709664422,4.068076515327244,58.87716503143311,0.4360229666837666,60
way/1024796520,NH27,trunk,,26.103315405041332,92.15033869926307,4.714629648960308,59.14073314666748,0.3539785406934491,60
way/1024796521,NH27,trunk,,26.1109687,92.1715135,0.011934331582777943,61.926992416381836,2.143045275779532,2
way/1024796523,,trunk_link,,26.104535300000002,92.16019585000001,0.012465399058610604,58.8463249206543,0.07949828526977369,2
way/1024796526,,secondary,,26.074567000000002,92.16520449999999,0.03804038039542039,71.2769292195638,11.622958682709593,3
way/1024796528,,tertiary,,25.98507057412468,92.11637538323808,0.025821675214304136,357.3448181152344,0.0,2
way/1024796529,,tertiary,,25.98500865,92.1166005,0.023603059780038637,355.2755432128906,9.945120922749652,2
way/1024796530,,tertiary,,25.987952225006033,92.1231545501374,1.609378399888008,399.01682350852275,9.183337759908866,55
way/1024796531,,tertiary,,25.993494335519102,92.11084028662479,3.967226419216036,469.05315755208335,6.548404429808735,60
way/1024796532,,tertiary,,25.97462978102171,92.10445022145487,4.151272286872523,484.4694112141927,5.139016146672297,60
way/1038595629,,primary,,26.178975100000002,91.75155215000001,0.006187637326801943,57.194440841674805,8.691376791781678,2
way/1038928900,,tertiary,NH37,26.11262248088125,91.80197208364906,0.8454720902767012,62.29578946431478,1.7898454168754985,30
way/1038928901,,tertiary,NH37,26.1112395,91.78919065,0.032340252319418776,60.575262705485024,2.9427253795494304,3
way/1039076875,,secondary,Radha Gobinda Baruah Road,26.1596592,91.78179180000001,0.007193640052151739,56.27578163146973,33.434272184577836,2
way/1041338049,,secondary,Radha Gobinda Baruah Road,26.156754756881973,91.78274513042854,0.7501283835093211,53.643497749611186,2.3239120572431107,27
way/1041439024,,tertiary,,26.176307059117164,91.97884593597908,3.987734195116557,61.49957014719645,2.4532099816427504,60
way/1054721874,,primary,Dighalipukhuri Road,26.187138137325327,91.75037870498974,0.27783350997782474,57.287138505415484,6.920756136135308,11
way/1054721875,,primary,,26.189686209483867,91.75084909908198,0.18047538082139022,61.54305839538574,3.7781234270414044,8
way/1070137324,,tertiary,Kiling - Basistha Road,26.076401702792882,91.81043938069796,14.135241199942733,176.4596295674642,3.436486115975445,60
way/1071899994,,tertiary,,25.929949197191473,91.57189017168282,18.436599744385454,270.98994776407875,3.3939611844870674,60
way/1088731462,,secondary_link,,26.164689330752193,91.76897325570873,0.024014084416472854,57.626726150512695,7.461200969876774,2
way/1090679517,,tertiary,,25.995453543620396,92.13003133923952,0.8063882558985409,420.7485776628767,8.29508357366619,28
way/1101700465,,primary,Mahapurush Srimanta Sankardeva Path,26.14604215726541,91.78986830576864,0.13158418201648134,55.34800148010254,1.6167968600112093,6
way/1105224532,,primary,Mahapurush Srimanta Sankardeva Path,26.140152797183664,91.79730069294106,0.43982019996562854,55.13718938827515,1.1876042898627417,16
way/1111679623,,trunk_link,,26.099778514676963,91.61228260196633,0.05109161886698788,50.84451802571615,1.993691729404142,3
way/1111679624,,trunk_link,,26.099233170511926,91.61209111379627,0.04380308739351059,52.59123102823893,1.3914401489674577,3
way/1117743812,,secondary,,26.14147545,91.79548410000001,0.018177563657044427,54.666948318481445,1.7590434839733968,2
way/1118012912,NH27,trunk,,26.148418649091692,91.67802378489982,1.6093267428260325,50.293275729092684,1.6665972812491618,55
way/1118012913,,trunk_link,,26.141486233748317,91.67570849641687,0.013587691925693417,49.775468826293945,4.438748571640313,2
way/1120259397,NH17,trunk,,26.086877915603154,91.56558312392819,1.24942191524232,51.896562531937,2.039652246683936,43
way/1124976974,,secondary,Guwahati Medical College Road,26.15851123760728,91.76226197164306,0.819418322515974,56.97696041238719,1.8138307237735667,29
way/1125145370,,tertiary,Hem Baruah Road,26.182564979365964,91.74058554554294,0.15002859016832873,60.98169544764927,3.295530689142795,7
way/1125145372,,tertiary,Hem Baruah Road,26.1866183,91.74337935,0.10702610388691841,61.53316650390625,5.2483509947060645,5
way/1133073673,SH3B,primary,Kajali Mayang Road,26.24103985,92.03676285,0.04360387195781348,52.31478373209635,5.136218288707048,3
way/1133073674,SH3B,primary,Kajali Mayang Road,26.232992036789412,92.03490918706258,1.7901913225452672,52.11044413248698,0.8996187709995476,60
way/1133073675,SH3B,primary,Chamata Mayang Road,26.12571355,92.00455495,0.019299907298017886,53.580162048339844,0.7573984774905332,2
way/1133073676,SH3B,primary,Chamata Mayang Road,26.123132123499865,92.00226363813188,0.7266513518927836,56.2066208766057,2.425120498135523,26
way/1133094844,SH3,primary,,26.208807481031066,91.86596914502233,1.9852154727158842,58.489440218607584,4.748752261108819,60
way/1133094845,SH3,primary,,26.2135172,91.87343115,0.014184363835246065,55.241933822631836,20.119995742573295,2
way/1133094846,,primary_link,,26.1870331,91.84293595,0.009685848590326812,56.518754959106445,13.085976465646933,2
way/1133623075,SH3,primary,,26.231575324476367,92.11042072459435,0.7977954271329745,54.2476738521031,1.209068802290526,28
way/1133623076,SH3,primary,,26.231892000000002,92.10623215000001,0.05279226678902132,54.654763539632164,3.2688744896859,3
way/1133623077,SH3,primary,Kajali Mayang Road,26.25588415,92.016527,0.055240170065358855,52.0590451558431,0.1397596494647507,3
way/1133623078,SH3,primary,Kajali Mayang Road,26.26669114616626,92.02605450704108,3.3510280473989518,55.69694086710612,1.001097256807833,60
way/1133623079,SH3,primary,Kajali Mayang Road,26.248749410277217,91.97027314961947,0.542449268589937,59.35853538513184,4.293809888811128,20
way/1133623080,SH3,primary,Kajali Mayang Road,26.2483993,91.97289415,0.02619202010455041,55.91167640686035,1.187030428764432,2
way/1133623081,SH3,primary,Kajali Mayang Road,26.24655521082915,91.96306754666969,1.0574487474963372,61.41032677727777,3.9955075553416566,37
way/1133623082,SH3,primary,Kajali Mayang Road,26.24872225,91.96781404999999,0.024279899252879936,52.32526779174805,0.10579060952265713,2
way/1133773953,SH41,primary,,26.210196165846845,91.59088282665601,7.281213390281426,51.99487298329671,0.9601874990461533,60
way/1133773954,SH41,primary,,26.20789139099114,91.5429137295764,0.17561443316661854,48.22575977870396,2.118356210225414,7
way/1133773955,SH41,primary,,26.20880125,91.54275835,0.02826779829722488,45.425764083862305,1.2532391207324427,2
way/1133773956,SH41,primary,,26.211655997493757,91.54287674501455,0.6042900969880477,47.34150140935724,1.3212586425070119,22
way/1133773957,SH41,primary,,26.2169733,91.54308424999999,0.06981165734392836,48.77206516265869,8.574654519233633,4
way/1133773958,SH41,primary,,26.22606474898288,91.5384242822342,2.2112391994736074,48.40938135782878,2.2000167312675147,60
way/1133773959,SH41,primary,,26.234065649999998,91.53207710000001,0.02078846257166252,48.13628578186035,0.985688572241873,2
way/1133805916,SH9,primary,,26.278612486590752,91.51082959642098,1.0750790618886468,48.5352992495975,2.0417133769234592,37
way/1133805917,SH9,primary,,26.282756,91.5079878,0.03851146396689201,47.29319636027018,3.0166069534659297,3
way/1133805918,SH9,primary,,26.2897521,91.50385365,0.030518113474482286,47.879966735839844,9.570137729202797,3
way/1133805919,SH9,primary,,26.290790911660718,91.50276890511506,0.2845448491110028,49.126792907714844,2.463133792185393,11
way/1133805920,SH9,primary,,26.291712699999998,91.50152030000001,0.039869217793384246,46.52764638264974,2.4367203012857646,3
way/1133805921,SH9,primary,,26.294571227936945,91.49853536393815,0.8311346955869654,13.337416155584927,2.9663617789253918,29
way/1134090039,NH427,trunk,,26.27353110375897,91.50310768134483,1.8457965276552362,35.340612920125324,2.7056805196834257,60
way/1134103725,NH427,trunk,,26.184618775668717,91.6671376212925,0.07403164066841203,51.37419414520264,1.9460084213891438,4
way/1134103726,NH427,trunk,,26.18811483151036,91.66750420393247,0.8582945756504755,51.714728927612306,1.4102567870841458,30
way/1134409399,,tertiary,NH37,26.1112340305987,91.7886998502085,0.06584999745713575,61.19141864776611,2.1103961581783737,4
way/1134698727,,trunk_link,,26.100642399999998,91.87340635000001,0.009886116714194836,88.7063980102539,0.0,2
way/1134700732,,trunk_link,,26.1034491,91.8604459,0.00956348800676709,125.28485107421875,8.615868212160075,2
way/1134702964,,tertiary,,26.113990079211884,91.83501509385732,0.058273119163099504,121.68940734863281,10.368717808030937,3
way/1134702965,,tertiary,,26.1136564,91.83520695,0.026703461384401314,119.3473014831543,2.0606175451580335,2
way/1134702966,,tertiary,,26.112980908399955,91.83578679211273,0.16663195109557763,124.15218244280133,3.522989876098286,7
way/1134706100,,tertiary,,26.1136432,91.83548189999999,0.019842648047021502,124.80918884277344,0.0,2
way/1134706101,,tertiary,,26.114156267613776,91.8352524686564,0.1013515825548624,120.92281341552734,5.545855865446452,5
way/1134706102,,tertiary,,26.113177204311576,91.83604640824838,0.14446717391176636,124.09640375773112,2.9532891391328073,6
way/1134753279,NH27,trunk,,26.286510900000003,91.71180724999999,0.02886165660749977,51.7210693359375,4.630331125786096,2
way/1134753280,NH27,trunk,,26.294616502488378,91.71407189437474,1.833874077078682,43.90384324391683,1.7393684602214459,60
way/1134753281,NH27,trunk,,26.294655061174282,91.71395153404123,1.8277437277106279,43.71254564921061,2.0446134915910235,60
way/1134753282,NH27,trunk,,26.28656265,91.71167585,0.03172937403957126,50.99120966593424,5.0885082374398785,3
way/1134753283,,trunk_link,,26.2700438,91.7034039,0.01172340583176942,51.5609016418457,0.0,2
way/1134753285,,trunk_link,,26.24065955,91.6884277,0.0109733889829131,49.120004653930664,6.1950265851993915,2
way/1134775131,,secondary,B N Sakia Road,26.11268945,91.79779785,0.05612076602299403,65.14840825398763,4.6442998658797645,3
way/1134862211,NH17,trunk,,26.10417334556269,91.51365340167946,0.0781206363788102,50.87788486480713,5.371524106456264,4
way/1134862212,NH17,trunk,,26.103943039004285,91.51433651343524,0.08078211446643263,51.49283409118652,3.3795648738129773,4
way/1134862213,NH17,trunk,,26.104091369576153,91.51399189300291,0.14620776788818546,49.6093807220459,1.6183417309698787,6
way/1134883576,NH17,trunk,,26.098786874361867,91.59559791010524,0.030580992709255773,50.68073654174805,5.023897097005437,3
way/1134917085,,trunk_link,,26.120251250000003,91.615373,0.010189706702564172,51.14910697937012,0.6251693132199543,2
way/1134920397,NH17,trunk,,26.137438645752013,91.63345631722302,0.7748873993001775,50.504445535165296,1.1250629302145467,27
way/1134920398,NH17,trunk,,26.1373456,91.62946345,0.046173549937672476,48.532782236735024,3.7148968104016022,3
way/1134920399,NH17,trunk,,26.13710454125645,91.62749458063087,0.34259921682664846,49.630296560434196,1.5070523265064868,13
way/1134920400,NH17,trunk,,26.137240249999998,91.62946339999999,0.060854443950781975,48.28208065032959,2.8146655698709435,4
way/1134920401,NH17,trunk,,26.13655705905466,91.62629815317769,0.6476016211883315,49.5701323799465,1.0068752330651798,23
way/1134920402,NH17,trunk,,26.13397985,91.62417145,0.0498530691303592,48.469313303629555,2.125360364824268,3
way/1134920403,NH17,trunk,,26.13391725,91.6242796,0.048691480277745225,48.5974235534668,1.7272367220714397,3
way/1134920404,NH17,trunk,,26.13519042065118,91.62521610797555,0.2893297840197463,48.709625937721945,1.4548110488034014,11
way/1135116793,NH27,trunk,NH37,26.09995350208779,91.87873958176283,0.0803389835901578,82.72481346130371,2.8077531474564785,4
way/1135116794,NH27,trunk,NH37,26.11982291346871,91.89899476899846,8.016181859729077,88.24441973368327,1.5895802236825585,60
way/1135126725,,trunk_link,,26.100940350000002,91.8794622,0.00963666460636886,94.96773529052734,0.0,2
way/1135130867,,trunk_link,,26.12260895,92.0139093,0.012493193814703001,61.901872634887695,10.594260581654664,2
way/1135130868,,trunk_link,,26.1188042,91.99614165,0.013675944152286748,55.70730781555176,0.2578963869502132,2
way/1135130869,,trunk_link,,26.12055205,91.9162427,0.0124860152471533,65.86506652832031,0.0,2
way/1135130870,,trunk_link,,26.10942995,91.88549674999999,0.010658173605150758,141.1841583251953,0.0,2
way/1135139792,NH27,trunk,,26.10684345,92.12743435,0.02285791623492866,56.8223819732666,0.6024279112871521,2
way/1135139793,NH27,trunk,,26.111082268661225,92.11280272110153,3.159186230730754,58.05583610534668,0.5903994386766338,60
way/1135139794,NH27,trunk,,26.11094108903661,92.11279973786027,3.1559636502056465,57.81748816172282,0.6623575468663684,60
way/1135139795,NH27,trunk,,26.1067182,92.12743945,0.025512484242121918,56.07756996154785,0.6189690726670711,2
way/1135139796,,trunk_link,,26.10732055,92.12265024999999,0.011846551821663852,57.70204734802246,5.704103715347247,2
way/1135139797,,trunk_link,,26.1087564,92.116597,0.012714194831478915,58.93891143798828,1.0627110383533942,2
way/1135139798,,trunk_link,,26.1108154,92.11312745000001,0.013842137514557824,57.920654296875,0.0,2
way/1135139799,,trunk_link,,26.1176721,92.10361595,0.01249641293762729,61.624135971069336,3.954127381961284,2
way/1135139800,,trunk_link,,26.11796315,92.0956923,0.01277754483890549,56.22476577758789,1.0840160396914131,2
way/1135139802,NH27,trunk,NH37,26.1148202,92.07358545,0.030025327907076446,59.53890609741211,2.1616881521487166,3
way/1135139803,NH27,trunk,NH37,26.116807719115467,92.09254211196163,1.537916770218976,56.94245910644531,0.7053760634422118,53
way/1135139804,NH27,trunk,,26.11692101585161,92.09250347622728,1.5405573521224032,56.96750079460864,0.8321054344642407,53
way/1135139805,NH27,trunk,,26.1149328,92.07360335,0.033134762456662095,60.08550898234049,3.521449273161104,3
way/1135139806,,trunk_link,,26.1122849,92.0642945,0.013298547127590238,61.50658416748047,2.206896370294177,2
way/1135139807,,trunk_link,,26.1130018,92.06087124999999,0.012538163293034905,61.99375915527344,0.0,2
way/1135139808,,trunk_link,,26.12089965,92.04741805,0.013309254732650393,58.83537673950195,0.0,2
way/1135139809,,trunk_link,,26.1233221,92.0383982,0.012984574528882789,56.01774978637695,0.0,2
way/1135140245,,secondary,,26.122611499999998,91.9732167,0.02298326075424031,56.05213165283203,1.052064268070749,2
way/1135140246,,secondary,,26.12233881032592,91.97319773426219,0.037640303962401166,55.98783493041992,0.4526822321895084,3
way/1135608706,,primary,Assam Trunk Rd,26.176215669749958,91.73141160756914,0.7501188652448579,46.60120462488245,3.629180209728194,27
way/1135615390,,tertiary,,26.19233225,91.75647635000001,0.015018863069886963,56.3647346496582,1.534833534095369,2
way/1135617344,,secondary,Rajgarh Road,26.170249781854835,91.77060209943123,0.8021023998133912,54.3776912689209,2.6834883852603024,28
way/1135617345,,secondary,Rajgarh Road,26.176763765226866,91.77348188119409,0.7588835243369653,54.535714608651624,1.6244762681409244,27
way/1135624341,,secondary,Rajgarh Road,26.165302150000002,91.76829895,0.024912574806163046,53.70004653930664,0.0,2
way/1135624342,,secondary,Rajgarh Road,26.165924700388388,91.76872188921061,0.11309043899984535,55.360009765625,2.6291799637803126,5
way/1135627820,,secondary,,26.172936899615873,91.79349988088066,2.9032323990062316,64.53714447021484,1.9597359720148753,60
way/1135638795,,secondary,Satgaon Main Road,26.169568518352516,91.82905298488888,0.14953940764838933,55.20538775126139,0.9755592490661812,6
way/1135638796,,secondary,Satgaon Main Road,26.16883465,91.829511,0.03706989577884904,54.899182637532554,1.017548760560058,3
way/1135643962,,tertiary,,26.149141651426902,91.69714623715326,0.32953520228385624,56.022223154703774,2.4575282771520475,12
way/1135659899,,trunk_link,,26.104320775451207,91.51390473491611,0.08201562156776439,49.151710510253906,0.13867152495236196,4
way/1135659900,,trunk_link,,26.10418904709508,91.51428222202546,0.046234182258169824,50.65682601928711,11.198134037205651,3
way/1135659901,,secondary,,26.10452455,91.51465214999999,0.056319067702424216,47.78911209106445,2.3987171488558667,3
way/1135659902,,secondary,,26.10427733137779,91.51417691059086,0.05629778025646942,50.586856842041016,9.520289062332912,3
way/1135659903,,secondary,,26.1046805,91.51509135,0.03815523523447346,47.08456548055013,1.946832318530511,3
way/1135659904,,secondary,,26.104315329161878,91.51411860329716,0.06229639048491275,50.25252723693848,8.41355708248446,4
way/1135663704,,tertiary,,26.157546235017673,91.67127847654393,0.05737498259304479,53.259072621663414,3.0338637541774696,3
way/1135663710,,tertiary,,26.083840501737757,91.57733149482199,0.18812641133354796,52.9341835975647,2.854380816357892,8
way/1135670522,,secondary,Bhangagarh Flyover Ramp,26.163270400000002,91.7676737,0.01056202294885936,54.18739700317383,8.08984905918422,2
way/1135670523,,secondary,B. Baruah Road,26.17513895,91.7574997,0.018995956450412944,56.75868225097656,7.385505011217354,2
way/1135672923,,secondary,Ganeshguri Flyover,26.15330375,91.7839715,0.0055935391436044415,53.325477600097656,0.0,2
way/1135672924,,secondary,Ganeshguri Flyover,26.15343395,91.7839596,0.02353061595964637,53.07132530212402,1.2375017841465492,2
way/1135672925,,secondary,Ganeshguri Flyover,26.15342245,91.78390265,0.024197074532569408,53.07132530212402,1.2034275121306524,2
way/1135684882,,tertiary,,26.110840612493057,91.79761706228767,0.2649713044239334,62.26575927734375,1.6118476093182652,10
way/1135684883,,tertiary,,26.11084384294944,91.79767280366607,0.2675428414486296,62.174631118774414,0.7425630783805476,10
way/1135684884,,tertiary,NH37,26.111620918546226,91.79468191402384,0.6165402507761115,61.76078501614657,1.6940218103000082,22
way/1135704871,NH27,trunk,,26.185633751232523,91.67122635963763,0.5021101094288145,55.27276929219564,1.5904047982382343,18
way/1135704872,NH27,trunk,,26.190787234199274,91.67020394196028,0.16810606017456367,51.149503980364116,1.6482987970267666,7
way/1135713424,,tertiary,,26.195052395722804,91.79933811433362,0.6136335686313619,71.20956767689098,3.012777213688491,22
way/1135713425,,tertiary_link,,26.196254500000002,91.7994106,0.006677930123778911,74.47402954101562,0.0,2
way/1135713426,,tertiary,,26.199967184342313,91.79898381818172,0.5148256345878586,82.05126471268504,7.556837224723367,19
way/1135713427,,tertiary,,26.19505176697289,91.7994172809179,0.6119761290183805,71.3585818897594,3.1152885969312223,22
way/1135727015,NH27,trunk,,26.114923250470426,91.72298819670011,0.558261846676448,51.65826969146728,1.1374213760554663,20
way/1135727016,NH27,trunk,,26.11557971690974,91.71991659684998,0.07293679364873215,51.1805305480957,1.2922475647666216,4
way/1135727017,,trunk_link,,26.1136582,91.7300937,0.02167723456766145,51.08365058898926,0.09416268154548062,2
way/1136955005,,primary,,26.158835099999997,91.6886864,0.033950515428002835,52.33704503377279,0.42349805625412823,3
way/1137202314,,tertiary,,26.277456795990453,91.78928203969626,7.25878692751159,46.266492207845054,1.0681275985522125,60
way/1137494323,,tertiary,,26.2902610391317,91.64830859050778,1.3498716807606645,52.7282890651537,2.655134063340927,46
way/1137494324,,tertiary,,26.28914665,91.65484900000001,0.025012805173972804,48.08642387390137,3.940481952393261,2
way/1137494329,,tertiary,,26.26655177067468,91.6709310675204,1.7097515475902125,51.06384329960264,2.286904777011491,58
way/1137494330,,tertiary,,26.267467582509713,91.66139985162462,0.29910247484645214,50.446071277965196,1.8542211286500678,11
way/1137494331,,tertiary,,26.26709975,91.66294915,0.029923822119110884,52.600528717041016,3.7475862078825757,2
way/1137497049,,tertiary,,26.27401193493618,91.64602678380945,1.1306950157721967,55.020204103910004,3.816501389497367,39
way/1137497050,,tertiary,,26.270869,91.6492533,0.04279922262514894,48.14703369140625,2.9797008913434855,3
way/1137545567,,trunk_link,,26.26160075,91.6955272,0.012530500845750369,50.87863540649414,0.0,2
way/1138267124,,tertiary,,26.235594503503165,91.68716612415972,0.9307803065725921,54.27318364923651,1.6739174963298993,33
way/1138267125,,tertiary,,26.23528785,91.6826288,0.023063979622368884,53.45546340942383,3.35618573451256,2
way/1138566511,,tertiary,,26.27538634621143,91.83161353006354,3.3735312701437707,53.507541275024415,1.1239550796686137,60
way/1138566512,,tertiary,,26.2631844,91.82410145,0.008911867332233498,50.17836380004883,0.0,2
way/1138573688,,tertiary,,26.29940335,91.6386696,0.09930932331254302,60.820824432373044,8.826466326089914,5
way/1138573689,,tertiary,,26.2992682,91.63771715,0.09328365105822284,49.20684661865234,5.072215622525872,5
way/1138626660,SH3,primary,Kajali Mayang Road,26.24524167358736,91.9769756381328,1.129142323917886,57.331910157815,3.859576065989315,39
way/1138626661,SH3,primary,Kajali Mayang Road,26.243149250000002,91.98157475,0.008170026544816593,52.63970947265625,0.0,2
way/1138647251,,tertiary,,26.295607609131665,91.8261572912006,1.794797707713929,55.02450726826986,6.835941251804549,60
way/1138647252,,tertiary,,26.28892455,91.83037765,0.038992839346718246,51.78637440999349,1.6586301079911636,3
way/1138655104,,secondary,,26.1574699163929,91.94975533030383,4.385375641113365,70.6147108078003,1.4147165491646527,60
way/1138655105,,secondary,,26.16108195,91.9353207,0.013403390023059524,111.17234802246094,0.0,2
way/1138665289,,tertiary,,26.130692340348027,91.54912245479676,0.6304525091643349,52.13249140200408,2.414308476516011,23
way/1138669127,,tertiary,,26.28805975,91.5888746,0.032663936529455456,51.99718348185221,4.4239370563235045,3
way/1138669128,,tertiary,,26.2888378,91.5891662,0.1493247079219866,48.08182843526205,4.793612304498161,6
way/1138672177,,tertiary,,26.13546326076168,91.56037423245687,0.14142388448486515,51.44753392537435,1.233093169507658,6
way/1138687245,,tertiary,,26.29372065334124,91.84655176318358,6.27843469348776,35.070380274454756,1.1465921399408958,60
way/1138688164,,tertiary,,26.159546241719852,91.95411130257241,0.20726324057689222,61.48256206512451,1.2965777391695057,8
way/1138688165,,tertiary,,26.1605052,91.95436535,0.010444148921495332,62.39059829711914,0.0,2
way/1138688166,,tertiary,,26.162946077981015,91.95769072658489,0.9321372644757479,62.95174130526456,2.323148247199056,33
way/1138688167,,tertiary,,26.1662847,91.96048525,0.01207482736300522,60.5851936340332,2.7057466984956173,2
way/1138688168,,tertiary,,26.167222868989903,91.96124003956993,0.2406799514754186,60.1718074798584,0.7048945522122019,10
way/1138688169,,tertiary,,26.16781255,91.96229045,0.01612364612504072,61.04399108886719,0.25362403257381316,2
way/1139102828,,secondary,,26.14965915367314,91.97087912828775,0.6041187466422433,56.170841390436344,2.1520400585358024,22
way/1139102829,,secondary,,26.15182235,91.96902795,0.009999169751969962,55.29040336608887,6.886001871434408,2
way/1139107222,,tertiary,,26.292780756718958,91.54517789910011,2.192002495119293,45.929738744099936,2.868443767963455,60
way/1139112798,,tertiary,Kamarpur Bhaktagaon Road,26.22046153303089,92.1013857393214,1.3574462778978917,53.29315907904442,1.1486254163182386,47
way/1139112799,,tertiary,Kamarpur Bhaktagaon Road,26.21431735,92.1017794,0.016652362037690202,50.280080795288086,1.8559797341464075,2
way/1139112800,,tertiary,Kamarpur Bhaktagaon Road,26.213275762609992,92.10136682339429,0.23493534020979157,51.0984976026747,1.282147118648397,9
way/1139112801,,tertiary,Kamarpur Bhaktagaon Road,26.21204795,92.10080205,0.07094370394201753,51.34981632232666,4.433530954287618,4
way/1139115768,,tertiary,,26.250918083865468,92.08475081779707,0.7822922754918356,50.65522057669504,0.7606039939742,28
way/1139115769,,tertiary,,26.252741649999997,92.08819535,0.011265426858903393,50.90996551513672,5.119731260833024,2
way/1139115770,,tertiary,,26.255377209353867,92.09315899616733,0.2948759436236119,50.537724234841086,0.7405850551119787,11
way/1139115771,,tertiary,,26.2546608,92.09182505000001,0.015232720414829624,49.66951560974121,1.3808721285903762,2
way/1139117559,,tertiary,,26.231851849999998,91.93680785000001,0.03630488040722166,57.80904006958008,7.822284824202423,3
way/1139117560,,tertiary,,26.233133979664768,91.93721865826541,0.1516290693727683,56.12503869192941,2.0348170521961317,7
way/1139129310,,tertiary,,26.195852024379896,91.981908848973,3.4882694029638692,65.25007934570313,4.702305703968928,60
way/1139129311,,tertiary,,26.2007526,91.97157115,0.01693446008542313,52.57285118103027,2.2429344557993725,2
way/1140684457,,tertiary,,26.266544885426256,92.14023420224974,0.28306060017003415,51.704682783647016,2.4364067137737524,11
way/1140684458,,tertiary,,26.268054081697493,92.13930073237997,0.030875903389095256,51.90234883626302,0.566216416866212,3
way/1140684459,,tertiary,,26.2678347,92.13952675,0.03547219844920294,51.344557444254555,3.080116586553772,3
way/1140705687,,tertiary,,26.17030515,91.5376477,0.0319127586273252,50.70989481608073,0.9041946810682866,3
way/1140709809,,tertiary,Kamarpur Bhaktagaon Road,26.20301776555868,92.10027374969566,1.955618113636292,53.11542510986328,2.5885469378678527,60
way/1140709810,,tertiary,Kamarpur Bhaktagaon Road,26.19401895,92.0828674,0.006250550755174535,52.04640769958496,0.42187510869995287,2
way/1140709811,,tertiary,Kamarpur Bhaktagaon Road,26.19721580767332,92.07509331131229,1.6945970932240124,56.251484377630824,2.2109060106839564,58
way/1140714886,,trunk_link,,26.12111185,91.94038180000001,0.011946189242642166,61.13813781738281,0.0,2
way/1140714887,,trunk_link,,26.12218755,91.92929225,0.012342998998056008,65.14262390136719,0.0,2
way/1140718397,,tertiary,,26.215888831483657,91.4978890387172,1.7414156925126438,11.096296628316244,1.379354253788011,60
way/1140719455,,trunk_link,,26.1215172086468,91.93744186221397,0.06917747243538051,62.1845121383667,0.4621449695042135,4
way/1140719456,,trunk_link,,26.121172363248192,91.93821939236608,0.07041095979147073,60.36012363433838,0.3350918305027572,4
way/1140719457,,trunk_link,,26.121444629779305,91.93809714155921,0.03959957886484296,61.573140462239586,0.7238700737897352,3
way/1140719458,,trunk_link,,26.12150385,91.9378471,0.012318628395103712,61.86547088623047,0.0,2
way/1140719459,,trunk_link,,26.121253597925516,91.93751571365917,0.048629462704238305,61.70409901936849,2.2693033856928095,3
way/1140719460,NH27,trunk,NH37,26.118087708874768,91.95853632865345,4.232805979019727,57.99748477935791,0.45909286911822406,60
way/1140719461,NH27,trunk,NH37,26.12129955,91.9378207,0.012496090060792624,61.86547088623047,0.0,2
way/1140719462,NH27,trunk,NH37,26.118184543875444,91.95866658764344,4.256917534076631,58.28942985534668,0.6352108897494892,60
way/1140719463,NH27,trunk,NH37,26.12141,91.93783479999999,0.012333669303851972,61.86547088623047,0.0,2
way/1140719945,,trunk_link,,26.1211853,91.9378081,0.012195542077077988,60.50426483154297,0.0,2
way/1140764373,,tertiary,,26.2694304,91.65264214999999,0.020551063583881896,48.296464920043945,1.5757385804276174,2
way/1140764374,,tertiary,,26.269287850045263,91.65181131033528,0.14838334484548776,51.04282887776693,3.0445792051364964,6
way/1140764375,,tertiary,,26.269162,91.6509523,0.025571524518092,51.22639083862305,1.620381694760914,2
way/1140764376,,tertiary,,26.269651681145206,91.64979263528281,0.2467202043312999,51.98223304748535,2.0358457525563143,10
way/1140794599,,tertiary,Kamarpur Bhaktagaon Road,26.193365952883997,92.08992648330133,1.532582614977969,53.990178881951095,2.656107106380788,53
way/1140794600,,tertiary,Kamarpur Bhaktagaon Road,26.195566200000002,92.096896,0.023581823945330045,53.22441291809082,2.9091966930184414,2
way/1140799881,,tertiary,,26.249393380672817,91.51249341524705,2.603906732670429,49.130812327067055,1.9069098304558363,60
way/1140799883,,tertiary,,26.24478752683805,91.52255240791082,0.19490176776620988,50.03928756713867,1.5187807093345924,8
way/1140799884,,tertiary,,26.24387845,91.5220713,0.030175400500889613,46.82721837361654,2.2398998951042883,3
way/1140799885,,tertiary,,26.23295526694149,91.50183011383244,0.5187947591708283,44.70596574482165,7.2330625012354455,19
way/1140799886,,tertiary,,26.23413765,91.50426765,0.030928741427141342,45.66911697387695,0.44364421477089294,3
way/1140831183,,tertiary,,26.121531989522946,91.53184990289404,3.391062527916636,50.51319726308187,1.4357516829788175,60
way/1140854313,,tertiary,,26.110285512338837,91.51155526110622,0.08760818272613848,53.56252193450928,1.9479394039763582,4
way/1140854314,,tertiary,,26.10979455,91.51144199999999,0.023529331621458555,49.90883445739746,8.586210757876406,2
way/1140908110,,tertiary,,26.261926900249968,91.50687920165728,2.104160654829969,42.67468967437744,2.7324641524468958,60
way/1141042992,,tertiary,,26.2924418,91.71296960000001,0.018358709867682257,50.64564514160156,3.9898162485753437,2
way/1141042993,,tertiary,,26.292541749999998,91.71269065,0.041604054975818705,50.31567509969076,1.281042095715174,3
way/1141059599,,tertiary,,26.278704949999998,91.52182635,0.03483248835009573,46.06692632039388,0.41647144429734567,3
way/1141059600,,tertiary,,26.278691504078413,91.52099783517606,0.13127804868061535,48.42244084676107,2.5124303524505747,6
way/1141065212,,tertiary,,26.289246976437383,91.69334796324955,0.6775273301925518,51.39331213633219,2.597629876347446,24
way/1141065213,,tertiary,,26.2923269,91.69234175,0.036829909760674545,49.42756907145182,4.066859878325015,3
way/1141068041,,tertiary,,26.112757623939153,91.96665914947339,0.8505274113679877,57.42026240030925,1.451048164980387,30
way/1141851188,,tertiary,,26.26457555,91.52814175,0.016694697692345488,49.83075714111328,7.7739849997560535,2
way/1141851189,,tertiary,,26.26429879218376,91.52004570373155,1.7195426995894791,53.02175683490301,3.2491600076304783,59
way/1141857183,,tertiary,,26.2567104,91.53526495,0.11486310707182786,48.11994857788086,7.277239662018581,5
way/1141857184,,tertiary,,26.255834999999998,91.53505095,0.08376978844588175,52.92560005187988,1.7802735235644178,4
way/1141857185,,tertiary,,26.25738228001809,91.53557817056306,0.052689169698282676,51.72789764404297,0.8863429245486959,3
way/1141885206,,tertiary,,26.289066050000002,91.5217558,0.03197549751471799,45.467028299967446,0.35396804299293466,3
way/1141885207,,tertiary,,26.295021228557214,91.52312826544231,1.3598761716755194,44.84050020258477,3.3783585561885143,47
way/1141885755,NH27,trunk,,26.11886632546585,91.99550036520692,1.7750102994905317,56.51895014444987,1.2954196000281797,60
way/1141885756,NH27,trunk,,26.1213457,92.00372665,0.016393438099550524,55.32305717468262,3.386925880635045,2
way/1141885757,NH27,trunk,NH37,26.11873877926903,91.99553927184976,1.7857052099453938,57.25771643320719,1.8300828092609973,60
way/1141885758,NH27,trunk,NH37,26.1212144,92.0038318,0.017712038382718287,59.23348426818848,21.145462873747316,2
way/1142036316,,tertiary,,26.290526117343205,91.76556051034886,0.08560478351811082,53.54644775390625,4.044056436642203,4
way/1142036317,,tertiary,,26.29011265,91.76561050000001,0.006812161265018586,51.81805229187012,1.0513933772409034,2
way/1142104187,,tertiary,,26.223970340195525,91.49894454930092,0.40168344593832833,13.084286499023438,4.38693667612503,15
way/1142114093,,tertiary,,26.305397646999182,91.6246668302995,3.9474184122837332,3.445466423034668,0.7566464323334051,60
way/1142114729,SH41,primary,,26.21552601681695,91.5431538329893,0.25444536142765256,49.09020652770996,2.846102047249021,10
way/1142114730,SH41,primary,,26.214369650000002,91.5432437,0.0025263729670476636,46.71491622924805,0.0,2
way/1142114917,NH27,trunk,,26.11473868363603,92.07645853301315,0.5433551417027223,60.324211311340335,0.7619987242186598,20
way/1142114918,NH27,trunk,NH37,26.114628296914397,92.07641797198943,0.5418143561310781,60.17133274078369,0.8427020514654947,20
way/1142114919,NH27,trunk,NH37,26.113781135645695,92.08236295003891,0.6763832050925616,60.074834982554115,0.8304638347404932,24
way/1142114920,NH27,trunk,,26.113880766140387,92.08236663139915,0.6678154290231068,60.006702740987144,1.0290582127896586,24
way/1142424180,,secondary,,26.186736628805935,91.70628283388798,0.9218328209529489,52.9018349647522,1.2811846171872059,32
way/1142424181,,secondary,,26.185287250000002,91.7017915,0.02987413573855812,52.882375717163086,1.8433537034249563,2
way/1144568726,,tertiary,,26.286368984343955,91.6052874351539,1.0533100215463809,56.86883060352223,3.364382971709737,37
way/1144580651,,secondary,,26.29809145,91.6655435,0.023699604793984187,48.38505172729492,0.0,2
way/1144580652,,secondary,,26.296401225593552,91.66607853371411,0.36629838447317503,49.56476320539202,2.0816464738700673,14
way/1144580653,,secondary,,26.2947012,91.6665081,0.020525986262845058,48.7460823059082,0.0,2
way/1144580654,,secondary,,26.300402761235688,91.66453310908715,0.5279789259143706,20.425296783447266,3.5647315003416065,19
way/1144654341,,tertiary,,26.133309523951844,91.55450004066164,0.5921269329780583,53.010158357166105,2.18062628273361,21
way/1144654342,,tertiary,,26.135317071711455,91.55863551335457,0.3491416275610567,52.12884726891151,2.761157397890312,13
way/1144654344,,tertiary,,26.11450332489081,91.51669483130274,0.3427233866640497,53.21873767559345,2.3314693116538097,13
way/1144660988,,tertiary,,26.23215939038301,91.93697862421632,0.043572990776238725,55.84122975667318,8.097627597218684,3
way/1144660989,,tertiary,,26.23238095,91.9371246,0.016037425179060438,54.66098403930664,2.858248833757669,2
way/1144676563,,secondary,,26.115075364765932,91.52803984674307,3.5138281927526958,50.529440561930336,1.8278687279997305,60
way/1144677163,,secondary,,26.12076,91.5420312,0.038897103402840874,53.14976501464844,0.7954914532856533,3
way/1144942346,,primary,,26.170228090183027,91.7475340508488,0.3642144453115451,55.12633541652134,3.9829932168849687,14
way/1144942347,,primary,,26.1717537,91.74829539999999,0.0075633505119115235,55.520172119140625,0.0,2
way/1144942348,,primary,,26.170318621045425,91.74740047264028,0.3755652875138151,54.30246843610491,3.9402119408477865,14
way/1154031784,,tertiary,NH37,26.11136008171338,91.75389085215193,0.8468636570323762,56.643440373738606,0.9979301932677526,30
way/1156261167,,tertiary,,26.12076377480764,91.69104957581713,1.1586416273554858,51.896251583099364,1.4012821271748677,40
way/1180151100,,secondary,,26.1143163285536,91.70867656117858,0.36864103940246457,53.32687023707798,1.198188910110376,14
way/1180151217,,tertiary,,26.115933494758586,91.7190953429245,0.024933294288790386,52.139854431152344,5.936944611771502,2
way/1180151218,,tertiary,,26.11566385756584,91.71819718370351,0.12847544597751823,51.8774782816569,1.9341364674674786,6
way/1180151506,,secondary,,26.15937785761711,91.739982089692,0.28604487496326925,53.396610260009766,2.5890789504203,11
way/1180151507,,tertiary,,26.147598822863745,91.73850843759196,0.46240230254082504,53.09928063785328,2.114018443916852,17
way/1189277617,,tertiary,,26.03475125092393,91.55962242534127,3.865534850043594,52.66351102193197,0.9981015443810616,60
way/1190512285,,secondary,Garchuk Pamohi Road,26.102783909616527,91.68492992969205,4.55266212990869,54.6918078104655,1.4906650821098957,60
way/1190512286,,secondary,Garchuk Pamohi Road,26.1091943,91.6644479,0.009108338980714495,50.787940979003906,0.0,2
way/1190808120,,tertiary,,26.115523058342877,91.718910566201,0.023697584577760708,51.26845932006836,0.0,2
way/1193729434,,primary,G.S. Road,26.167340992500097,91.76593839333535,0.16484309310407635,54.49715968540737,2.4637579768446063,7
way/1199467421,,primary,,26.183434827969556,91.74561504548855,0.07447749076954961,57.122196197509766,3.7804050525354547,4
way/1200772287,,tertiary,,26.180808555892217,91.73995937717152,0.25967847843239383,61.925197982788085,4.96618748844514,10
way/1204084579,NH27,trunk,,26.11190568071358,91.74023160065273,0.349744583418938,55.91133469801683,2.2674968860443694,13
way/1204084580,NH27,trunk,,26.111628332993053,91.74547038810384,0.6984501854445186,56.390180053710935,0.931524069622426,25
way/1204084581,NH27,trunk,,26.111492012481456,91.75214514037897,0.43712230309772954,57.224085092544556,1.508143958145688,16
way/1204084582,NH27,trunk,,26.111591869511685,91.75425435862462,0.8627493646320797,57.61099510192871,1.2907422069054308,30
way/1209648724,,primary,Mahapurush Srimanta Sankardeva Path,26.14326321170639,91.79337571046607,0.39201134784686414,55.56002298990885,2.537302567267154,15
way/1210473142,,primary,,26.18587605,91.75046814999999,0.009629959958997505,56.403297424316406,0.0,2
way/1210473143,,primary,Dighalipukhuri Road,26.18585785,91.7505141,0.007279946945978967,56.403297424316406,0.0,2
way/1211521032,,secondary,Beltola Road,26.13713905351782,91.79117000635378,0.1319037667551562,55.74147097269694,2.0836925741976673,6
way/1211537585,,secondary,Lokhra Road,26.11177165,91.7494851,0.02359311082529864,59.33812713623047,5.844850171113874,2
way/1211537586,,secondary,,26.11151985,91.74962835,0.012375765771662122,58.31575012207031,1.0973085825451157,2
way/1214448839,,trunk_link,,26.11398505,91.72755774999999,0.010229992938290829,51.22330665588379,4.211793190605839,2
way/1216161241,NH27,trunk,,26.111473638572505,91.79023867403356,0.20611787221844832,60.98464488983154,0.9885216794749752,8
way/1218448726,,secondary,Guwahati Medical College Road,26.1626968,91.7673744,0.02994713379963151,53.40780258178711,1.8906928551402096,2
way/1224696303,,primary,ACCOLAND ROAD,26.081216417360025,91.61170758888495,0.05258699336654276,51.92619323730469,0.35263197477988056,3
way/1225015801,,tertiary,M C ROAD,26.191686409008618,91.75684140856228,0.1594958192922983,57.93301500592913,1.4235548317349707,7
way/1234807535,,tertiary,,26.111679799999997,91.78896309999999,0.13043968751387028,60.868225733439125,1.1894522861884531,6
way/1238593177,,primary,,26.18917653595642,91.74581041035782,0.8635331472512775,62.7957763671875,5.270589989595657,30
way/1244284016,,tertiary,NH37,26.111249058165306,91.79001615176523,0.13281438041542662,60.387657165527344,0.8327644615955176,6
way/1246237801,,tertiary,,26.11332989278122,91.73224290844088,0.44190441718230955,51.623393535614014,0.8818954022606423,16
way/1254970067,,secondary,,26.222189640167418,91.63321114670258,1.7020513800104426,52.11996933509563,1.254213497276362,58
way/1254970073,,tertiary,,26.288042725139764,91.62440545596463,3.7015203366669436,54.2062006632487,1.8247436213620656,60
way/1254970074,,tertiary,,26.251863677943355,91.60373647283474,1.2573999533993472,51.40681333320085,4.199538749328061,43
way/1254970083,,tertiary,,26.283000649999998,91.66737169999999,0.059351522958303975,52.61722056070963,6.912947911489656,3
way/1254970084,,secondary,,26.253919377420303,91.66134204598225,0.2962091019457617,52.36454460837624,3.547988769450682,11
way/1255710656,,tertiary,,26.300312864282166,92.14093159834282,1.1559902509087725,25.173684978485106,2.240336579509665,40
way/1255710659,,tertiary,,26.303392238873496,92.1535929365815,2.0223330288097947,16.38648420969645,1.770536039118385,60
way/1255710660,,tertiary,,26.29013918212956,92.17606277000462,0.7078207856697711,54.199283599853516,3.3288197935905104,25
way/1257321454,,tertiary,,26.15835441749928,91.70484461777842,0.33261888509604176,60.05656169011043,2.57073315455176,13
way/1258150362,NH27,trunk,,26.11142301755434,91.75628217469578,0.39068373497574554,56.19456481933594,1.1908347298196704,15
way/1258475234,,tertiary,,26.1593729,91.70059345,0.013800897996483262,62.906742095947266,0.0,2
way/1266648458,,tertiary_link,,26.159962481557784,91.70550338093453,2.367389389375187,63.12323188781738,2.2252482246888383,60
way/1266648607,,tertiary,,26.159839325896392,91.70556529799471,2.380070061460856,62.269391949971514,2.0967388444862416,60
way/1266764608,,tertiary,Kalaguru Bishnu Rabha Path / Hockey Stadium Rd,26.121184071792555,91.74945102964166,0.16652735792128914,53.702676500592915,1.4666078354349592,7
way/1266764609,,tertiary,Kalaguru Bishnu Rabha Path / Hockey Stadium Rd,26.12105035,91.7503176,0.009218532926876046,52.34300231933594,0.0,2
way/1266775599,,primary_link,Mahapurush Srimanta Sankardeva Path,26.1326488152474,91.80678567676942,0.33412562580092975,59.08691435593825,3.7640044434306676,13
way/1266775600,,secondary,,26.131588649999998,91.8079549,0.021613397815577494,60.95596694946289,10.95719329834997,2
way/1266775601,,secondary,Panjabari Flyover,26.13169975,91.80830485,0.016834782775837664,62.10930252075195,0.0,2
way/1266775602,,secondary,Panjabari Flyover,26.13161272714298,91.8081177824496,0.025915775426128385,62.57875061035156,2.1020437491058224,2
way/1266997776,,tertiary,Embankment Rd,26.12388153909233,91.78308921269755,0.8126187691680521,56.686775865225954,1.2465277709106104,29
way/1266997777,,tertiary,Khanka Rd,26.12265138408001,91.77905561768844,0.4622426371675694,56.87447581571691,1.4286534416580174,17
way/1266997778,,tertiary,,26.122819343492218,91.74894906233293,0.09798255280545752,51.815425872802734,2.808126088462947,5
way/1266997779,,tertiary,,26.1227223,91.74946935,0.009011893873639435,51.423736572265625,0.0,2
way/1266997780,,tertiary,,26.1229142,91.7870537,0.009010850314239649,58.3463077545166,9.26020787543767,2
way/1266997782,,tertiary,,26.12042825,91.78873895000001,0.011970933825310101,59.10122489929199,6.355923193363617,2
way/1266997783,,tertiary,Khanka Rd,26.1248858,91.7792001,0.02631497580631956,55.48659133911133,1.995799081933119,2
way/1266997784,,tertiary,Khanka Rd,26.124751099999997,91.7791804,0.003792473337518652,55.94509506225586,0.0,2
way/1267001373,,secondary,Stadium Overbridge,26.18077005,91.75634554999999,0.015601809909783838,55.058815002441406,0.0,2
way/1267009904,,tertiary_link,,26.1743998,91.75820885,0.023042979163362846,57.02364158630371,3.0572976150948237,2
way/1267009905,,tertiary_link,,26.174299050000002,91.75832805,0.022908875272488936,55.743186950683594,9.397831394176237,2
way/1267016276,,secondary,VIP Road,26.13698635544815,91.81116100318863,1.3417312609753402,56.06715724779212,1.8887095097843747,46
way/1267016629,,tertiary,,26.168701404334804,91.7463141317562,0.045195828920474884,53.241050720214844,2.238737754047312,3
way/1267016630,,primary,,26.168636987712244,91.7466240400135,0.05824265425425052,53.064796447753906,4.28744945318615,3
way/1267016631,,secondary,,26.16865933423368,91.74691688226758,0.0419410717847877,53.09674580891927,3.2311838455030366,3
way/1267016632,,tertiary,,26.168753160597685,91.74631398806945,0.04423481252733426,54.722634633382164,13.066679048401312,3
way/1267016633,,secondary,,26.1687210800119,91.74692808197226,0.04310925741020139,53.09674580891927,3.2211882393285385,3
way/1267017648,,primary,,26.168417599999998,91.74641955,0.018256935970576902,53.35520553588867,1.9999889414154068,2
way/1267017649,,primary,,26.165982498851626,91.746597716063,0.5091243096625195,52.28226979573568,1.684120842258586,18
way/1267017650,,primary,,26.168579049999998,91.74662119999999,0.01325040161972349,52.14550018310547,0.0,2
way/1267017651,,primary,,26.1684008,91.74656780000001,0.027664222063450643,52.137123107910156,0.034699764451913584,2
way/1267017652,,primary,,26.166030829522985,91.746425423791,0.5116959902491063,52.22863528603002,1.3254833053321218,19
way/1267017653,,primary,,26.16363758726479,91.74645873923441,0.039843688228360846,51.83487192789713,0.29136040026341553,3
way/1267017654,,secondary,,26.16346618187934,91.74631262692522,0.049567439528379935,52.16020711263021,1.1096630234639955,3
way/1267017655,,secondary,,26.163544525094142,91.74625930455028,0.04745813414209539,52.16507085164388,1.0602332272468094,3
way/1267018328,,primary,,26.168310106850996,91.74646047767654,0.8242384305789906,53.59984259769834,2.8632453143470924,29
way/1267018329,,primary,,26.164517150000002,91.74654255,0.009954777207755863,51.53853416442871,9.322643644007178,2
way/1267018330,,primary,,26.17171045,91.74824565,0.01894242476094909,55.520172119140625,0.0,2
way/1267019486,,secondary_link,,26.15034618881158,91.7848928848902,0.022258997324647655,56.7043514251709,3.1817320913671328,2
way/1267019487,,secondary,Radha Gobinda Baruah Road,26.147422172229703,91.78620564203912,0.48569499043151393,56.34980180528429,4.149478697230402,18
way/1267019488,,secondary,Zoo road,26.147500939724,91.78610386534295,0.5056354404050384,56.983904944525825,4.016247853177771,18
way/1267019489,,primary_link,,26.148538819816476,91.78659270458404,0.30954957956608486,57.03581555684408,3.992531045569377,12
way/1267019490,,primary_link,,26.149303494913703,91.78563084194265,0.015894019001263946,55.863725662231445,1.047625370554708,2
way/1267019491,,secondary,,26.14958825,91.78548895,0.020491117638184817,58.61794471740723,11.087369780316996,2
way/1267019492,,secondary,Radha Gobinda Baruah Road,26.149721550000002,91.7853362,0.017787065363823733,57.10923385620117,0.0,2
way/1267019493,,primary_link,,26.149573500000002,91.7853825,0.023808506752353846,56.85971260070801,1.2007827129801754,2
way/1267021992,NH27,trunk,Flyover,26.115824267084072,91.70917680777882,1.1211882880582558,52.69508831317608,1.4581102450409422,39
way/1267021994,NH27,trunk,,26.11587439585091,91.7171179868848,0.41800276099309375,53.7778200785319,1.776112485547175,15
way/1267021995,NH27,trunk,,26.115733985980818,91.7171205129979,0.41451007177188726,53.46091003417969,1.7499137246286145,15
way/1267021996,,trunk_link,,26.1159566,91.714986,0.016086000390605686,51.35478401184082,0.7429551987791657,2
way/1267021997,,trunk_link,,26.115690700000002,91.7149904,0.016293372745404898,51.08763122558594,1.1451970016067172,2
way/1267021998,,trunk_link,,26.117446549999997,91.70331164999999,0.023277118940918908,53.85132598876953,0.0,2
way/1267026379,,primary,G.N.B Road,26.1846328,91.7661322,0.014907758035874559,54.678382873535156,0.0,2
way/1267051365,,secondary,Rajgarh Road,26.16665125,91.7689984,0.056960831584263176,54.919806162516274,4.446053864558672,3
way/1267059101,,tertiary,,26.116099399752336,91.71696312747049,0.40491037638018146,53.4075564066569,1.5232777521234477,15
way/1267059102,,tertiary,,26.115660013540708,91.71627987271694,0.26980191196178804,51.20486259460449,1.0608341078084624,10
way/1267059103,,tertiary,,26.111945904214107,91.74589471333728,0.6957454092295647,57.79655227661133,1.5558203774116433,25
way/1267059104,,tertiary,,26.112449723445405,91.73673279061462,0.3573574021529311,51.67893805870643,0.9044103052765676,13
way/1267059105,,tertiary,,26.11282675,91.73483335,0.031569840102592825,51.42498779296875,1.3358973648196986,3
way/1267059106,,tertiary,,26.1128822,91.73454050000001,0.02832107123225298,51.276960372924805,0.3945322426213712,2
way/1267060647,,trunk_link,,26.11175165,91.74232775,0.013881953918360394,55.64643669128418,9.528383441926074,2
way/1267084994,,primary,G.N.B Road,26.185124649889705,91.75992396515038,0.40073034730016766,56.625048573811846,1.2179772673979383,15
way/1267087865,,secondary,,26.163898593544623,91.76967536571988,0.2912110798283501,53.19399504228072,2.2718370597802364,11
way/1267087866,,secondary_link,,26.1646457,91.7690145,0.02375883870607092,56.90500450134277,10.929354581746638,2
way/1267089651,,trunk,,26.11500116180508,91.72327035330959,0.6135447140248352,51.746816808527164,0.9527593881756974,22
way/1268305483,,primary_link,,26.14224825,91.79427765,0.014520862642823826,55.45819854736328,0.0,2
way/1268305484,,primary_link,,26.141202660815935,91.79553094231501,0.0755132107284038,55.23984241485596,1.8454022766526956,4
way/1268305485,,secondary,,26.1396044,91.7906724,0.10735357710190978,54.719112396240234,1.5787137619981346,5
way/1268305486,,secondary,,26.13983485,91.79127155,0.022919051549581914,53.872169494628906,0.8033920221570195,2
way/1268305487,,primary_link,,26.141893979727268,91.79494457321015,0.022269576756671784,55.79461479187012,0.4954152074291226,2
way/1268305488,,primary,Dispur Flyover,26.1432795244022,91.79318934187134,0.23170908360723266,55.36457612779405,2.3965090735643213,9
way/1268305489,,primary_link,,26.141064938047734,91.79601727457845,0.018435921147212396,54.98738479614258,0.0,2
way/1268305490,,primary,Mahapurush Srimanta Sankardeva Path,26.138666649999998,91.79899995,0.03547337843041062,55.22178522745768,3.7449178494491866,3
way/1289573613,,tertiary,,26.17737555,91.74149209999999,0.005635563134848599,58.83955764770508,33.372445839247156,2
way/1292544953,,tertiary,,26.11393695,91.80600185,0.028575910934690484,61.268096923828125,0.4628533311464979,2
way/1292544954,,tertiary,,26.11396735,91.80609315,0.02836324636740437,61.268096923828125,0.466323602901355,2
way/1292598208,NH27,trunk,NH37,26.11739372481378,91.8320466488389,1.5562549664570386,88.12545618021264,3.27329918077051,53
way/1292598209,NH27,trunk,NH37,26.1132067,91.8357534,0.00856525173166459,123.88190078735352,4.793321224402414,2
way/1292598210,NH27,trunk,NH37,26.11739664982577,91.83196300364193,1.5716959063068057,88.89665575380678,3.225199383009777,54
way/1292598211,NH27,trunk,NH37,26.11312375,91.83571815,0.009130327033910606,124.15033721923828,7.827177884618269,2
way/1292598916,,trunk_link,,26.1466001,91.67767785000001,0.021073410171938065,49.154069900512695,1.7962065009171382,2
way/1292985004,,trunk_link,,26.1184365,91.95512070000001,0.012282973145378826,56.20591163635254,4.162932710579804,2
way/1292992763,,trunk_link,,26.0849451,91.87677245,0.009059630481255514,72.39462280273438,15.667393773238041,2
way/1292993315,,trunk_link,,26.071756,91.87412945,0.009849014919274436,74.37646484375,0.0,2
way/1292993723,,trunk_link,,26.2627771,91.6966277,0.009661772661064268,51.75346374511719,0.0,2
way/1292994711,,trunk_link,,26.2745107,91.70682865,0.012025477759625931,49.63825607299805,3.8281079376604406,2
way/1292998861,,tertiary,,26.0457559,91.8685156,0.009419623237474414,65.8713493347168,5.317671628334945,2
way/1295700053,,primary,Mahapurush Srimanta Sankardeva Path,26.1473959,91.78814485000001,0.08764931804513988,56.706844329833984,4.978842599650104,4
way/1296831174,,trunk_link,,25.9945141,91.86089150000001,0.01117995083837474,311.62896728515625,0.0,2
way/1296946975,,trunk_link,,26.1031838,92.14819525,0.01321265088822644,58.72334671020508,3.7574538770849735,2
way/1298049683,,tertiary,,26.111676850000002,91.79251694999999,0.032723112668739895,62.80137379964193,0.16677918323735813,3
way/1298049684,,tertiary,,26.1114244,91.79249285,0.027253779502842655,62.26814651489258,0.0,2
way/1298049685,NH27,trunk,NH37,26.1115773,91.7920575,0.064739171447942,62.17649269104004,1.3052365954475091,4
way/1298049686,NH27,trunk,NH37,26.1114681,91.7920555,0.06502009726399482,61.857139587402344,2.903937266371559,4
way/1298049687,,tertiary,NH37,26.11203875,91.79777165,0.008268235714363671,61.90644836425781,0.0,2
way/1298049688,,tertiary,NH37,26.111273949999998,91.79097895000001,0.05988643430208107,61.486907958984375,1.3414842691917768,3
way/1298049689,,tertiary,NH37,26.111293449999998,91.7914508,0.034604300167730515,60.90538533528646,1.0238922634261745,3
way/1300169029,,primary,Maligaon Flyover,26.1591418,91.6939346,0.016340510361014193,53.61277770996094,0.0,2
way/1300169030,,primary,Maligaon Flyover,26.15906755,91.69393455,0.01755828841329875,53.61277770996094,0.0,2
way/1300169031,,primary,Maligaon Flyover,26.15992402576383,91.70545718490959,2.3206715633902344,63.151203854878744,2.3797584299576178,60
way/1300169034,,tertiary,Pandu Road,26.1591571,91.69615945,0.009299601566531994,54.547542572021484,0.0,2
way/1300169035,,tertiary,Pandu Road,26.159114549999998,91.6961951,0.0025229248196255876,54.547542572021484,0.0,2
way/1300194652,,tertiary,Pandu Road,26.160217259629565,91.69529072639833,0.2873809393356349,58.4103178544478,3.8194018925791875,11
way/1300194653,,tertiary,,26.16020300010058,91.69537060372672,0.32012552785132803,59.51167424519857,3.1480085480730624,12
way/1300194989,,tertiary,,26.160250895484157,91.69519880115813,0.30073212299149843,57.90269978841146,1.6669780052541705,12
way/1302351588,,tertiary,,26.146237413558353,92.19919826822876,0.9761136288039657,53.65247546925264,1.8040142404865276,34
way/1302351589,,tertiary,,26.15011906135058,92.19891935597548,0.1852037292172566,51.88350439071655,0.947493056807652,8
way/1302483938,NH27,trunk,,26.110200636970237,92.16857412172256,0.6701062985673677,61.62962023417155,0.978093057642795,24
way/1303628858,,tertiary,Hem Baruah Road,26.186224799999998,91.74253865,0.08264650656306485,62.0894660949707,2.071315747871173,4
way/1303628859,,primary,M.G. Road,26.187657782244973,91.74187693587442,0.09297650717891272,63.13898239135742,1.935148326151808,5
way/1303630934,,tertiary,,26.111499277736467,91.78280933429589,1.1012514211494604,59.86536146465101,1.146227445200186,38
way/1303630935,,trunk_link,,26.1112745,91.77734444999999,0.018229075280630697,60.165414810180664,4.6397216166484,2
way/1303630936,,tertiary,,26.11141052921097,91.77141857793916,1.178188911090773,58.597945980909394,1.428452646866239,41
way/1303630938,,tertiary,NH37,26.111222148041453,91.76186368498092,0.7486431773636073,57.0511297079233,1.2162405942573409,26
way/1303630940,,trunk_link,,26.1109765,91.77747735,0.01839405124545326,60.05130577087402,3.891312717223486,2
way/1303630941,,tertiary,NH37,26.111069115298196,91.78292484494742,1.0901823951645246,60.50874258342542,1.6983014443270148,38
way/1303632308,NH27,trunk,Flyover,26.11129705,91.77177615,0.9061315270559257,58.454121589660645,1.1178934462213443,32
way/1303632309,NH27,trunk,,26.111203494364744,91.78437148169215,1.380192527429514,60.14299273490906,1.331950301809128,48
way/1303632311,NH27,trunk,Flyover,26.111142649999998,91.77177455,0.9011839078660678,57.91650938987732,1.0086241537846863,32
way/1303633144,,tertiary,Ananda Ram Baruah Road,26.184959299636713,91.74669784860025,0.14086917766776627,55.03403981526693,0.8840214143358024,6
way/1303634357,,tertiary,,26.159269128942114,91.70098856925048,0.07572834409204421,63.15001964569092,4.22718898035389,4
way/1303636913,,primary,Mahapurush Srimanta Sankardeva Path,26.1467884,91.78892780000001,0.11885336313237545,57.15139389038086,5.9143894374365305,5
way/1303638102,,tertiary,,26.129471278359933,91.79543284989995,0.010037848524898413,57.497962951660156,3.876868060851134,2
way/1303639550,,primary,Kumar Bhaskar Varma Setu,26.198462591523835,91.71109905328044,6.754485015180531,49.34835955301921,1.0250075136382422,60
way/1303639551,,primary_link,,26.178441992978975,91.73371114786869,0.034718260926896595,50.49201329549154,9.279681131953081,3
way/1303639552,,primary_link,,26.17838455,91.73423604999999,0.061976390032166345,57.94401741027832,8.33624062127488,4
way/1303639553,,primary_link,,26.1781216,91.73407929999999,0.008065535890835062,54.88087463378906,0.0,2
way/1303639554,,primary,Assam Trunk Rd,26.172266468232824,91.72626999285431,0.6066044499182809,48.63644461198287,8.127474690991496,22
way/1303639555,,primary,Assam Trunk Rd,26.178613150909197,91.73439906998489,0.09209176896587383,53.39508209228516,7.88192493221181,5
way/1303639556,,primary_link,,26.17828622327666,91.7339865868003,0.03244713417082064,54.54025014241537,0.8908187241900204,3
way/1303639558,,primary,Assam Trunk Rd,26.170698162871805,91.72418376738821,0.024410371440107256,53.730167388916016,1.2146682378715936,2
way/1303639559,,primary,Assam Trunk Rd,26.175830053107976,91.73178883403172,0.6934147609727628,55.986638946533205,2.5205761168253447,25
way/1303639560,,primary,Assam Trunk Rd,26.171962689831528,91.72716087029511,0.6744254727902574,54.94580475489298,1.388305370270666,24
way/1303639561,,primary,Assam Trunk Rd,26.17310465,91.7304461,0.03279326025506051,53.73518753051758,3.4516163891530454,3
way/1303652893,,tertiary,,26.1717336688312,91.77762112764381,1.3227185176524938,53.97043642790421,2.092587867995837,46
way/1303652894,,tertiary,,26.171713797122266,91.77776605909011,1.3134268757424297,54.06966756184896,2.617066044291943,45
way/1303652896,,secondary,Radha Gobinda Baruah Road,26.17769011065146,91.77581460610313,0.06895801622233866,53.83399200439453,2.251938560234033,4
way/1303653241,,tertiary_link,,26.116712200000002,91.80595535,0.007499775686838918,60.383113861083984,4.9297543639057,2
way/1303657443,,secondary,Mother Teresa Road Flyover,26.174651042851295,91.77830385545394,0.3280657287628914,54.42070007324219,2.37173825986357,12
way/1303657444,,secondary,Mother Teresa Road Flyover,26.174612279605387,91.77830177282993,0.32172255535931993,54.12528642018636,1.566423007862437,12
way/1303658393,,tertiary,Radha Gobinda Baruah Road,26.16295639447455,91.78073391674248,0.6762227291232946,52.96524906158447,2.4835305060179285,24
way/1303658395,,tertiary,,26.16596615,91.77973365,0.020150093076365734,52.85612678527832,0.039059682430744674,2
way/1303658397,,tertiary,Radha Gobinda Baruah Road,26.16292620658586,91.78060354418162,0.6855265716170315,53.31944068272909,2.2084379698697845,24
way/1303658398,,tertiary,,26.1659609,91.7795884,0.016474911688797722,52.860206604003906,0.07615023568816331,2
way/1303658428,,tertiary,,26.197551442405054,91.79121596471079,0.09296442197690714,97.46886749267578,4.468650969250409,5
way/1303661728,,primary,,26.18989291364055,91.74993058409525,0.0655200510817995,63.630374908447266,6.612076011684042,4
way/1303662057,,primary,G.N.B Road,26.184981244239673,91.75650578466539,0.02565676928161694,53.884042739868164,1.1989018938509874,2
way/1303662058,,primary,G.N.B Road,26.185004550000002,91.75634705,0.006522408259823926,54.15233612060547,0.0,2
way/1303670337,,primary_link,,26.186821700000003,91.7403951,0.010317709067265321,53.72248077392578,13.125411058457379,2
way/1303671848,,tertiary,,26.174675040173966,91.77834077290856,0.35953124175934686,54.548113309420074,2.0109040657718213,13
way/1303671849,,tertiary,,26.174550900106258,91.77833130526938,0.34664452251184413,54.345411447378304,2.246928843527188,13
way/1303675854,,tertiary,,26.187742880875334,91.77667608569236,0.5895387533165745,62.55622100830078,3.4632607434894593,21
way/1303678276,,tertiary,,26.19026475,91.74966535,0.01393926200755171,59.52593231201172,0.0,2
way/1303679232,,primary,M.G. Road,26.18802555,91.74281725,0.11228164427294915,65.43160629272461,8.247158173023653,5
way/1303679233,,tertiary,Motilal Nehru Road,26.18826275,91.7433177,0.00776318835324188,67.4428939819336,0.0,2
way/1303693394,,secondary,Hatigaon Road,26.124640107704057,91.78688446648817,0.3244719265146704,57.96442159016927,2.1493028371794156,12
way/1303821774,,primary_link,,26.1503026398018,91.78468370173213,0.022373357823846717,57.28989028930664,0.0,2
way/1303854971,,tertiary,,26.12805048141284,91.75942480105331,0.26699669635209583,53.57116165161133,1.5708989486736769,10
way/1304569810,,tertiary,,26.19663965527304,91.7903542750375,0.17568176498350363,104.31788853236607,6.916010179239836,7
way/1304575598,,secondary_link,,26.12726405,91.7966715,0.007536083060903757,58.46693420410156,0.0,2
way/1304578587,,trunk_link,,26.099727908139855,91.60141210652218,0.445644399504403,51.36786198616028,1.3319496406535878,16
way/1304578588,,tertiary,,26.099583309020314,91.59692908075776,0.32852380201749765,50.608544985453285,1.5556680021463227,12
way/1304592228,,tertiary,,26.10108262701873,91.79845225216876,0.2500933880032934,64.87851371765137,1.3832516230265837,10
way/1305743436,,tertiary,,26.216766276159525,92.21031299784164,3.4885564105123343,8.616518719991047,0.9898252226151513,60
way/1311573088,,tertiary,Batahguli Road,26.130934157690284,91.84712304893458,0.6279620299908415,87.85799616033381,5.928035911189337,22
way/1311737606,,tertiary,,26.12437665,92.19227905,0.08329963294593067,60.09700965881348,0.7977166079831614,4
way/1311740389,,tertiary,,26.124906201812408,92.19221942849295,0.03515526803529218,60.31074142456055,1.8575837072992876,3
way/1316335231,NH27,trunk,Flyover,26.1157423,91.7149058,0.02874643037652877,52.68367385864258,5.694283912863328,2
way/1316335232,NH27,trunk,Flyover,26.115892700000003,91.7148943,0.027072842758796588,52.68367385864258,6.043762514853325,2
way/1316335233,NH27,trunk,Flyover,26.117152349999998,91.70338035,0.06449593244167419,51.77341365814209,4.047829009936162,4
way/1316335234,NH27,trunk,Flyover,26.1173151,91.70349855,0.061353194098820445,53.203054428100586,3.13773332263939,4
way/1316335235,,tertiary,,26.11862374500521,91.6982527291398,0.3596509049893301,52.05821961622972,1.203158924176499,13
way/1316335236,,tertiary,,26.117498527358165,91.70339588628129,1.4143487217262802,53.22573992670799,1.1883454890084812,49
way/1316335709,NH27,trunk,Flyover,26.1112001,91.7768432,0.10776515172945311,59.77135467529297,0.9796829294707378,5
way/1316335715,NH27,trunk,Flyover,26.11105575,91.776877,0.11977089140321799,59.77135467529297,0.8815046511752713,5
way/1316335719,NH27,trunk,Flyover,26.111395100000003,91.7663912,0.17135999368654936,57.43578011648996,1.4393454266910017,7
way/1316335720,NH27,trunk,Flyover,26.1112441,91.76642865,0.16848612394487503,55.921409606933594,1.0579290789740823,7
way/1316336548,NH27,trunk,Basistha Chariali Flyover,26.11152985,91.79269790000001,0.0642498856863672,62.608476638793945,0.6816947732367612,4
way/1316336549,NH27,trunk,Basistha Chariali Flyover,26.11163345,91.79269535,0.06354620809388523,62.859214782714844,0.2372311321935022,4
way/1316336550,,trunk_link,,26.11580395,91.81180735000001,0.02308408050959834,63.571041107177734,1.1774016136012924,2
way/1316336551,NH27,trunk,Basistha Chariali Flyover,26.115080975177737,91.8095025396682,0.5040487653488427,62.01463656955295,1.9094604596196059,18
way/1316336552,,tertiary,,26.114238375218026,91.80745573211168,0.30561134011887736,61.325212160746254,1.7232586686052038,12
way/1316337181,NH27,trunk,NH37,26.11849979614235,91.81725377767823,0.15966639184222564,67.28146689278739,3.339662246695799,7
way/1316337182,NH27,trunk,Khanapara Flyover,26.1187595,91.81865705,0.12719318934270918,67.26490656534831,3.3632219517171555,6
way/1316337183,NH27,trunk,Khanapara Flyover,26.119717488492398,91.8247426479401,0.07853524472746116,68.40258598327637,0.2996640493017529,4
way/1316337184,NH27,trunk,Khanapara Flyover,26.1187595,91.81912455,0.03682201413061453,67.80786387125652,10.444869041195325,3
way/1316339675,,primary,Sixmile Flyover,26.132872991939823,91.80627268140883,0.12099051407168807,57.488518397013344,3.340107596305406,6
way/1316339676,,primary,Sixmile Flyover,26.1329208,91.80634025,0.11831948550281944,57.73696441650391,2.9436666443190314,5
way/1316339677,,primary,Sixmile Flyover,26.1334469,91.8057116,0.053141407942611546,55.61026128133138,2.6710531654887384,3
way/1316339678,,primary,Sixmile Flyover,26.133388,91.8056268,0.05150932042552103,56.275238037109375,2.7592100342673453,3
way/1316339679,,primary,Sixmile Flyover,26.12955695,91.81055660000001,0.02730849742195949,58.964454650878906,7.620756119802047,2
way/1316339680,,primary,Sixmile Flyover,26.12949635,91.81050845,0.025336053189227426,58.44752883911133,5.903855110247766,2
way/1316340877,,primary,Dispur Flyover,26.1387895,91.79883765,0.006890847967747648,56.43318557739258,0.0,2
way/1316340878,,primary,Dispur Flyover,26.144174013122914,91.79209591912635,0.06328338363641069,55.14304733276367,4.363147094551525,4
way/1316340879,,secondary,Supermarket Flyover,26.1399311,91.79144395,0.018515759927907566,53.71147537231445,0.0,2
way/1316342007,,primary,Kalaguru Bishnuprasad Rabha Flyover,26.1518812,91.78292035000001,0.017190315109126258,53.97083282470703,0.5344761386755127,2
way/1316342008,,primary,Kalaguru Bishnuprasad Rabha Flyover,26.1519124,91.78297465,0.01703928262020305,53.97083282470703,0.5392133402344711,2
way/1316342009,,primary,Kalaguru Bishnuprasad Rabha Flyover,26.14765555,91.78768665,0.011520666764342215,54.72219657897949,4.173744558290025,2
way/1316342010,,primary,Kalaguru Bishnuprasad Rabha Flyover,26.147675,91.7877772,0.008432576640359915,54.30183792114258,0.0,2
way/1316342011,,secondary,Radha Gobinda Baruah Road,26.151695556032415,91.78462685017205,0.4301273027670341,55.2642936706543,3.112902697135281,16
way/1316342012,,secondary,Radha Gobinda Baruah Road,26.15163715983507,91.78450060206738,0.43681121002481843,55.23186206817627,2.5904091741803206,16
way/1316342871,,primary,Bhangagarh Flyover,26.16676315,91.7665886,0.01763025396530213,54.260467529296875,0.3726798291338445,2
way/1316342872,,primary,Bhangagarh Flyover,26.16680675,91.7666544,0.01842349338965086,54.39958381652832,1.2217375060383917,2
way/1316342873,,primary,Bhangagarh Flyover,26.16308565,91.77068305,0.01877808635744095,52.078046798706055,0.9636182786263633,2
way/1316342874,,primary,Bhangagarh Flyover,26.1631412,91.7707299,0.022482793835432804,51.878211975097656,0.21361883401247841,2
way/1316343251,,primary,Bishnu Ram Mehdi Flyover,26.1764494,91.75527425000001,0.018430828652474897,53.33138656616211,0.0,2
way/1316343252,,primary,Bishnu Ram Mehdi Flyover,26.17651175,91.75534315,0.01602810512433004,52.88825798034668,3.1648868735833804,2
way/1316343253,,primary,Bishnu Ram Mehdi Flyover,26.1732756,91.75941575,0.021691747785244107,52.382877349853516,0.0,2
way/1316343254,,primary,Bishnu Ram Mehdi Flyover,26.1733439,91.75945565,0.015913604492225154,52.382877349853516,0.0,2
way/1316344080,,secondary,Stadium Overbridge,26.18395195,91.75663105000001,0.02128881384772037,55.30105972290039,4.0498445456238485,2
way/1316345597,,secondary,Zoo Road Flyover,26.1773191,91.7759245,0.016135110354628307,54.26375198364258,5.557144250927662,2
way/1316345598,,secondary,Zoo Road Flyover,26.17735385,91.77585205,0.027228969774430123,54.26375198364258,3.299717092932854,2
way/1316345599,,secondary,Zoo Road Flyover,26.1600902,91.78159485,0.0240685069078481,53.877389907836914,4.182373534221315,2
way/1316345600,,secondary,Zoo Road Flyover,26.160112599999998,91.78164615,0.01953751023832509,53.877389907836914,5.147595120208844,2
way/1316345602,,secondary,Radha Gobinda Baruah Road,26.178445603766015,91.77564205522577,0.10247057818957665,53.97090606689453,1.704907321656599,5
way/1316345603,,secondary,Radha Gobinda Baruah Road,26.17818044392962,91.7756097003466,0.1628030007005595,53.92475945608957,2.1556931646983446,7
way/1316345604,,secondary,Mother Teresa Road Flyover,26.1735732,91.77959415000001,0.018740641486032758,55.484025955200195,2.7743050445096293,2
way/1316345605,,secondary,Mother Teresa Road Flyover,26.173608,91.77962310000001,0.016643122887237995,55.484025955200195,3.123294735653643,2
way/1316345913,,secondary,Radha Gobinda Baruah Road,26.183999963135275,91.77482117239433,0.13082491205436136,56.285512924194336,1.5492949391552102,6
way/1316345914,,secondary,Radha Gobinda Baruah Road,26.184032877377522,91.77472799792771,0.1292104382560422,56.44184112548828,1.7969770138983818,6
way/1316345916,,secondary,Chandmari Railway Flyover,26.18083155,91.77551994999999,0.03482217170884527,56.559967041015625,4.628873392613162,3
way/1316345917,,secondary,Chandmari Railway Flyover,26.18083815,91.77542205,0.03478664748503311,56.559967041015625,4.633579757614539,3
way/1316345918,,secondary,Chandmari Railway Flyover,26.185111916466585,91.77572512393454,0.07147824997201084,62.686190605163574,3.487305673517539,4
way/1316346102,,primary,Noonmati Flyover,26.1803494,91.81524859999999,0.029453531335303835,59.2512149810791,2.1072650394439982,2
way/1316346103,,primary,Noonmati Flyover,26.1793629,91.81790674999999,0.03051816735458828,62.38800303141276,8.073979177000153,3
way/1316346957,,primary,Maligaon Flyover,26.16443485,91.71589184999999,0.02967947464884917,60.46705436706543,0.26698770806309513,2
way/1316346958,,primary,Maligaon Flyover,26.16436565,91.7159695,0.03176602836540399,60.16580708821615,1.7533983568902178,3
way/1316346959,,primary,Assam Trunk Road Flyover,26.1591435,91.6938124,0.00809869829860483,53.61277770996094,0.0,2
way/1316346960,,primary,Assam Trunk Road Flyover,26.15907125,91.6938063,0.008100771839958994,53.61277770996094,0.0,2
way/1316346961,,primary,Assam Trunk Road Flyover,26.158855850000002,91.6889006,0.009179218879757877,52.50435256958008,0.0,2
way/1316346962,,primary,Assam Trunk Road Flyover,26.158759500000002,91.68889354999999,0.010065058753080426,52.50435256958008,0.0,2
way/1316348115,NH27,trunk,Flyover,26.159747581052425,91.67205137155679,0.13964128979727325,51.17906379699707,1.7017360333308857,6
way/1316348116,NH27,trunk,Flyover,26.160330498203784,91.67185644606877,0.2701857775384199,51.71028518676758,1.4634763578819208,11
way/1329018517,NH27,trunk,,26.1832298,91.67137450000001,0.031496182049043794,61.09921900431315,2.2340906119378707,3
way/1329018518,NH27,trunk,,26.182268919953337,91.67157226744713,0.18095189722160762,64.58633804321289,2.4300701007994188,8
way/1329018519,NH27,trunk,,26.18323575,91.67151965,0.033161079963982126,61.09921900431315,2.122345730330642,3
way/1336405748,,secondary_link,,26.171721178050454,91.73615342038819,0.02599415571991007,56.36098861694336,5.686159418694401,2
way/1343462011,,secondary,,26.16422687185718,91.76963747256718,0.3495944991595862,54.26660126906175,2.817603390174927,13
way/1343462012,,secondary,Rajgarh Road,26.165253800000002,91.7683483,0.024502875929997114,53.70004653930664,0.0,2
way/1343462013,,secondary,,26.165185700000002,91.7682544,0.008127334354442585,53.70004653930664,0.0,2
way/1343462014,,secondary,,26.16605776217799,91.76725839130151,0.22521624470936813,55.2327389187283,5.175256664268412,9
way/1343462015,,secondary,,26.1652817,91.76814395,0.022536429674785006,56.3234748840332,13.105945382863926,2
way/1343462016,,secondary,,26.165370250000002,91.76839285,0.006461097958143798,53.70004653930664,0.0,2
way/1343462017,,secondary,Rajgarh Road,26.165894354996507,91.76865305056268,0.124856156938944,55.46271769205729,2.764313613457886,6
way/1348300956,,tertiary,,26.149992263990434,92.20146235754765,0.40136338746207745,3.4509765625,4.38049569585196,15
way/1352373154,,tertiary,Kalaguru Bishnu Rabha Path / Hockey Stadium Rd,26.119767684535802,91.76012635842947,2.013797044934694,54.42140585581462,1.2490539582221092,60
way/1352373155,,primary,,26.1645241,91.74659935,0.009341555539754506,52.35563278198242,0.0,2
way/1388441903,,secondary,Guwahati Medical College Road,26.16299755,91.76751565,0.042431799784199094,55.039634704589844,2.2990919048942184,3
way/1388441904,,secondary,Guwahati Medical College Road,26.16406674775995,91.76808696166974,0.20347921304949937,53.39023494720459,0.8519882118006035,8
way/1389996751,,trunk_link,,26.183780400000003,91.67141785,0.015875629368475766,60.14741134643555,0.0,2
way/1391008615,,tertiary,,25.902816136208013,91.98425373981205,23.4622645017505,206.11599934895833,5.781337716340681,60
way/1391116405,,primary,,26.180458430216945,91.74577449678532,0.029225243170588777,58.48893928527832,5.234666197895475,2
way/1391116406,,primary,,26.180475216815836,91.74590874310763,0.028919401276756858,58.48893928527832,5.3093071892536425,2
way/1391116407,,primary,,26.183127499999998,91.74537555,0.013333668943769443,57.2000846862793,0.0,2
way/1391116408,,primary,,26.183581099999998,91.7458951,0.009400316964959878,58.06433868408203,0.0,2
way/1392332258,,secondary,Rajgarh Road,26.1654065,91.76844745,0.014738821580357931,54.103843688964844,3.1363104536674573,2
way/1394466734,,primary,,26.119686543254407,91.82225293160793,0.0184244873961715,67.31887817382812,0.0,2
way/1394495906,,tertiary,,26.133001097833677,91.67343363057343,0.3027332534099903,50.75929228464762,3.0321007667682833,12
way/1411376127,,tertiary,,26.103225476608788,91.59334696885121,0.0652907112913053,50.69424629211426,3.404126592927493,4
way/1411376128,,tertiary,,26.103159650000002,91.59321804999999,0.017410991136891624,50.74751853942871,2.2864179672487546,2
way/1411376129,,tertiary,,26.103190750000003,91.59322365,0.017237779111291925,50.74751853942871,2.309368048371653,2
way/1411376130,,tertiary,,26.10340438726662,91.59239848127099,0.15544463251231333,52.207972935267854,3.6025383108627707,7
way/1411376131,,tertiary,,26.10415097389647,91.58900777001416,0.5802258452137923,50.5891600109282,1.6375022276143238,21
way/1425558155,,secondary,Guwahati Medical College Road,26.16328385,91.76778884999999,0.020974265499583325,53.43675231933594,0.0,2
way/1467191042,,tertiary,,25.944022011412034,91.96027372288124,16.64214231549207,506.7399225870768,2.755467519851397,60
way/1467294707,,tertiary,,25.962343256934858,92.02838605618389,3.2832908172609763,570.0436391194661,6.896550362951804,60
way/1467294708,,tertiary,,25.9612959,92.0161131,0.013969693202608172,504.7859802246094,0.0,2
way/1467294709,,tertiary,,25.95291952576473,92.06083877744992,9.512641064520961,650.2335316975912,3.4595458385637423,60
way/1467294710,,tertiary,,25.955239499999998,92.03021205,0.006658469872700705,609.1405639648438,0.0,2
way/1467802051,,tertiary,,25.986161370390157,92.02427766607225,11.259719933408062,489.4443003336589,3.33674580739741,60
way/1467802052,,tertiary,,26.006234000736796,92.07987982428953,3.2465533193376652,441.0603235880534,6.147830766982484,60
way/1467802053,,tertiary,,26.00658155,92.0662104,0.024143125097576327,388.37591552734375,4.444094615425756,2
way/1467802054,,tertiary,,26.00193792859638,92.08817612780473,0.9015581541073269,382.9992666244507,10.111208269541233,32
way/1467802055,,tertiary,,25.9735370166015,92.07364906797017,11.757937900542942,554.6167037963867,4.42743271335961,60
way/1467802056,,tertiary,,25.9989268,92.08775015,0.014711973621303102,335.7231140136719,0.0,2
way/1467804097,,tertiary,,25.96554025,92.09374919999999,0.023868130107155362,563.6445922851562,2.639224578270219,2
way/1467804098,,tertiary,,25.972174770935307,92.09141275435438,2.2821710973983738,556.7721903483073,6.905537721955325,60
way/1467809605,,tertiary,,25.957879044477096,91.99438412462084,0.7810703973262163,532.7781306675503,5.564960975861191,28
way/1467809617,,tertiary,,25.96771807232206,91.9896830115716,1.2632700522098752,536.0897806340998,5.357266700288106,44
way/1468723067,,tertiary,,25.955787587623515,91.81496566941156,14.145176906450127,269.98439915974933,2.488692825631832,60
way/1468723068,,tertiary,,25.94546505,91.7605993,0.07914952657887073,194.80341339111328,4.322200196512539,4
way/1468723069,,tertiary,,25.917239900418892,91.70732228055684,21.141798196490175,191.80010197957355,2.6421274253259033,60
way/1473867930,,tertiary,,25.92494671939184,91.8901130217982,3.8257054513858684,554.6706288655599,3.77353173570366,60
way/1478892440,,primary,Kumar Bhaskar Varma Setu,26.1988217972553,91.71120734848776,6.8168449062765575,49.40922908782959,1.022953279505593,60
way/1500143088,,tertiary,,26.13555096200328,91.67330033673036,0.2699858579856493,52.630967712402345,1.0957446443610883,10
way/1533509407,,tertiary,,26.11186720503375,91.75018195146546,0.16218689476047746,58.74073192051479,1.3575917558425863,7
way/1537208035,NH27,trunk,,26.111582,91.7492781,0.06340942537258559,58.58843994140625,1.1867960646234559,4
way/1537208036,NH27,trunk,,26.111572350000003,91.74977835,0.036686381902264045,58.103922526041664,1.5462922605168372,3
way/1537208037,NH27,trunk,,26.1116857,91.7497443,0.03972957868711666,58.00268046061198,1.866036812318199,3
way/1537208038,NH27,trunk,,26.1116932584192,91.74926209097914,0.05676914015129222,58.63982899983724,1.0191875096644445,3
way/1537208039,,tertiary,,26.11140689147219,91.74964067630161,0.016055542314036327,58.197227478027344,0.0,2
way/1537208040,,tertiary,,26.11141737790245,91.74968757817217,0.01337615049401995,58.197227478027344,0.0,2
way/1537208041,,secondary,,26.1115131,91.7495773,0.010429860644571166,58.16388702392578,0.3663023593732702,2
way/1537208042,,secondary,Lokhra Road,26.111605612722464,91.7495193173929,0.013139447668110494,58.13054656982422,0.0,2
way/1537208043,,secondary,Lokhra Road,26.1117616,91.74943005,0.025749827813087874,59.33812713623047,5.358283901383017,2
way/1537208044,,secondary,Lokhra Road,26.112654117898064,91.74902013185078,0.18986045682320626,56.90672588348389,1.7771418312674343,8
way/1537208045,,secondary,Lokhra Road,26.11266115651226,91.74908991170315,0.19010645412032673,57.589928150177,1.9419507444205504,8
way/1540881234,,secondary,Satgaon Main Road,26.162430252663967,91.83401548089253,1.6268868054557803,55.70023652485439,1.7998187782113442,56
