"metadata__project","metadata__problem_statement","metadata__prototype_corridor","metadata__data_sources","metadata__processing_notes","metadata__attribution__OpenStreetMap","metadata__attribution__Copernicus DEM","metadata__attribution__GSI","metadata__attribution__Rainfall","records__road_id","records__road_type","records__road_name","records__latitude","records__longitude","records__road_length_km","records__elevation_m","records__slope_deg","records__historical_landslide_count","records__nearest_landslide_distance_km","records__rainfall_24h_mm","records__rainfall_3d_mm","records__rainfall_7d_mm"
"Smart India Hackathon 2026","26002: AI-Based Smart Logistics and Accessibility Intelligence Platform for the NER","Assam-Arunachal Pradesh (Guwahati to Itanagar)","OpenStreetMap","Roads segmented from OSM. Elevation and slope extracted from Copernicus DEM. Historical landslides matched within 5km radius. Rainfall data extracted from real CHIRPS satellite observations (July 2017).","© OpenStreetMap contributors","© DLR/Airbus/Copernicus","Geological Survey of India","Climate Hazards Group InfraRed Precipitation with Station data (CHIRPS)","way/22827116","secondary","null","26.006999731540887","91.49208158785277","21.44596658611926","21.396701749165853","0.2612194588797941","0","14.18","7.78","30.62","99.63"
"","","","Copernicus DEM","","","","","","way/38719482","trunk","Saraighat Bridge","26.1754077","91.6722522","1.2380993365945785","42.94139232191929","1.418387550002861","10","2.32","8.54","23.7","54.46"
"","","","Geological Survey of India (GSI)","","","","","","way/44638618","secondary","Garchuk Pamohi Road","26.10718074338212","91.63246150094034","7.278795569801193","54.4372537612915","1.4664744504820988","0","7.098","6.53","18.77","49.17"
"","","","CHIRPS Daily Precipitation (Monsoon Season)","","","","","","way/44638677","tertiary","null","26.100743430200264","91.71221466182732","1.654676327114373","54.4683598970112","1.6882026116942923","4","2.297","10.28","27.84","58.21"
"","","","","","","","","","way/44638799","trunk","null","26.124561873767824","91.68264197484812","4.5568138391656","52.13139998118083","0.5614597759783989","4","3.392","8.63","23.8","54.17"
"","","","","","","","","","way/44638826","secondary","Assam Engineering College Road","26.14162103980248","91.6586780175112","5.041296328669925","55.74847342173258","1.738662667517458","1","2.545","8.63","23.8","54.17"
"","","","","","","","","","way/44639059","trunk_link","null","26.159552016392947","91.67243212390558","0.4759358590676369","52.05387654024012","1.9490661374448084","8","0.799","8.54","23.7","54.46"
"","","","","","","","","","way/44639607","secondary","Panjabari Road","26.133532316940013","91.82284309836233","2.1972335635694287","60.14280821482341","1.6569580641029102","4","1.691","8.9","26.14","54.58"
"","","","","","","","","","way/44639622","secondary","null","26.154271747259024","91.88858110328364","10.088806753641542","81.80707588195801","1.2589329937832527","4","2.749","14.58","34.4","58.5"
"","","","","","","","","","way/44639797","primary","Kajali Mayang Road","26.23672836717468","92.00582394577935","5.441682958297154","60.4178471883138","2.492252362430093","1","4.287","22.35","51.07","80.46"
"","","","","","","","","","way/44639823","primary","null","26.19714065973649","91.85046560995936","2.533460892066067","61.25362033843994","3.3721964677247014","7","0.973","14.58","34.4","58.5"
"","","","","","","","","","way/44639845","secondary","VIP Road","26.16196098287926","91.82197453539642","4.249964561927487","59.53929258982341","1.112884774314426","17","3.05","11.76","30.98","59.55"
"","","","","","","","","","way/44639846","primary","null","26.18228775","91.8370857","0.0392521784273525","52.49836858113607","4.071666862418483","10","1.235","11.76","30.98","59.55"
"","","","","","","","","","way/44639859","primary","null","26.18451508840793","91.8402531648882","0.786004281674753","55.369591440473286","1.94836909916606","9","1.18","11.76","30.98","59.55"
"","","","","","","","","","way/44641071","trunk","null","26.188915349221745","91.64985621959543","3.783147940021976","52.41423085530599","1.6239700831574884","2","4.641","7.92","21.11","50.32"
"","","","","","","","","","way/44641072","tertiary","null","26.20002974856025","91.64295920520354","0.603287427169995","52.95604463057085","1.126161390909157","1","4.791","11.06","26.29","51.91"
"","","","","","","","","","way/44641101","secondary","null","26.183518202951056","91.66904223988332","0.4680467739939983","51.164971519919","1.919875322904308","8","3.244","8.54","23.7","54.46"
"","","","","","","","","","way/44641105","secondary","null","26.18325745","91.6716061","0.0700639221509854","59.9888219833374","5.493639456587897","10","3.004","8.54","23.7","54.46"
"","","","","","","","","","way/44641120","secondary","null","26.18320627077202","91.67629398688624","0.8978071688786524","52.42066032655777","1.923965533851132","10","2.6","8.54","23.7","54.46"
"","","","","","","","","","way/44641131","trunk","null","26.188383364394124","91.66786873952472","0.8052186540304022","51.74879114968436","1.6156925490819591","6","3.296","8.54","23.7","54.46"
"","","","","","","","","","way/44641140","primary","null","26.210229331623875","91.59081268278372","7.282655156303813","52.27847480773926","0.8661844506890682","0","9.84","6.59","18.32","42.11"
"","","","","","","","","","way/44641222","secondary","null","26.19015540766755","91.71354941893186","0.9093385919778856","52.6157306432724","1.8369802536928568","17","2.624","10.46","28.15","58.66"
"","","","","","","","","","way/44641257","secondary","null","26.1824046701398","91.69072272518294","2.3325350838671035","53.8969580968221","2.613119757500571","13","1.532","8.54","23.7","54.46"
"","","","","","","","","","way/44642944","trunk","null","26.15753944421912","91.67267846490982","0.2175469399508345","51.52027638753256","3.593258697133741","8","0.673","8.54","23.7","54.46"
"","","","","","","","","","way/44643106","primary","null","26.158192748903726","91.68130108180227","1.5135471820733244","51.76514266087459","1.2274653672165072","13","0.382","8.54","23.7","54.46"
"","","","","","","","","","way/44643131","primary","null","26.158304353785848","91.68108270326464","1.491348599137081","51.57871358534869","1.0572095134639423","13","0.38","8.54","23.7","54.46"
"","","","","","","","","","way/44643152","primary","Assam Trunk Road Flyover","26.158978190454413","91.6913511366178","0.4836800129678239","53.46213743421767","1.0684757427050358","16","1.294","8.54","23.7","54.46"
"","","","","","","","","","way/44643275","trunk","null","26.113173523013675","91.73209664095324","1.3046381088901746","51.40985921223958","1.0787954572425955","13","1.074","10.28","27.84","58.21"
"","","","","","","","","","way/44643283","trunk","null","26.11568395","91.71937975","0.0370354207576575","50.42437998453776","0.975442765239008","15","0.668","10.28","27.84","58.21"
"","","","","","","","","","way/44643353","trunk","NH37","26.118471045735102","91.81751242993548","0.2927774192829098","69.464487249201","4.2720966556143285","5","2.693","8.9","26.14","54.58"
"","","","","","","","","","way/44643354","trunk","null","26.11174779491156","91.74547787974905","0.7005515390491512","56.70410385131836","1.1205309973687831","13","0.487","10.28","27.84","58.21"
"","","","","","","","","","way/44643380","primary","null","26.119661186090195","91.8223569271878","0.1771431055746415","67.31986563546317","3.4879166788362763","5","2.226","8.9","26.14","54.58"
"","","","","","","","","","way/44643397","tertiary","null","26.1189637803003","91.82060448097808","0.3368538017301131","69.2617319547213","5.532827390350234","5","2.411","8.9","26.14","54.58"
"","","","","","","","","","way/44643404","trunk_link","null","26.11964539997617","91.82460140653724","0.1067767609996614","68.17780303955078","0.6815365689014227","3","2.057","8.9","26.14","54.58"
"","","","","","","","","","way/44644201","tertiary","null","26.121164943341995","91.81679315842834","0.6235324276171924","65.37625139409846","1.6628487751411474","5","2.598","8.9","26.14","54.58"
"","","","","","","","","","way/44644259","tertiary","Ganesh Nager Road","26.092391381334977","91.79410068019092","1.9989919807971253","67.76893793741861","1.695254638462881","0","5.541","12.6","32.68","61.83"
"","","","","","","","","","way/44644278","tertiary","null","26.10191315","91.79747635","0.0206265983194331","66.66869354248047","0.0","0","5.399","9.51","26.9","56.37"
"","","","","","","","","","way/44644279","tertiary","null","26.099748461394302","91.80078759650895","0.3298964737548953","65.9932181040446","2.027280265274576","0","5.305","13.55","34.22","61.21"
"","","","","","","","","","way/44644280","tertiary","null","26.1020673","91.7972446","0.0370876212286219","68.3057149251302","6.860713270680973","0","5.406","9.51","26.9","56.37"
"","","","","","","","","","way/44644341","tertiary","pilingkata road","26.106224505322828","91.80136707545296","1.0407581521331517","63.52456908755832","1.8584019377605825","1","4.798","8.9","26.14","54.58"
"","","","","","","","","","way/44644363","tertiary","patarkuchi road","26.10863081270288","91.80681221444374","2.113621546451932","65.90242570241293","1.8221471099858144","2","4.204","8.9","26.14","54.58"
"","","","","","","","","","way/44644445","tertiary","Pir Azan Fakir Road","26.12313936210138","91.80222483429137","0.5909992794300443","58.880265008835565","1.330780766929022","6","3.592","8.9","26.14","54.58"
"","","","","","","","","","way/44644447","tertiary","null","26.123541991368647","91.79899936077564","0.0602952146760352","60.55893135070801","4.269106992937129","7","3.476","9.51","26.9","56.37"
"","","","","","","","","","way/44644449","tertiary","null","26.12342052645026","91.79958779150266","0.164024303984047","59.94248689923968","1.4603073392227828","6","3.501","9.51","26.9","56.37"
"","","","","","","","","","way/44644556","primary","Kalaguru Bishnuprasad Rabha Flyover","26.149718062379904","91.78527651835384","0.6538612062621554","56.96094695381496","3.672591356010466","27","0.893","9.51","26.9","56.37"
"","","","","","","","","","way/44644560","primary","G.S. Road","26.16284285","91.77092475","0.0535421055355192","52.7605349222819","4.4591944279602815","40","0.951","12.03","31.71","62.66"
"","","","","","","","","","way/44644633","secondary","Lokhra-Lalganesh Road","26.13760368449637","91.73904685572091","4.972632368645221","55.01284249623617","1.0511378539619871","28","0.225","10.28","27.84","58.21"
"","","","","","","","","","way/44645090","tertiary","null","26.24811387678952","91.78232980222492","0.0621992815337287","52.83497905731201","14.732927635805988","0","6.073","11.97","30.53","58.86"
"","","","","","","","","","way/44645091","tertiary","null","26.2479913","91.7829322","0.0614579666267703","48.68243980407715","7.114288017740552","0","6.079","11.97","30.53","58.86"
"","","","","","","","","","way/44645092","tertiary","null","26.240420109149053","91.81670775452218","7.14876924348648","54.92482827504476","1.1874340180876626","0","5.584","14.82","36.48","66.07"
"","","","","","","","","","way/44645149","tertiary","null","26.248340049399435","91.76797330269864","2.8565934487451266","52.73900369008382","1.524979686664386","0","5.69","11.97","30.53","58.86"
"","","","","","","","","","way/44645516","tertiary","null","26.24332765","91.75099775","0.0319172811882055","50.80712763468424","1.4292415883424012","1","4.181","11.97","30.53","58.86"
"","","","","","","","","","way/44645517","tertiary","null","26.238371280694416","91.74497017715164","1.6619008586571595","55.20792669998972","5.22422521907882","1","3.872","13.29","32.79","61.3"
"","","","","","","","","","way/44645518","tertiary","null","26.243805880746905","91.75277592628468","0.3438943842209373","51.85195570725661","3.294346106071568","1","4.331","11.97","30.53","58.86"
"","","","","","","","","","way/44645573","secondary","null","26.288668391826604","91.7554744985472","17.986347722588516","40.52232233683268","0.7283211822122966","0","5.678","18.26","40.93","65.1"
"","","","","","","","","","way/44645880","tertiary","null","26.223366774704285","91.71711599501654","2.0973853461532097","55.3585402170817","2.966356155793845","4","2.518","13.29","32.79","61.3"
"","","","","","","","","","way/44768595","primary","null","26.12470099397985","91.8167229035044","1.6132029140746436","63.45832290649414","1.9973947778813","4","2.443","8.9","26.14","54.58"
"","","","","","","","","","way/44768597","primary","Kalaguru Bishnuprasad Rabha Flyover","26.149735322937133","91.78535148377549","0.6589600437634884","56.3265730816385","2.2288993105223827","28","0.886","9.51","26.9","56.37"
"","","","","","","","","","way/44768600","primary","null","26.124684312453688","91.81653242222538","1.5864849127332674","63.53254374751338","1.842870615421053","4","2.462","8.9","26.14","54.58"
"","","","","","","","","","way/44892570","trunk","null","26.11814463797381","91.61463826216598","4.013911710633123","50.050137201944985","0.6778781821268743","0","7.647","6.53","18.77","49.17"
"","","","","","","","","","way/44892580","trunk","null","26.14706436801685","91.6465699623306","2.112667485867105","51.39269371032715","1.637764979373759","1","3.368","6.53","18.77","49.17"
"","","","","","","","","","way/44898808","tertiary","Pandu Kamakhya Road","26.169556115224434","91.69925085732652","3.047931311556232","130.72750930786134","6.5103676188832695","17","0.148","8.54","23.7","54.46"
"","","","","","","","","","way/44898849","tertiary","Pandu Road","26.165379869068328","91.68933025832648","1.5676436625804333","56.313540917855725","1.3497485499772195","14","1.022","8.54","23.7","54.46"
"","","","","","","","","","way/51188426","primary_link","null","26.17913105","91.81819205","0.0542618320458856","64.1896743774414","3.604000383019312","15","1.498","11.76","30.98","59.55"
"","","","","","","","","","way/51188427","primary_link","null","26.179126","91.81780175","0.036399762951036","65.1526362101237","1.741950192036637","17","1.478","11.76","30.98","59.55"
"","","","","","","","","","way/51188429","primary","Noonmati Flyover","26.180353862456144","91.81688085438869","0.3045972512356794","59.26596641540527","1.6185209982197173","17","1.313","11.76","30.98","59.55"
"","","","","","","","","","way/51188437","secondary","B. Baruah Road","26.18433357914868","91.7567371277615","0.0658802349897449","55.75056266784668","1.8841866845615327","39","0.808","12.03","31.71","62.66"
"","","","","","","","","","way/51188438","primary","Maniram Dewan Road","26.18354243029688","91.78478733746324","3.760079772849112","58.743432680765785","1.1048136618057671","28","0.783","12.03","31.71","62.66"
"","","","","","","","","","way/51188439","primary","null","26.179085290450622","91.81798281518572","0.0328465998075222","65.38647715250652","0.2775655729083924","16","1.491","11.76","30.98","59.55"
"","","","","","","","","","way/51188447","primary","null","26.18073329408371","91.74925005812052","0.3234851700251051","56.40875816345215","2.861661843550418","37","1.193","10.46","28.15","58.66"
"","","","","","","","","","way/51188915","secondary","null","26.15841949916101","91.73617845866174","0.5260554944112779","55.196579581812806","1.9084804176551573","35","0.89","10.46","28.15","58.66"
"","","","","","","","","","way/51188916","tertiary","null","26.148898315524747","91.73250914868194","0.7198894152644008","52.19166702270508","1.1894325609624534","33","0.328","10.28","27.84","58.21"
"","","","","","","","","","way/51188917","secondary","null","26.13363789062669","91.7226506893587","6.026576786814184","55.46382300059","0.7632535485500296","24","1.532","10.28","27.84","58.21"
"","","","","","","","","","way/51188919","secondary","Stadium Overbridge","26.18244466006767","91.75596897807904","0.3601176147391842","55.030944551740376","3.3473346716873014","39","0.688","12.03","31.71","62.66"
"","","","","","","","","","way/51188920","secondary","B. Baruah Road","26.17795899705977","91.75690985580049","0.6175836757447762","55.92192320390181","2.9952664199442816","42","0.391","12.03","31.71","62.66"
"","","","","","","","","","way/51188921","primary","null","26.178779231164395","91.74857988220738","0.4397986118139213","55.35983657836914","2.888837624026415","39","1.225","10.46","28.15","58.66"
"","","","","","","","","","way/51188922","secondary","null","26.16122693049834","91.74350064647328","0.71382204344628","54.56702239990234","3.004783107447882","40","1.274","10.46","28.15","58.66"
"","","","","","","","","","way/51188926","primary","null","26.18119491222032","91.74578265457548","0.134016037333015","56.05444145202637","2.1121290606903784","38","1.541","10.46","28.15","58.66"
"","","","","","","","","","way/51188929","tertiary","Hem Baruah Road","26.18494788395747","91.7408190981376","0.3797289555015152","61.18790544782366","0.9760558087207196","35","2.139","10.46","28.15","58.66"
"","","","","","","","","","way/51188930","tertiary","Ananda Ram Baruah Road","26.18739268600072","91.74621814542732","0.4078240141831278","58.19293390909831","3.713883713296912","36","1.79","10.46","28.15","58.66"
"","","","","","","","","","way/51188932","tertiary","Motilal Nehru Road","26.1856990811369","91.74432530319515","0.594649336509592","59.17928459530785","3.2304041188856383","37","1.853","10.46","28.15","58.66"
"","","","","","","","","","way/51188934","tertiary","null","26.18697990746036","91.74871445862436","0.2453057515135184","56.71595840454101","2.497186175581409","36","1.564","10.46","28.15","58.66"
"","","","","","","","","","way/51189484","tertiary","F.C. Road","26.19080434398239","91.75483934704437","0.4419569467343539","59.386667013168335","2.28733914641001","32","0.954","12.03","31.71","62.66"
"","","","","","","","","","way/51189492","tertiary","null","26.16304379586513","91.74148713349672","0.9676450159151576","53.13543510437012","1.5488622427173102","38","1.323","10.46","28.15","58.66"
"","","","","","","","","","way/51189498","secondary","null","26.163021163492907","91.73564007533008","1.1184351898528548","54.84617653871194","1.692375953710354","36","0.744","10.46","28.15","58.66"
"","","","","","","","","","way/51252535","secondary","null","26.12313495","91.748469","0.0234825873383342","52.92917060852051","3.959060274532216","19","0.668","10.28","27.84","58.21"
"","","","","","","","","","way/51252536","secondary","Lokhra Road","26.111621646047634","91.74956614312607","0.0133942002885249","58.28240966796875","1.299013541596346","14","0.836","10.28","27.84","58.21"
"","","","","","","","","","way/51252537","tertiary","Dakhingaon Road","26.12893588221716","91.75851419028574","3.1695115444906388","58.47982718149821","1.7522085379200116","21","0.939","9.51","26.9","56.37"
"","","","","","","","","","way/51252624","secondary","Bhetapara Rd","26.11425820018476","91.78775104620064","0.6474575232622641","59.66224355282991","1.2822427601104769","9","4.195","9.51","26.9","56.37"
"","","","","","","","","","way/51252625","secondary","null","26.11989105872692","91.78722105433252","0.6707601028450564","58.81124416987101","1.8928699587312536","10","3.589","9.51","26.9","56.37"
"","","","","","","","","","way/51252626","secondary","null","26.12304495","91.78699685","0.027252038701058","57.61172866821289","0.0","13","3.257","9.51","26.9","56.37"
"","","","","","","","","","way/51252627","secondary","Kahilipara Road","26.144393992159586","91.77052399249192","3.3147562068522785","60.40472628275553","1.386515980359032","29","0.7","9.51","26.9","56.37"
"","","","","","","","","","way/51252628","tertiary","null","26.146742396206943","91.75069306050202","2.0467042734045124","75.45266596476237","3.417446451241305","36","0.403","9.51","26.9","56.37"
"","","","","","","","","","way/51252630","secondary","Dr. RP Road","26.132556252586152","91.78594383639312","2.091189963341604","56.50755545298259","1.4231504211561794","13","2.269","9.51","26.9","56.37"
"","","","","","","","","","way/53216589","primary","null","26.234392586562187","92.09118498442712","3.0662479577347503","55.99262097676595","1.7144169959234703","0","10.403","17.92","41.83","67.67"
"","","","","","","","","","way/53216590","primary","Chamata Mayang Road","26.16830140598724","92.02999995708622","8.20203089094899","60.98175328572591","1.1440506422586054","1","1.855","10.63","27.39","50.59"
"","","","","","","","","","way/53216599","primary","Chamata Mayang Road","26.20126265","92.02153135","0.1367939740668114","52.10382334391276","7.640351947705985","0","5.574","22.35","51.07","80.46"
"","","","","","","","","","way/53216601","primary","Chamata Mayang Road","26.21210201634278","92.0273202570009","2.762464984701596","56.719939549764","1.9057869509685053","0","6.608","22.35","51.07","80.46"
"","","","","","","","","","way/53217184","tertiary","null","26.1049583818551","91.58980855728382","0.5511567744143384","49.87962646484375","1.374302073528337","0","10.526","4.65","16.45","51.74"
"","","","","","","","","","way/98720786","primary","G.N.B Road","26.18516848172317","91.76161388134648","0.9213938970426692","56.44224011898041","1.72456697801161","33","0.659","12.03","31.71","62.66"
"","","","","","","","","","way/98720787","primary","M.G. Road","26.180375904561817","91.7359164326268","1.938853620611311","56.33271547953288","2.896577003014567","34","1.968","10.46","28.15","58.66"
"","","","","","","","","","way/114812763","primary","Bishnu Ram Mehdi Flyover","26.17568701454682","91.7563736209242","0.2585878115445511","57.08393592834473","5.5844206193395225","41","0.517","12.03","31.71","62.66"
"","","","","","","","","","way/114812766","tertiary","null","26.17408482794668","91.73371550957852","0.5613322991017735","55.406948471069335","2.570024391943589","36","1.24","10.46","28.15","58.66"
"","","","","","","","","","way/114812768","tertiary","null","26.17422207278803","91.75857713038516","0.280180586468541","56.22195399891246","3.6764810630040032","42","0.347","12.03","31.71","62.66"
"","","","","","","","","","way/114812771","tertiary","null","26.17576252776372","91.73877572215376","0.5204798956881782","56.52623809011359","3.9827405797555895","38","1.671","10.46","28.15","58.66"
"","","","","","","","","","way/114812788","primary","null","26.1820589","91.74567535","0.0592637763710379","57.1498285929362","2.212983439444693","38","1.576","10.46","28.15","58.66"
"","","","","","","","","","way/114812790","tertiary","null","26.170351268245817","91.68377414774906","0.7365840437522271","53.68298163780799","1.771169924407383","15","1.42","8.54","23.7","54.46"
"","","","","","","","","","way/114812791","primary","Maligaon Flyover","26.15986291491626","91.70548555999262","2.3250398976365894","62.46640148162842","1.9219503449518955","19","0.348","10.46","28.15","58.66"
"","","","","","","","","","way/120130506","tertiary","Kalaguru Bishnu Rabha Path / Hockey Stadium Rd","26.120647530890373","91.77640230157616","2.2207460426612182","56.29091307322184","1.3220504490648213","14","2.883","9.51","26.9","56.37"
"","","","","","","","","","way/120130535","tertiary","Bishnu Rabha Path","26.120970589667216","91.79419438158682","1.058463654217405","60.473835816254486","2.523076234008012","9","3.707","9.51","26.9","56.37"
"","","","","","","","","","way/120487460","tertiary","Jayanagar Road","26.121082786341688","91.80579782981992","1.5551877298017978","59.53777860245615","1.2051769874562828","7","3.606","8.9","26.14","54.58"
"","","","","","","","","","way/121380522","tertiary_link","null","26.1228978","91.80406","0.0093116656042654","59.63397216796875","15.279267487751206","6","3.671","8.9","26.14","54.58"
"","","","","","","","","","way/122008081","secondary","Zoo Road Flyover","26.16871899681608","91.77873339353134","1.97158179596826","53.71350727081299","1.858473551260389","31","1.194","12.03","31.71","62.66"
"","","","","","","","","","way/122008093","tertiary","Railway Colony Road","26.17822204382896","91.7843322401834","1.248948740037549","57.41117078204488","1.754343969133794","31","0.291","12.03","31.71","62.66"
"","","","","","","","","","way/122008098","tertiary","null","26.129077516243303","91.77846276490868","1.6313436457304091","56.31828110558646","2.141853404006915","14","2.358","9.51","26.9","56.37"
"","","","","","","","","","way/122008106","tertiary","null","26.155555293015617","91.77699278864765","2.3897755129235034","58.96162357330322","2.2979230346368853","37","0.247","12.03","31.71","62.66"
"","","","","","","","","","way/122008126","secondary","Guwahati Medical College Road","26.16320855","91.76761425","0.0083088556467985","55.273223876953125","4.612672990999478","38","1.14","12.03","31.71","62.66"
"","","","","","","","","","way/122009488","tertiary","null","26.187985357524312","91.80151831792035","1.049774612189805","68.33274534013536","2.9804276351832413","28","0.138","11.76","30.98","59.55"
"","","","","","","","","","way/122026615","tertiary","null","26.131059521325867","91.69407043676183","3.272829174161344","65.18730659484864","2.6312811977803583","16","2.49","8.63","23.8","54.17"
"","","","","","","","","","way/122026617","tertiary","null","26.154013640970607","91.6919533626023","1.4335871292492193","51.336760151142975","1.1730924785916963","16","1.303","8.54","23.7","54.46"
"","","","","","","","","","way/122026632","tertiary","null","26.153907784151468","91.70353769305788","0.2017439213051383","54.98126268386841","2.1733674800188454","19","1.014","10.46","28.15","58.66"
"","","","","","","","","","way/122026634","tertiary","null","26.157755643096195","91.7018664980196","0.3461808463855565","58.17647376427284","2.6597835279163737","19","0.706","10.46","28.15","58.66"
"","","","","","","","","","way/122026653","tertiary","null","26.151256068269905","91.70017504804524","0.8701874494742872","53.65135020594443","1.4495407247197651","19","1.422","10.46","28.15","58.66"
"","","","","","","","","","way/122026677","tertiary","null","26.15474697583389","91.69649822769216","0.9471636151367148","54.11223278623639","2.174230337112608","17","1.31","8.54","23.7","54.46"
"","","","","","","","","","way/122026680","tertiary","null","26.14226246144712","91.68121952163688","1.974604284185432","55.192831166585286","2.359689613518855","13","1.482","8.63","23.8","54.17"
"","","","","","","","","","way/122026724","tertiary","null","26.14853501186356","91.6876247912638","0.3884229948773429","52.55818830217634","2.1920101280853164","16","1.154","8.63","23.8","54.17"
"","","","","","","","","","way/122026748","tertiary","null","26.155956306841457","91.70370473078876","0.4020315806345869","55.38452962239583","1.0202159018653167","19","0.81","10.46","28.15","58.66"
"","","","","","","","","","way/122026781","tertiary","null","26.15026944328588","91.6957987601892","0.1147775222992493","52.927693939208986","0.8938179883126477","17","1.735","8.54","23.7","54.46"
"","","","","","","","","","way/122027964","tertiary","Ariz Path","26.18623211437943","91.75695755325704","0.2314012153014331","53.65289772881402","1.5773021001933325","36","0.987","12.03","31.71","62.66"
"","","","","","","","","","way/122027969","tertiary","CK Agarwala Road","26.187113719022097","91.75568930959368","0.1926160306518053","55.2513861656189","1.7430222462022953","36","1.037","12.03","31.71","62.66"
"","","","","","","","","","way/122027972","primary","null","26.18899930231061","91.75013879855445","0.137276482165477","58.967515309651695","9.864057597887536","34","1.456","12.03","31.71","62.66"
"","","","","","","","","","way/122030738","tertiary","null","26.12038654697553","91.78792660287654","0.1508558072528954","58.91712461199079","0.8917673767472141","9","3.565","9.51","26.9","56.37"
"","","","","","","","","","way/122030739","tertiary","Hengerabari Rd","26.14933021741674","91.78788990178144","0.2663432749663784","56.44979934692383","2.6736321028065286","26","0.726","9.51","26.9","56.37"
"","","","","","","","","","way/122030746","tertiary","null","26.15001165","91.7891024","0.020607127798385","54.80912399291992","1.5800701711314094","28","0.591","12.03","31.71","62.66"
"","","","","","","","","","way/122030750","tertiary","null","26.12044835","91.7888968","0.0199833863613236","58.43450927734375","0.0","9","3.598","9.51","26.9","56.37"
"","","","","","","","","","way/122030754","primary_link","null","26.15076175706492","91.78404242826578","0.3529246057330885","56.42417584932768","2.887781152792737","29","0.749","12.03","31.71","62.66"
"","","","","","","","","","way/122030766","tertiary","null","26.163278786975457","91.75218786687692","0.9838822847113222","53.67237180822036","2.121476277195518","41","0.671","12.03","31.71","62.66"
"","","","","","","","","","way/122030770","tertiary","Hengerabari Road","26.15093625588708","91.79084991893345","0.3857700448603373","55.97285079956055","2.887318781525525","28","0.412","12.03","31.71","62.66"
"","","","","","","","","","way/122031554","secondary","Lal Ganesh Road","26.139408690803744","91.74986015008598","1.779370626710252","57.0528450012207","1.3890798852544337","33","0.555","10.28","27.84","58.21"
"","","","","","","","","","way/123891692","tertiary","null","26.120302602160983","91.6011331000202","4.200164354107163","48.86323719024658","0.6861653816267601","0","8.7","6.53","18.77","49.17"
"","","","","","","","","","way/123891693","tertiary","null","26.18751532095367","91.56176083383816","2.802569006719032","49.87261486053467","1.4612926823003654","0","12.231","6.29","19.44","52.01"
"","","","","","","","","","way/123891695","tertiary","null","26.12163358335762","91.68959716820332","1.500736179622329","53.651831773611214","1.7361454779314476","6","2.676","8.63","23.8","54.17"
"","","","","","","","","","way/123891706","secondary","null","26.20358194135057","91.73635774523072","1.464897077914289","56.67269279479981","2.317851728523618","20","2.816","13.29","32.79","61.3"
"","","","","","","","","","way/123891708","secondary","null","26.1331237697983","91.57391817417856","6.941923454250016","50.55260779062907","0.6268289509097256","0","10.779","4.65","16.45","51.74"
"","","","","","","","","","way/123891709","tertiary","null","26.21297557572841","91.7290178","2.974340067702812","55.43887526194255","1.9187970053839505","8","3.643","13.29","32.79","61.3"
"","","","","","","","","","way/123891716","tertiary","null","26.108504577343847","91.60622736404645","2.391972744912998","51.50902061462402","1.29780026562831","0","8.945","6.53","18.77","49.17"
"","","","","","","","","","way/129101834","tertiary","null","26.183509164909164","91.74701444596909","0.1867975158206148","54.46450328826904","1.5500257035095275","37","1.506","10.46","28.15","58.66"
"","","","","","","","","","way/135461184","trunk_link","null","26.157491575575943","91.6739027215671","0.039149123905985","51.09007263183594","1.7910757721329906","9","0.557","8.54","23.7","54.46"
"","","","","","","","","","way/144197013","tertiary","Lamb Road","26.18798743276809","91.75444834193216","0.6320165996337153","56.18608043504798","1.6325610190223578","36","1.094","12.03","31.71","62.66"
"","","","","","","","","","way/144197014","tertiary","Bhuban Road","26.191330774181296","91.75305396880913","0.7045856114528799","59.32707138061524","2.11316070589138","29","1.121","12.03","31.71","62.66"
"","","","","","","","","","way/144357674","primary","Tayabulla Road","26.18767374143265","91.75197098215088","0.4630741470489124","56.57449946683996","3.290866515093275","35","1.333","12.03","31.71","62.66"
"","","","","","","","","","way/157584895","primary","null","26.18301068354024","91.7455239171954","0.1492123991781323","56.20013745625814","3.081943232044609","38","1.624","10.46","28.15","58.66"
"","","","","","","","","","way/157584897","primary","null","26.189412602226103","91.75017994210133","0.0279468270101238","60.531599044799805","2.0528229922667207","34","1.441","12.03","31.71","62.66"
"","","","","","","","","","way/157584898","primary","null","26.183572404815084","91.73803715229106","1.2179611215616877","56.40361940293085","3.1522167561258096","34","2.356","10.46","28.15","58.66"
"","","","","","","","","","way/157586072","tertiary","null","26.165774601224744","91.71364347562118","2.694986999468911","141.29782638549804","6.678279316482053","24","0.046","10.46","28.15","58.66"
"","","","","","","","","","way/157587544","tertiary","null","26.178340714972244","91.74033095891846","0.533543198964486","56.601612291838","4.559708127748916","38","1.992","10.46","28.15","58.66"
"","","","","","","","","","way/157587547","secondary","null","26.16827713869992","91.7511269154532","0.8147931396996746","54.01447125138908","1.512981968415859","42","1.215","12.03","31.71","62.66"
"","","","","","","","","","way/157587548","tertiary","null","26.179071676166803","91.73668624701202","0.5671069858886879","55.71842880249024","2.8014774623155576","37","1.869","10.46","28.15","58.66"
"","","","","","","","","","way/157587549","tertiary","null","26.18207233769149","91.74312965089317","0.532542806362322","59.31508014076635","3.743509642090604","37","1.822","10.46","28.15","58.66"
"","","","","","","","","","way/158014340","secondary","null","26.00099850045041","91.54145022738474","12.692361171097428","78.81156260172526","2.010753849032044","0","17.389","7.81","28.42","90.7"
"","","","","","","","","","way/158014341","secondary","Dharapur-Palashbari Road","26.138315290474715","91.61752900824456","2.1264896203340062","51.466421381632486","1.6982551161265114","0","6.425","6.53","18.77","49.17"
"","","","","","","","","","way/221491270","tertiary","null","26.23732142478886","91.66623115638748","3.505399663849025","53.16152432759603","1.5308040806533325","4","2.826","14.55","34.52","63.51"
"","","","","","","","","","way/222980003","tertiary","Beltola College Road","26.116143503034152","91.79450891336748","0.8194578685342447","61.55429524388806","2.63398340791485","8","4.244","9.51","26.9","56.37"
"","","","","","","","","","way/224011410","trunk","null","26.120342984565337","91.69275435767892","2.183150555873081","52.16317272186279","1.4851049378962988","7","2.361","8.63","23.8","54.17"
"","","","","","","","","","way/224011411","trunk","null","26.11129635420824","91.7619101962934","0.7355391071950508","57.12207163297213","1.177034436342114","12","2.03","9.51","26.9","56.37"
"","","","","","","","","","way/224011412","trunk","Basistha Chariali Flyover","26.112609043891016","91.80014370608332","1.4462440381211858","61.97393165588379","1.6575524187263613","4","4.513","8.9","26.14","54.58"
"","","","","","","","","","way/224011413","trunk","null","26.115556","91.719367","0.0377757189667917","50.61631774902344","1.8275699940579404","15","0.68","10.28","27.84","58.21"
"","","","","","","","","","way/224011414","trunk","null","26.11143845","91.791498","0.046745253331427","60.90538533528646","0.7581068024823984","7","4.621","9.51","26.9","56.37"
"","","","","","","","","","way/224011415","trunk","null","26.1115474","91.79150065","0.0468537553148647","61.25620651245117","0.0698467641582267","7","4.61","9.51","26.9","56.37"
"","","","","","","","","","way/224011416","trunk","null","26.13792280350339","91.67441332065717","4.00535909299358","50.715960311889646","0.7180946394480318","6","2.001","8.63","23.8","54.17"
"","","","","","","","","","way/224011418","trunk","Flyover","26.1156736589508","91.70912858431504","1.1313348834472878","52.16210233248197","1.624650472858428","11","0.94","10.28","27.84","58.21"
"","","","","","","","","","way/224011420","tertiary","null","26.126884231386867","91.67911794924684","0.953659435648398","51.81104475079161","1.4628350350336117","4","3.176","8.63","23.8","54.17"
"","","","","","","","","","way/224011421","tertiary","null","26.11172725","91.79144905","0.0319644361502718","61.25620651245117","0.102381772443187","7","4.589","9.51","26.9","56.37"
"","","","","","","","","","way/224011422","trunk_link","null","26.11562578976745","91.72016560020172","0.082255617920459","51.35078430175781","1.178795671651322","15","0.712","10.28","27.84","58.21"
"","","","","","","","","","way/224011423","trunk_link","null","26.11438790162998","91.72631625100966","0.0645438489306254","50.85958957672119","1.3116107175273382","13","1.238","10.28","27.84","58.21"
"","","","","","","","","","way/224011425","tertiary","null","26.11208766461256","91.74045293162418","0.3933770275625851","55.94444096883138","2.416331976917809","13","0.376","10.28","27.84","58.21"
"","","","","","","","","","way/224011427","tertiary","null","26.108007140409708","91.71972000020683","1.6330654020625122","51.74624797276088","1.061530710430544","10","1.489","10.28","27.84","58.21"
"","","","","","","","","","way/224011428","tertiary","null","26.114792767597454","91.72483496975433","1.0750796705457013","51.37747522302576","1.0490274235406072","15","1.094","10.28","27.84","58.21"
"","","","","","","","","","way/224011429","tertiary","null","26.14595612048695","91.67756345231304","2.209329290645437","50.51380449930827","1.4046747724669395","10","1.065","8.63","23.8","54.17"
"","","","","","","","","","way/224013298","primary","null","26.252364353663555","92.06826002082587","3.26659508353436","55.4884152730306","1.6884080403408663","0","10.377","17.49","40.44","64.51"
"","","","","","","","","","way/224013299","primary","null","26.23394308179849","91.91586952075632","10.690702756102592","59.11411247253418","1.3662218246292148","1","3.035","23.44","51.5","79.48"
"","","","","","","","","","way/224013300","primary","null","26.244021679703824","91.9577432132408","0.2479504902479519","50.31466598510743","4.744815924373278","2","0.739","21.8","48.8","75.86"
"","","","","","","","","","way/226284064","trunk","null","26.041989","91.867562","0.1175599559710947","59.48621520996094","7.670890560996303","1","1.553","13.68","32.67","54.54"
"","","","","","","","","","way/226284066","tertiary","null","26.02788819535141","91.84670098310964","6.70243031135886","74.09758154551189","3.223183281322492","1","4.162","18.37","43.52","71.62"
"","","","","","","","","","way/227894212","primary","null","26.285870910800675","91.50516313231476","0.8752087574909853","48.25480233469317","1.9462919644896493","0","19.762","4.07","13.14","31.75"
"","","","","","","","","","way/228275670","tertiary","null","26.284149047268265","91.68150039146036","2.689231293232508","52.10753974914551","1.3524175437573849","1","4.324","16.9","38.41","65.33"
"","","","","","","","","","way/228275680","tertiary","null","26.267305597006487","91.67987864231851","4.297187230366031","51.36932163238525","1.006187550545704","2","3.397","16.9","38.41","65.33"
"","","","","","","","","","way/228549920","trunk","null","26.23100823719399","91.60445648739336","4.87632025191976","51.03289178212484","1.08028564281475","0","8.767","11.06","26.29","51.91"
"","","","","","","","","","way/228880401","trunk","null","26.09305722420413","91.4912633370282","5.094145956410098","15.237433052062988","0.6309579753047073","0","19.985","6.0","26.27","89.29"
"","","","","","","","","","way/228880405","tertiary","null","26.05375828367921","91.55753551115436","6.645066275508271","51.54594809214274","0.6360059191629347","0","16.582","5.36","18.38","55.98"
"","","","","","","","","","way/228880406","tertiary","null","26.06995812687404","91.56129303081298","0.3072889552032899","48.22237173716227","1.1654189075982906","0","15.115","5.36","18.38","55.98"
"","","","","","","","","","way/253663171","trunk","null","26.24531415","91.5877842","0.0766376484639976","47.87615585327149","9.048934162301345","0","10.611","6.59","18.32","42.11"
"","","","","","","","","","way/253663174","trunk","null","26.2652695","91.5152756","0.0950977728537254","45.889697265625","3.526496888927168","0","18.148","4.07","13.14","31.75"
"","","","","","","","","","way/253663184","trunk","null","26.25402793675845","91.54602215597777","8.844733720941777","50.92291348775228","0.6512439403866339","0","14.884","4.07","13.14","31.75"
"","","","","","","","","","way/261074438","tertiary","fatashil ambari road","26.168220894207987","91.73676497236238","1.062207754632188","54.54853593980944","2.664446931270151","37","0.965","10.46","28.15","58.66"
"","","","","","","","","","way/261074442","tertiary","ASEB Road","26.16760068108446","91.7596563087949","1.2023835032480226","53.263793763660246","2.130401562465849","42","0.903","12.03","31.71","62.66"
"","","","","","","","","","way/261074444","tertiary","null","26.1634880909462","91.68459023822604","1.1221585160365175","52.17067170754457","1.5682342183377105","14","1.054","8.54","23.7","54.46"
"","","","","","","","","","way/261074445","tertiary","null","26.17097413219426","91.74111932198524","1.198863604515124","54.75782310671923","2.9645975463222216","39","1.495","10.46","28.15","58.66"
"","","","","","","","","","way/261074446","tertiary","null","26.17776909205396","91.74104651890347","0.1186978193109366","57.45746002197266","2.294048001489553","38","1.974","10.46","28.15","58.66"
"","","","","","","","","","way/261074447","tertiary","null","26.17037883248433","91.73121138321817","0.6159405992177408","55.94838107715953","4.914133113881244","36","0.762","10.46","28.15","58.66"
"","","","","","","","","","way/261074449","tertiary","null","26.18453315938648","91.7495444832888","0.321671625838055","54.93976624806722","1.7005694654447616","37","1.337","10.46","28.15","58.66"
"","","","","","","","","","way/261074451","tertiary","null","26.168387886204595","91.67716237074976","1.0499222742273349","53.516516261630585","1.649700687252409","10","1.451","8.54","23.7","54.46"
"","","","","","","","","","way/261074453","tertiary","null","26.128318662296586","91.7793885297401","0.7364371199703905","55.60115931584285","1.5777732861635791","14","2.459","9.51","26.9","56.37"
"","","","","","","","","","way/261074454","tertiary","A T Road","26.178797733358103","91.74331162877036","0.617514778544142","57.35939112576571","4.213235568828845","39","1.75","10.46","28.15","58.66"
"","","","","","","","","","way/261074456","tertiary","null","26.18270815","91.7475938","0.0855994600713571","53.52779960632324","0.9189007324017506","37","1.418","10.46","28.15","58.66"
"","","","","","","","","","way/261078158","tertiary","null","26.19219328037111","91.7851678842238","1.5736311929885929","82.43301391601562","4.014428564269305","28","0.436","12.03","31.71","62.66"
"","","","","","","","","","way/262982732","secondary","Rajgarh Road","26.176793738662013","91.77338731079104","0.7564790265635811","54.78194498132776","1.6705493771055149","31","0.753","12.03","31.71","62.66"
"","","","","","","","","","way/262982735","secondary","Rajgarh Link Road","26.18005077699448","91.77484168771495","0.1393310957002435","57.6797784169515","3.1441570938914647","31","0.935","12.03","31.71","62.66"
"","","","","","","","","","way/262982742","secondary","Radha Gobinda Baruah Road","26.185198690233264","91.77489997780332","0.1320629277457185","59.58429463704427","2.964145636487366","30","0.883","12.03","31.71","62.66"
"","","","","","","","","","way/284799028","trunk","null","26.21466218484594","91.63508243085136","3.2108244106786774","51.87172304789225","1.206175169482976","0","5.44","11.06","26.29","51.91"
"","","","","","","","","","way/284799029","trunk","null","26.26936058742709","91.51300441494502","1.0093698339046755","51.20824770246233","2.617837429543921","0","18.478","4.07","13.14","31.75"
"","","","","","","","","","way/284799032","primary","null","26.23856378065805","91.5312704299693","1.336814336764674","52.65045812855596","1.662945595528276","0","16.076","4.0","16.02","46.12"
"","","","","","","","","","way/289680936","tertiary","Ajanta Path","26.12936554527792","91.7908845041848","0.9017350606926524","58.61822819709778","1.9281029160618088","12","2.776","9.51","26.9","56.37"
"","","","","","","","","","way/324171520","tertiary","Kamarpur Bhaktagaon Road","26.212569591644865","92.05033965690107","4.976745384602572","55.1810936609904","1.314263900012464","0","6.664","17.92","41.83","67.67"
"","","","","","","","","","way/324171522","tertiary","null","26.22782852576896","92.10477160243954","0.9517732838150188","58.265084931344695","1.5286360522322888","0","10.568","12.68","31.92","56.51"
"","","","","","","","","","way/324171524","primary","null","26.20479797619645","92.19974924890305","6.884332147499921","30.763068135579427","0.8447720751007685","0","13.849","15.94","38.32","64.33"
"","","","","","","","","","way/367630023","secondary","Chandmari Railway Flyover","26.18290791948907","91.775452199893","0.4251888566561511","57.42642760276794","2.305009701010604","30","1.064","12.03","31.71","62.66"
"","","","","","","","","","way/386384620","trunk","null","26.190006149575343","91.67104970525816","0.0548204029257051","50.91517893473307","0.2571092491987252","6","2.955","8.54","23.7","54.46"
"","","","","","","","","","way/386384629","trunk","null","26.20992216012112","91.68863785688092","7.020431738820321","54.85976047515869","1.146642745431687","4","0.129","14.55","34.52","63.51"
"","","","","","","","","","way/386384631","trunk","null","26.23542997445144","91.68874601436104","0.1421305183119335","53.850613276163735","1.8694819683043968","4","0.973","14.55","34.52","63.51"
"","","","","","","","","","way/386384633","trunk","null","26.262900152432035","91.69668565243204","6.223401828023339","51.41246662139893","0.6259983665282053","2","1.665","16.9","38.41","65.33"
"","","","","","","","","","way/386384634","trunk","null","26.26290323709291","91.69656856352142","6.226135062826881","51.065310859680174","0.6114800847812872","2","1.676","16.9","38.41","65.33"
"","","","","","","","","","way/386384636","trunk","null","26.20940439363655","91.6881477227237","7.190272192066866","53.78900140126546","0.5220335753209927","4","0.205","14.55","34.52","63.51"
"","","","","","","","","","way/386384637","trunk","null","26.186585196504744","91.67133922536182","0.7097148699727035","55.512037200927736","1.273978968277455","9","3.22","8.54","23.7","54.46"
"","","","","","","","","","way/386390124","trunk","null","26.12545388257396","92.22642852644684","11.81177638119496","16.117401568094888","0.352050108600914","0","7.706","11.78","29.92","53.97"
"","","","","","","","","","way/386390125","trunk","null","26.125385192208576","92.22622083722985","11.727537950009152","16.125915908813475","0.3470816628048344","0","7.686","11.78","29.92","53.97"
"","","","","","","","","","way/386390129","trunk","NH37","26.11847642116578","91.98167390355748","0.7503292510534717","58.32543464943215","2.027735883379905","2","4.383","8.76","22.36","42.07"
"","","","","","","","","","way/386390130","trunk","NH37","26.11887232618809","91.9818423205894","0.7176121112897288","59.18977874755859","1.6803893784097612","2","4.41","8.76","22.36","42.07"
"","","","","","","","","","way/386390131","trunk","Khanapara Flyover","26.11978170329631","91.82483176042838","0.101631163995996","68.41757507324219","0.4221595670661046","3","2.03","8.9","26.14","54.58"
"","","","","","","","","","way/386390132","trunk","NH37","26.11906465","91.98598345","0.1590333027262434","54.76105063302176","3.408664918387468","2","4.619","8.76","22.36","42.07"
"","","","","","","","","","way/386390133","trunk","null","26.11928015","91.98602035","0.1576378205481789","56.82537405831473","5.829510937975825","2","4.644","8.76","22.36","42.07"
"","","","","","","","","","way/386390134","trunk","NH37","26.120187","91.97796765","0.1748591746059759","54.61467470441546","4.149897183004431","2","4.077","8.76","22.36","42.07"
"","","","","","","","","","way/386390135","trunk","NH37","26.1202971","91.97819365","0.1730906432929703","55.74768556867327","5.293011692798895","2","4.102","8.76","22.36","42.07"
"","","","","","","","","","way/386390136","trunk","NH37","26.105388310176185","91.85598805866556","4.64967236665302","119.979576365153","1.6027107828496574","5","0.669","16.11","38.31","65.02"
"","","","","","","","","","way/386390138","trunk","Khanapara Flyover","26.11928803871739","91.82182248124364","0.5151788338471207","68.79821215177837","2.3360060528624134","5","2.294","8.9","26.14","54.58"
"","","","","","","","","","way/386390139","trunk","NH37","26.09945075358778","91.8760711697198","0.1372858819279105","80.98188654581706","1.084561145809634","4","0.08","15.42","36.6","61.43"
"","","","","","","","","","way/386390140","trunk","NH37","26.11953716582205","91.89753487852482","8.324516685760162","88.11288553873698","1.3250498417135017","7","3.015","16.11","38.31","65.02"
"","","","","","","","","","way/386390141","trunk","Khanapara Flyover","26.11935915835978","91.8218002803086","0.5153301984405143","67.73866492823551","2.397723938049873","5","2.29","8.9","26.14","54.58"
"","","","","","","","","","way/386390142","trunk","NH37","26.12318217132055","92.04022750671524","7.437338918483469","59.37228927612305","0.6736950173274047","3","1.254","2.67","11.21","30.12"
"","","","","","","","","","way/386390143","trunk","null","26.12329555749819","92.04017417975952","7.447588065427018","59.44665508270264","0.6581524772402874","3","1.263","2.67","11.21","30.12"
"","","","","","","","","","way/386390144","trunk_link","null","26.09970671595262","91.87529583608806","0.2222429887756384","85.28617011176215","8.643337269710635","4","0.136","15.42","36.6","61.43"
"","","","","","","","","","way/386390145","trunk_link","null","26.11972992368409","91.82335225389","0.1550650672237479","68.41311645507812","2.2555522719603265","5","2.145","8.9","26.14","54.58"
"","","","","","","","","","way/386390146","trunk_link","null","26.11868185","91.81802595","0.0078466048972485","67.5541763305664","0.0","5","2.638","8.9","26.14","54.58"
"","","","","","","","","","way/387479829","trunk","null","26.04925692899929","91.87083606078124","1.521034798994927","66.31791598980243","1.8922068045389533","2","0.93","13.68","32.67","54.54"
"","","","","","","","","","way/393657586","primary","Assam Trunk Rd","26.167462031499927","91.7201512292558","1.0582237201240627","58.12615121377481","2.355185492223086","28","0.542","10.46","28.15","58.66"
"","","","","","","","","","way/395997750","trunk","NH37","26.10531308218864","91.85630376523014","4.719765090491797","119.6871576944987","2.031033415427012","5","0.637","16.11","38.31","65.02"
"","","","","","","","","","way/395997751","trunk","NH37","26.09967895738497","91.87755330857208","0.1680795957945401","80.53048488071987","1.36619778222408","4","0.098","15.42","36.6","61.43"
"","","","","","","","","","way/395997752","trunk_link","null","26.099636280367864","91.878063461345","0.2506650772872224","82.08486251831054","2.0597951694571","4","0.148","15.42","36.6","61.43"
"","","","","","","","","","way/405840603","secondary","VIP Road","26.14023215701703","91.811506772701","2.0536987894575147","55.61434237162272","1.477968121609911","7","2.447","8.9","26.14","54.58"
"","","","","","","","","","way/405840604","secondary","VIP Road","26.159895901150225","91.81932055006678","4.949520849420263","59.47136058807373","1.1359462459178444","17","2.735","11.76","30.98","59.55"
"","","","","","","","","","way/405840605","primary_link","Mahapurush Srimanta Sankardeva Path","26.1314364668119","91.807984513552","0.6927655887572162","58.53054336547852","2.86681268503621","6","2.966","8.9","26.14","54.58"
"","","","","","","","","","way/405840606","secondary","null","26.13242270938136","91.80992657231916","0.4137803269077109","58.24669621785482","2.5331417400641585","7","2.974","8.9","26.14","54.58"
"","","","","","","","","","way/405840607","secondary","Panjabari Flyover","26.13243445","91.8118158","0.0268296229036729","56.70448684692383","0.7497397306092285","7","2.786","8.9","26.14","54.58"
"","","","","","","","","","way/405840610","secondary","Panjabari Road","26.13346579228568","91.8228654970553","2.206015245985302","59.9780553817749","1.2855842291553838","4","1.688","8.9","26.14","54.58"
"","","","","","","","","","way/405841129","tertiary","null","26.27454842822093","91.57799152767434","6.308406220064071","51.70868848164877","1.1024363497512768","0","12.549","9.02","22.09","42.37"
"","","","","","","","","","way/407995792","secondary","Panjabari Flyover","26.131554386352768","91.80820142139676","0.0234929708607229","61.120941162109375","4.904664983130424","6","2.966","8.9","26.14","54.58"
"","","","","","","","","","way/407995793","secondary","Panjabari Flyover","26.13236728142288","91.80996697785191","0.347372156675843","58.00948509803185","2.8021844648483505","7","2.97","8.9","26.14","54.58"
"","","","","","","","","","way/421591810","secondary","null","26.14484543974645","91.8381447252222","2.7065659852602377","59.90837497711182","2.6421691806672527","5","1.413","8.9","26.14","54.58"
"","","","","","","","","","way/421591816","primary_link","Mahapurush Srimanta Sankardeva Path","26.130576167099804","91.80937201762497","0.3578096688885986","59.51624503502479","2.9116857761956214","7","3.035","8.9","26.14","54.58"
"","","","","","","","","","way/421591821","primary","Sixmile Flyover","26.131102337027336","91.8086173590803","0.4899979130352319","59.13323868645562","2.192192748361031","7","3.031","8.9","26.14","54.58"
"","","","","","","","","","way/421591822","primary","Sixmile Flyover","26.13105056731761","91.80857614033684","0.4919748306468453","58.98792987399631","2.733692120401004","7","3.033","8.9","26.14","54.58"
"","","","","","","","","","way/421591826","primary","Mahapurush Srimanta Sankardeva Path","26.136941287538853","91.80112028096084","1.145092418888654","56.44144821166992","1.4952707539512322","8","2.105","8.9","26.14","54.58"
"","","","","","","","","","way/431216810","trunk","null","26.15857370526157","91.66210007676676","1.979652417028074","50.09995492299398","0.820165109340754","3","1.722","8.54","23.7","54.46"
"","","","","","","","","","way/431216811","trunk","null","26.158593184716008","91.6618624855307","2.0385099629072703","50.21346238454183","0.8223198090669578","3","1.746","8.54","23.7","54.46"
"","","","","","","","","","way/431220703","trunk","null","26.146135545615056","91.64593137230824","2.363999243134531","51.93992773691813","1.9634331539879808","1","3.459","6.53","18.77","49.17"
"","","","","","","","","","way/431223046","trunk","null","26.11330054381757","91.614019594157","5.00404465542885","49.97117919921875","0.4991944737460048","0","8.002","6.53","18.77","49.17"
"","","","","","","","","","way/431237222","trunk","null","26.097949183631243","91.60787644123114","1.071419367017102","49.86598318976325","0.8089794572205578","0","9.555","7.4","20.66","51.24"
"","","","","","","","","","way/431237223","trunk","null","26.09838069976542","91.59451965352858","0.2030916180395095","49.61219072341919","0.8485285437276403","0","10.554","5.36","18.38","55.98"
"","","","","","","","","","way/431237224","trunk","null","26.09809225","91.5934182","0.0268836596068707","48.39827156066895","1.573821519248186","0","10.662","5.36","18.38","55.98"
"","","","","","","","","","way/431237225","trunk","null","26.100089717223582","91.59917608483627","0.7530333443738314","51.2178411130552","1.2067406223280488","0","10.069","4.65","16.45","51.74"
"","","","","","","","","","way/431237227","tertiary","null","26.101377497388864","91.59622470488203","0.6702701892354272","51.1315811475118","1.5636310048358024","0","10.219","4.65","16.45","51.74"
"","","","","","","","","","way/431237228","trunk","null","26.087457744802727","91.58310973738728","3.1677992314388144","51.62733929951985","1.5277937925074432","0","12.198","5.36","18.38","55.98"
"","","","","","","","","","way/444994314","tertiary","null","26.174461233528344","91.50288956218888","7.275854943392171","28.07069625854492","0.7972231109070825","0","17.703","2.98","15.87","56.53"
"","","","","","","","","","way/444994319","tertiary","null","26.166013931002933","91.55553493150695","3.905086669779876","51.73097216288249","1.1168681463434011","0","12.378","6.29","19.44","52.01"
"","","","","","","","","","way/444994321","tertiary","null","26.22877931674248","91.49891240295014","1.0001343165835102","9.133411407470703","4.252828251400968","0","19.111","3.2","21.28","71.77"
"","","","","","","","","","way/444994345","tertiary","null","26.209124826154184","91.53655158549168","1.4537805015347085","49.99603302001953","2.080137751944553","0","15.254","4.0","16.02","46.12"
"","","","","","","","","","way/459339984","trunk","null","26.09873165","91.5955866","0.0241594905602163","50.36665344238281","0.8375653537075682","0","10.446","5.36","18.38","55.98"
"","","","","","","","","","way/459339985","trunk","null","26.09997518165","91.59961821954803","0.8494954491756735","50.82867113749186","0.7690352934689462","0","10.042","5.36","18.38","55.98"
"","","","","","","","","","way/461940997","secondary","null","26.21135554803105","91.73921680214926","1.322986713227378","55.410330813864","2.440250353583798","16","2.938","13.29","32.79","61.3"
"","","","","","","","","","way/461949860","primary","G.N.B Road","26.18521303916789","91.75483491876533","0.360056730945102","54.87631498064314","2.241854334008975","37","0.995","12.03","31.71","62.66"
"","","","","","","","","","way/461949861","primary","null","26.18494903166379","91.75663922099334","0.1324108422738272","54.0389035542806","1.868947171249005","39","0.873","12.03","31.71","62.66"
"","","","","","","","","","way/461949945","tertiary","null","26.183147930490307","91.7489579510328","0.2170520997252746","53.68857913547092","1.4421766606690958","37","1.313","10.46","28.15","58.66"
"","","","","","","","","","way/461952487","tertiary","null","26.264046079476035","91.75789026315192","6.605449794701491","57.45600121815999","2.115810653133336","1","4.701","18.26","40.93","65.1"
"","","","","","","","","","way/462641354","tertiary","null","26.12295639076667","92.1991533550346","0.5866338213283285","39.93096142723447","4.216737473165616","0","5.784","9.2","25.66","50.87"
"","","","","","","","","","way/462641357","tertiary","null","26.133669428105","92.18818031951226","2.125227517922793","54.50644416809082","1.075887779307598","0","6.461","9.2","25.66","50.87"
"","","","","","","","","","way/462641358","tertiary","null","26.153533823130484","92.17593547469464","3.012932756085393","54.61383768717448","1.642896547898082","0","7.718","12.0","30.55","55.01"
"","","","","","","","","","way/479206974","tertiary","Embankment Rd","26.12703105859346","91.77137827795272","1.649707313663548","53.58956561769758","1.1462269271827532","15","2.235","9.51","26.9","56.37"
"","","","","","","","","","way/495383873","tertiary","null","25.903574010132065","91.88337565066632","1.4598602370376608","462.3708227539062","7.181952612452059","0","16.317","27.59","61.06","93.82"
"","","","","","","","","","way/495440595","secondary","null","25.90895341666716","91.88097948439592","0.7091140088026998","566.5386083984375","7.768669390067359","0","15.716","27.59","61.06","93.82"
"","","","","","","","","","way/497502697","tertiary","null","26.115901803761453","91.78874078203282","0.4069670968311673","60.36321029663086","1.2445286178094712","9","4.058","9.51","26.9","56.37"
"","","","","","","","","","way/497502701","tertiary","null","26.114713398160905","91.79014103681352","0.2030904142532395","60.65440368652344","1.9670190054223813","9","4.232","9.51","26.9","56.37"
"","","","","","","","","","way/497502704","tertiary","null","26.1150978","91.7911303","0.0137385456776604","59.04850387573242","0.0","9","4.232","9.51","26.9","56.37"
"","","","","","","","","","way/497502726","tertiary","GMC Link Road","26.150444140793983","91.76898011979128","2.183545111322797","121.38055470784504","4.849676483506984","34","0.499","12.03","31.71","62.66"
"","","","","","","","","","way/497520981","secondary","null","26.173321970326537","91.73616260453824","1.1845120151362756","55.53138286311452","2.792136112757613","37","1.296","10.46","28.15","58.66"
"","","","","","","","","","way/497520982","secondary","null","26.16781815","91.73666325","0.0306779103139622","54.889078776041664","6.832507112318349","37","0.936","10.46","28.15","58.66"
"","","","","","","","","","way/497520984","tertiary","null","26.168737669894178","91.7420526450494","0.2448348681014344","52.367453002929686","1.8931301673557048","39","1.47","10.46","28.15","58.66"
"","","","","","","","","","way/497520985","tertiary","null","26.1675287","91.7419888","0.0219498575294713","52.5888557434082","0.0","39","1.422","10.46","28.15","58.66"
"","","","","","","","","","way/497520988","primary","null","26.17510502902049","91.74975296354252","0.7974515263725089","54.91613347189767","2.566403268821764","41","1.153","10.46","28.15","58.66"
"","","","","","","","","","way/497520989","primary","null","26.1685874","91.7464935","0.0224599803267961","52.90973854064941","3.89316657859018","41","1.483","10.46","28.15","58.66"
"","","","","","","","","","way/497520990","tertiary","null","26.16808095","91.7523673","0.0141923402245027","53.83067321777344","4.198655061087529","42","1.152","12.03","31.71","62.66"
"","","","","","","","","","way/497520991","tertiary","null","26.1678874","91.75234885","0.0289582619814753","54.54766273498535","4.886772529873894","42","1.132","12.03","31.71","62.66"
"","","","","","","","","","way/497524496","tertiary_link","null","26.1231917","91.8016222","0.0068478665503882","59.11598777770996","11.13936725926064","6","3.571","8.9","26.14","54.58"
"","","","","","","","","","way/497524502","tertiary","null","26.122521013167404","91.7657625047959","1.0230829910325945","52.703392028808594","0.8667553839311476","19","1.817","9.51","26.9","56.37"
"","","","","","","","","","way/497524503","tertiary","null","26.123895890437502","91.76107335738752","0.9414219258359828","53.07533530032996","1.695194839980933","19","1.328","9.51","26.9","56.37"
"","","","","","","","","","way/507819474","tertiary","null","26.17383102134549","91.74614428292752","0.3303198343995832","49.23902687659631","1.0745859737503851","40","1.539","10.46","28.15","58.66"
"","","","","","","","","","way/507819525","tertiary","null","26.14668549964868","91.69707126220308","0.3460929748783696","58.74552829448994","2.103714928502727","17","1.999","8.63","23.8","54.17"
"","","","","","","","","","way/507819548","tertiary","null","26.171132986515342","91.74392428134564","0.4145715025691211","49.40887603759766","0.4223855334779092","39","1.749","10.46","28.15","58.66"
"","","","","","","","","","way/508130609","tertiary","Batahguli Road","26.132726005423525","91.83966582686548","1.4135275184959584","71.24005617414203","2.103317658618045","3","0.057","8.9","26.14","54.58"
"","","","","","","","","","way/508333037","secondary","null","26.25379057852696","91.67824123021312","3.485802552779433","51.23177089691162","1.2855971640980437","4","3.264","16.9","38.41","65.33"
"","","","","","","","","","way/508338574","tertiary_link","null","26.1230782","91.80249395","0.0058763676996157","57.88027191162109","0.0","6","3.606","8.9","26.14","54.58"
"","","","","","","","","","way/508340155","tertiary","null","26.12916815","91.8064039","0.0076593081050151","59.490753173828125","0.0","6","3.112","8.9","26.14","54.58"
"","","","","","","","","","way/508340345","tertiary","null","26.1296331","91.80686645","0.0081208148026181","57.642391204833984","0.0","6","3.087","8.9","26.14","54.58"
"","","","","","","","","","way/508340347","tertiary","null","26.12992125","91.80715755","0.0078171254994658","57.05509567260742","0.0","6","3.072","8.9","26.14","54.58"
"","","","","","","","","","way/508340348","tertiary","null","26.13069395","91.80793585","0.0083923550495106","59.847686767578125","5.12260039410341","6","3.035","8.9","26.14","54.58"
"","","","","","","","","","way/508351469","tertiary","null","26.10101821381028","91.80306299836552","0.3832127994908163","65.68742152622768","2.5399767401002404","0","5.043","8.9","26.14","54.58"
"","","","","","","","","","way/508372269","tertiary","null","26.1386118","91.6035446","0.0610990106617619","51.27410507202149","1.0856860274763516","0","7.761","6.53","18.77","49.17"
"","","","","","","","","","way/508372271","tertiary","null","26.13969872656612","91.59817078183312","1.0887272915734991","50.90626365260074","1.2676386491098164","0","8.256","4.65","16.45","51.74"
"","","","","","","","","","way/508372459","tertiary","null","26.15157799775297","91.6435208574313","3.534719572783269","52.53650372823079","1.4918543135121582","1","3.567","7.92","21.11","50.32"
"","","","","","","","","","way/508372514","tertiary","null","26.16837486404018","91.65990304566584","2.153975440547692","53.98260434468588","2.855244750387932","3","2.387","8.54","23.7","54.46"
"","","","","","","","","","way/508399298","tertiary","M C Road","26.188065529713352","91.7576472033141","0.659671531703749","57.24298278145168","2.737122671215204","31","0.817","12.03","31.71","62.66"
"","","","","","","","","","way/508399320","tertiary","null","26.198868440273287","91.77521388749844","4.170241487372708","63.847985649108885","2.8023004628145185","23","0.651","12.03","31.71","62.66"
"","","","","","","","","","way/508414076","tertiary","null","26.1032162791524","91.76165008613104","2.2487100578489767","61.05210596720378","1.513799860878558","6","2.086","9.51","26.9","56.37"
"","","","","","","","","","way/508414105","tertiary","null","26.1092044091314","91.77231067466612","0.4846578272797356","60.27729776170519","1.3194987231677735","7","3.052","9.51","26.9","56.37"
"","","","","","","","","","way/508422339","tertiary","null","26.10767178927106","91.7506691279808","0.859038990520519","58.503621164957686","1.3407532609885118","9","0.901","9.51","26.9","56.37"
"","","","","","","","","","way/508535624","tertiary","null","26.1832514649208","91.80335808816432","0.0816841639279877","61.91962909698486","2.6716104092737774","29","0.695","11.76","30.98","59.55"
"","","","","","","","","","way/508535878","tertiary","null","26.190212805271376","91.77836667229258","0.1451905573784517","68.22428766886394","0.6993393052619603","27","0.341","12.03","31.71","62.66"
"","","","","","","","","","way/508665336","tertiary","null","26.113821918493485","91.788703441027","0.1280948735772828","60.46367327372233","2.3111626818317226","9","4.273","9.51","26.9","56.37"
"","","","","","","","","","way/508670974","tertiary","null","26.15351677835089","91.7743821432389","1.743410811162891","118.9193478902181","8.568815467302754","36","0.143","12.03","31.71","62.66"
"","","","","","","","","","way/508682546","trunk","null","26.189095932161973","91.67114874277968","0.2642070597865644","51.637093734741214","2.029707244025964","7","3.029","8.54","23.7","54.46"
"","","","","","","","","","way/508682548","trunk","New Saraighat Bridge","26.175337701848424","91.67192500211723","1.7213412855141657","47.86022373781366","1.839933876163249","10","2.322","8.54","23.7","54.46"
"","","","","","","","","","way/508682549","tertiary","null","26.155121109876344","91.6631000679871","1.6756770205856233","53.94909935666804","3.0638385903385656","4","1.587","8.54","23.7","54.46"
"","","","","","","","","","way/508686071","trunk","null","26.169466041953186","91.67260688430736","0.0799267298405125","61.15045833587647","6.367209845040704","9","1.685","8.54","23.7","54.46"
"","","","","","","","","","way/508686075","trunk_link","Flyover Ramp","26.15878646772012","91.67237918076128","0.1298495149658081","51.266405741373696","2.944666402875374","8","0.758","8.54","23.7","54.46"
"","","","","","","","","","way/508686078","trunk","Flyover","26.156042034655336","91.6756524487156","0.1674398942642208","52.10508401053293","1.4962142057436962","9","0.341","8.54","23.7","54.46"
"","","","","","","","","","way/508686081","trunk","Flyover","26.156024392768987","91.6754720920904","0.1445098160340662","52.275747299194336","2.3748632366304028","9","0.358","8.54","23.7","54.46"
"","","","","","","","","","way/508686084","trunk_link","Flyover Ramp","26.156811862956896","91.67396695682818","0.1120462579510284","49.73456420898437","3.0976162522266963","9","0.525","8.54","23.7","54.46"
"","","","","","","","","","way/508686087","trunk_link","Flyover Ramp","26.1558721675244","91.67543707267156","0.5754436228390325","50.82516733805338","1.931252336585048","9","0.359","8.54","23.7","54.46"
"","","","","","","","","","way/508686089","trunk_link","null","26.159150896788155","91.67144514646009","0.2578245390406492","50.17726211547851","1.2785735261251605","8","0.859","8.54","23.7","54.46"
"","","","","","","","","","way/508686095","trunk","Flyover","26.15761362083795","91.6734302036002","0.4031413171620296","52.35769271850586","2.139445217179804","8","0.606","8.54","23.7","54.46"
"","","","","","","","","","way/508686096","trunk","Flyover","26.15769170111176","91.6735379473482","0.4001707694487638","52.46996994018555","2.126748448865196","8","0.6","8.54","23.7","54.46"
"","","","","","","","","","way/508686097","trunk_link","null","26.15651263634356","91.67522965724147","0.3087689316575743","51.83980623881022","2.012044407904169","9","0.395","8.54","23.7","54.46"
"","","","","","","","","","way/508686099","trunk_link","null","26.15616510511036","91.67361071722618","0.5273998995926101","50.72188728734066","1.401605497531991","8","0.544","8.54","23.7","54.46"
"","","","","","","","","","way/508686100","trunk_link","null","26.1574647","91.67299415","0.0419228564560305","50.52243296305338","1.431521363474123","8","0.64","8.54","23.7","54.46"
"","","","","","","","","","way/508686101","trunk_link","Flyover Ramp","26.15808918585765","91.6715678985384","0.1666566416565842","50.37415313720703","0.6587214281686342","8","0.798","8.54","23.7","54.46"
"","","","","","","","","","way/508686103","tertiary","null","26.135755067824824","91.56936942504215","1.786692727184784","52.52786706288656","2.617801532235786","0","11.16","4.65","16.45","51.74"
"","","","","","","","","","way/508686106","primary","Assam Trunk Road Flyover","26.15906716427899","91.69135616275273","0.4840310454445465","53.45985878838433","0.9191425051503446","16","1.297","8.54","23.7","54.46"
"","","","","","","","","","way/508689386","tertiary","Hem Baruah Road","26.18778208053829","91.74700187312855","0.6618226981099791","58.71849568684896","2.08032975343156","37","1.753","10.46","28.15","58.66"
"","","","","","","","","","way/508689388","primary","null","26.181228803427008","91.74588685515896","0.138446079480848","56.14245859781901","2.2631869089537373","38","1.532","10.46","28.15","58.66"
"","","","","","","","","","way/508689389","primary","null","26.1821034","91.74578545","0.0568185167003875","57.27384694417318","0.0004462218184142","38","1.567","10.46","28.15","58.66"
"","","","","","","","","","way/508977077","trunk_link","null","26.15725038522366","91.67491207518742","0.1331894357344837","50.87398211161295","1.83461588094036","9","0.455","8.54","23.7","54.46"
"","","","","","","","","","way/509093239","tertiary","null","26.20238586951397","91.7966386985564","0.6821763435883446","59.75345929463705","4.760766000064025","22","1.35","11.97","30.53","58.86"
"","","","","","","","","","way/509093274","tertiary","null","26.195471517219392","91.79531993279984","1.1413151394157584","79.08497886657715","4.035178769276612","25","0.657","12.03","31.71","62.66"
"","","","","","","","","","way/510133519","primary","null","26.24723335977525","91.52919024861386","1.0617008107573596","51.73651906606313","2.1690314283794754","0","16.414","4.0","16.02","46.12"
"","","","","","","","","","way/510186674","tertiary","null","26.202659277146672","91.65126795641694","1.438232280658696","54.0997866416464","3.64922730659954","3","3.916","14.55","34.52","63.51"
"","","","","","","","","","way/510343702","tertiary","null","26.22015407245797","91.66508777805122","4.036154355646502","53.61097838083903","2.590608160245635","3","2.642","14.55","34.52","63.51"
"","","","","","","","","","way/510419357","tertiary","null","26.21013015","91.7097272","0.053588437656734","50.05356089274088","1.975856190012764","7","1.749","13.29","32.79","61.3"
"","","","","","","","","","way/510453156","tertiary","null","26.24543353059996","91.73867705981873","0.1444035705367376","58.253615061442055","7.7706807370924285","1","2.953","13.29","32.79","61.3"
"","","","","","","","","","way/510453157","tertiary","null","26.24564322185194","91.73903767656624","0.0652452540132872","56.934200286865234","12.48695464853949","1","2.976","13.29","32.79","61.3"
"","","","","","","","","","way/511187551","tertiary","null","26.292895562149347","91.70545141385657","1.4498252000412537","52.607057876586914","2.19478928748508","1","4.133","18.29","42.96","74.53"
"","","","","","","","","","way/511204936","tertiary","null","26.246335264246763","91.66256780676731","1.4644736102750535","47.13479911804199","1.1451181847592566","3","3.641","14.55","34.52","63.51"
"","","","","","","","","","way/511222631","secondary","null","26.271831101385374","91.66145076971452","2.8392659815310086","53.11588033040365","2.201015410449258","0","5.295","16.9","38.41","65.33"
"","","","","","","","","","way/511223689","secondary","null","26.237958089250128","91.64558240157068","3.8253620751017263","53.81902713775635","2.3054101892285","1","4.804","11.06","26.29","51.91"
"","","","","","","","","","way/511226643","tertiary","null","26.268070761581964","91.65593454285931","0.8272648596784633","52.00986270246835","1.635159349787376","0","5.706","16.9","38.41","65.33"
"","","","","","","","","","way/511226648","tertiary","null","26.27707015","91.64305875","0.0424978002931574","51.10559844970703","0.2357805111444393","0","7.218","11.87","27.13","49.28"
"","","","","","","","","","way/511230450","tertiary","null","26.288559435361883","91.64177684652935","2.669063807293429","53.991325759887694","1.8684551897297748","0","7.838","11.87","27.13","49.28"
"","","","","","","","","","way/511233664","tertiary","null","26.2869785780675","91.65921823721146","1.0194180415298444","52.107220894949776","3.410405851410977","0","6.247","16.9","38.41","65.33"
"","","","","","","","","","way/511241181","secondary","Borka Sesa Road","26.2755174086886","91.62242059045737","10.001487513215231","51.35453338623047","0.8854898310897391","0","8.791","11.87","27.13","49.28"
"","","","","","","","","","way/511259700","tertiary","null","26.31241108924668","91.64820899266334","4.814821359133828","1.0020067850748695","0.598691163065207","0","8.892","23.01","49.75","79.05"
"","","","","","","","","","way/511391178","tertiary","null","26.26460215335948","91.55378956671584","9.030807507443985","53.44086144765218","0.9300084663328618","0","14.419","9.02","22.09","42.37"
"","","","","","","","","","way/511392891","tertiary","null","26.26490725694908","91.56722864453305","3.5154621126363272","49.71382204691569","1.174365675580069","0","13.152","9.02","22.09","42.37"
"","","","","","","","","","way/511398703","tertiary","null","26.253670196140785","91.53479572711016","0.3993750016551318","49.28324483235677","1.9987399206460623","0","15.976","4.07","13.14","31.75"
"","","","","","","","","","way/511890345","tertiary","null","26.27575924207294","91.55602229715156","9.194940695778932","53.42471167246501","1.1273342331326432","0","14.616","9.02","22.09","42.37"
"","","","","","","","","","way/511890959","tertiary","null","26.275405803708647","91.5206369457095","3.100719952117208","49.810404014587405","1.4732134294288004","0","17.932","4.07","13.14","31.75"
"","","","","","","","","","way/511892611","tertiary","null","26.27155958925905","91.53883859565732","4.443928752593494","50.7203784942627","1.3863001099499548","0","16.072","4.07","13.14","31.75"
"","","","","","","","","","way/511892618","tertiary","null","26.28927803230899","91.56069019272152","6.500827200428019","50.19807478586833","0.7385072454737707","0","14.821","9.02","22.09","42.37"
"","","","","","","","","","way/511958694","tertiary","null","26.30311562725305","91.59580866607224","3.311738598973056","19.72390619913737","1.2369197354131445","0","12.67","12.7","29.73","52.43"
"","","","","","","","","","way/517474923","secondary","null","26.10436185","91.7071277","0.0245170637522758","56.55802917480469","3.803399857780268","3","2.074","10.28","27.84","58.21"
"","","","","","","","","","way/517474924","secondary","null","26.1045591","91.7070027","0.022486395621734","56.64912986755371","3.683637094660206","3","2.06","10.28","27.84","58.21"
"","","","","","","","","","way/517474927","tertiary","null","26.11533385","91.7189707","0.0193941092156834","50.833356857299805","2.569112575474626","14","0.687","10.28","27.84","58.21"
"","","","","","","","","","way/517474928","tertiary","null","26.1158772","91.71940265","0.0378149159424136","50.7951914469401","3.8952638788071567","15","0.65","10.28","27.84","58.21"
"","","","","","","","","","way/517478747","secondary","null","26.15973385","91.7385243","0.0253565147099105","51.42973136901856","1.2528058822111556","37","1.13","10.46","28.15","58.66"
"","","","","","","","","","way/517478748","tertiary","null","26.1480955","91.73613045","0.0262720453272338","50.796165466308594","1.7229314120131822","33","0.4","10.28","27.84","58.21"
"","","","","","","","","","way/517891508","secondary","null","26.11248815","91.70847995","0.0382017457230128","51.9131940205892","9.89643337832483","10","1.237","10.28","27.84","58.21"
"","","","","","","","","","way/517919078","secondary","null","26.053378890211235","91.5804629376098","3.611960627079172","52.809692255655925","0.8578279870932045","0","15.02","5.36","18.38","55.98"
"","","","","","","","","","way/517919079","secondary","null","26.07408345","91.58057675","0.0261483461479912","49.36159133911133","1.093669278560678","0","13.357","5.36","18.38","55.98"
"","","","","","","","","","way/517919081","tertiary","null","26.0773414","91.57260075","0.0357671016137088","49.4390500386556","2.5766994531727785","0","13.721","5.36","18.38","55.98"
"","","","","","","","","","way/517941876","primary","M.G. Road","26.189331473703792","91.74656111966046","0.6896456335527296","62.50875806808472","3.6497094204532776","33","1.796","10.46","28.15","58.66"
"","","","","","","","","","way/518213044","tertiary","null","26.16842552675376","91.67091356625671","0.2725352235287427","52.24430465698242","1.7869102102102103","8","1.654","8.54","23.7","54.46"
"","","","","","","","","","way/534819102","tertiary","null","26.08089824052727","91.5933117627331","2.9960129433520843","50.13194955190023","0.680924746432497","0","11.912","5.36","18.38","55.98"
"","","","","","","","","","way/534819107","tertiary","null","26.08391554489052","91.61566010411102","1.681211288212738","53.15576040333715","1.814500926053929","0","10.161","7.4","20.66","51.24"
"","","","","","","","","","way/541309711","tertiary","null","26.09700955","91.5650147","0.0104000771427248","47.73900604248047","0.0","0","13.104","5.36","18.38","55.98"
"","","","","","","","","","way/541309713","tertiary","null","26.084709217335604","91.56580595784682","0.4126682290406597","47.82913436889648","0.6386142111173211","0","13.769","5.36","18.38","55.98"
"","","","","","","","","","way/541309714","tertiary","null","26.084739758579744","91.56591490176864","0.3911814357385296","47.88481190999349","0.587980758029189","0","13.758","5.36","18.38","55.98"
"","","","","","","","","","way/541309715","tertiary","null","26.081824404423973","91.56338297948304","0.6498325082471867","47.42381800775943","0.2389718361885124","0","14.151","5.36","18.38","55.98"
"","","","","","","","","","way/541319127","tertiary","null","26.097840429977808","91.80303264060316","0.3744982766085007","70.18859427315849","1.2378071666469803","0","5.294","13.55","34.22","61.21"
"","","","","","","","","","way/541319128","tertiary","null","26.09965248082118","91.80587323237285","0.7425257272278966","66.24872955909142","2.0224487368943445","1","4.953","13.55","34.22","61.21"
"","","","","","","","","","way/541319135","tertiary","null","26.11380944318594","91.47186053007688","9.60098735831829","10.692361195882162","0.5430565926518504","0","21.19","3.16","20.8","81.31"
"","","","","","","","","","way/543480046","tertiary","null","26.09020528975601","91.60066589546416","2.2339865018594907","49.33014793395997","0.6429760084574716","0","10.667","7.4","20.66","51.24"
"","","","","","","","","","way/543485001","tertiary","null","26.085714819416257","91.57126769549316","1.1597981769235597","51.6630744934082","1.7519944867417083","0","13.259","5.36","18.38","55.98"
"","","","","","","","","","way/543485005","tertiary","null","26.078266709191865","91.55598052892798","3.1803768933240435","54.15765902201335","2.204860515864598","0","14.984","5.36","18.38","55.98"
"","","","","","","","","","way/543488002","tertiary","null","26.10685338372988","91.51206257260412","0.6806446069104247","51.27567481994629","2.5883421627724563","0","17.519","2.51","13.98","55.68"
"","","","","","","","","","way/543623710","primary","null","26.152253270360564","91.7824915103786","0.1021228921809987","54.118733978271486","0.4666247294158205","31","0.55","12.03","31.71","62.66"
"","","","","","","","","","way/543623711","primary_link","null","26.148795805983305","91.78661078630184","0.3526658280418686","56.81209564208984","2.8202706760580294","25","0.856","9.51","26.9","56.37"
"","","","","","","","","","way/543623712","primary","G.S. Road","26.15751032840025","91.7768568591138","1.726025636225477","54.49933359178446","2.7904472852373683","39","0.409","12.03","31.71","62.66"
"","","","","","","","","","way/543623714","primary","G.S. Road","26.15583312360684","91.77856556358256","1.0137455297262843","54.9660026550293","3.0045833547287173","35","0.314","12.03","31.71","62.66"
"","","","","","","","","","way/543623717","primary","null","26.15948178614701","91.77453035852432","0.1288922010837662","54.53470230102539","1.0608304506673052","39","0.524","12.03","31.71","62.66"
"","","","","","","","","","way/543623719","primary","null","26.16127909928877","91.77258969938084","0.4271484688148712","54.17015767097473","1.7928012784440055","40","0.738","12.03","31.71","62.66"
"","","","","","","","","","way/543624681","primary","Bhangagarh Flyover","26.16493662354258","91.76864385397904","0.5594149304762883","53.89443874359131","3.0193680947460595","40","1.254","12.03","31.71","62.66"
"","","","","","","","","","way/543624682","primary","Bhangagarh Flyover","26.16499804846741","91.76870104911266","0.5548902825870766","53.91572666168213","2.047203330553351","40","1.258","12.03","31.71","62.66"
"","","","","","","","","","way/543624684","primary","G.S. Road","26.171505302621217","91.76148683605608","0.3837125270202278","54.33813204084124","2.850564506133101","42","0.445","12.03","31.71","62.66"
"","","","","","","","","","way/543627488","secondary","B K Kakati Road","26.17120157846527","91.75574895296782","0.4876626584241681","54.81909582349989","2.30565527124961","42","0.766","12.03","31.71","62.66"
"","","","","","","","","","way/543627490","primary","Bishnu Ram Mehdi Flyover","26.17503979485957","91.7574877974858","0.5256325667133107","56.750424435264186","4.932595093037508","42","0.428","12.03","31.71","62.66"
"","","","","","","","","","way/543640148","primary","G.S. Road","26.168577577446964","91.76471937235728","0.5324125632982528","53.84660419664885","2.519084624870948","40","0.825","12.03","31.71","62.66"
"","","","","","","","","","way/543640150","primary","G.S. Road","26.17052597719797","91.76241385160064","0.8327991685653783","54.24199373968716","2.3487252383670936","42","0.557","12.03","31.71","62.66"
"","","","","","","","","","way/543640151","secondary","Bhangagarh Flyover Ramp","26.164150726490227","91.76821435404686","0.1863616871134021","53.25482654571533","0.7697841808363147","38","1.197","12.03","31.71","62.66"
"","","","","","","","","","way/543640152","secondary","Guwahati Medical College Road","26.15951028113819","91.75169761097222","1.53558140550395","55.60606031597785","1.810647276703529","40","0.436","12.03","31.71","62.66"
"","","","","","","","","","way/543640826","secondary","Guwahati Medical College Road","26.16405695412025","91.7682756271344","0.1756236885454914","53.7434458051409","1.4734716744330354","38","1.185","12.03","31.71","62.66"
"","","","","","","","","","way/543640827","secondary","null","26.16616444711864","91.76750111123992","0.2433425365739452","55.4091854095459","4.075897044013557","38","1.186","12.03","31.71","62.66"
"","","","","","","","","","way/543646780","secondary","Radha Gobinda Baruah Road","26.17979090568346","91.77555861619176","0.1959722158221025","56.03971719741821","2.9603572188448823","30","0.996","12.03","31.71","62.66"
"","","","","","","","","","way/543647062","secondary","null","26.172862458729924","91.79350840141032","2.917623827629001","64.4663621266683","1.6945490434290795","29","0.802","12.03","31.71","62.66"
"","","","","","","","","","way/543647063","secondary","Zoo Road Flyover","26.168727786242176","91.77879218335036","1.9727695248965145","53.62047437032064","2.1194442182876148","31","1.19","12.03","31.71","62.66"
"","","","","","","","","","way/543649267","secondary","Radha Gobinda Baruah Road","26.179796666968823","91.77546591698174","0.196212954440341","56.03971719741821","2.957085463394053","30","0.987","12.03","31.71","62.66"
"","","","","","","","","","way/543649268","secondary","Chandmari Railway Flyover","26.18521745474","91.77517846805776","0.1657619621413068","61.02015359061105","5.061628806880779","30","0.907","12.03","31.71","62.66"
"","","","","","","","","","way/543649269","secondary","Chandmari Railway Flyover","26.182924173870035","91.7753602","0.4275535912121732","57.40945363044739","0.9555675524883572","30","1.056","12.03","31.71","62.66"
"","","","","","","","","","way/543650234","tertiary","Ambikagiri Nagar Path","26.1674799981894","91.7842906020092","1.1613084751922915","55.71019811630249","1.709769533786378","30","1.056","12.03","31.71","62.66"
"","","","","","","","","","way/543653045","secondary","Hengerabari Road","26.150536663695885","91.79342315254252","3.916515465459956","58.104110908508304","1.0027239221220663","26","0.423","12.03","31.71","62.66"
"","","","","","","","","","way/548223441","tertiary","F.C. Road","26.19008465","91.7521368","0.1216744081357756","59.26257451375326","1.068854192623261","32","1.234","12.03","31.71","62.66"
"","","","","","","","","","way/564639519","tertiary","Jayanagar Road","26.12320688322933","91.80593957447743","2.0018762087967583","59.2841921488444","1.4011965891923142","7","3.518","8.9","26.14","54.58"
"","","","","","","","","","way/564639521","tertiary","null","26.1198527","91.805853","0.0064212252030544","59.22990798950195","0.0","6","3.65","8.9","26.14","54.58"
"","","","","","","","","","way/564639522","tertiary","null","26.1191932","91.8058721","0.0067981915698709","60.20282745361328","0.0","6","3.677","8.9","26.14","54.58"
"","","","","","","","","","way/564639524","tertiary","null","26.11861785","91.80589325","0.0073215150822203","62.40151977539063","0.0","6","3.7","8.9","26.14","54.58"
"","","","","","","","","","way/564659516","secondary","B N Sakia Road","26.11890483799418","91.79854151881952","1.0288782345466974","62.86597209506564","3.944691122922316","6","3.977","9.51","26.9","56.37"
"","","","","","","","","","way/564665216","tertiary","Pir Azan Fakir Road","26.12081233250728","91.81902134282278","0.4575443412393726","65.5169776467716","2.420959590771305","5","2.425","8.9","26.14","54.58"
"","","","","","","","","","way/564665217","tertiary","Pir Azan Fakir Road","26.122028587750467","91.81062509507134","1.249171114295074","61.65461207545081","1.6909076441133557","6","3.118","8.9","26.14","54.58"
"","","","","","","","","","way/564671757","tertiary","null","26.099575623721563","91.79534407162774","2.3527305186139933","67.1553352355957","2.38708553854436","0","5.451","12.6","32.68","61.83"
"","","","","","","","","","way/564671760","trunk","NH37","26.117072992233485","91.8141743238078","0.5393149344092961","66.03460994519685","2.3621332351706124","4","3.056","8.9","26.14","54.58"
"","","","","","","","","","way/564671761","trunk","Basistha Chariali Flyover","26.11249254065225","91.80016284667369","1.4485815923656054","61.76996192932129","1.585882762373841","4","4.518","8.9","26.14","54.58"
"","","","","","","","","","way/564671763","secondary","null","26.1122459","91.79782255","0.0444518343065259","62.23835118611654","2.7056021881134726","4","4.702","9.51","26.9","56.37"
"","","","","","","","","","way/564671764","secondary","null","26.11223485","91.79774905","0.0450921895125364","62.23835118611654","2.667306175491274","4","4.703","9.51","26.9","56.37"
"","","","","","","","","","way/564671765","tertiary","null","26.11813811956394","91.81649793987856","0.0781504481914745","69.18036842346191","6.146545045058216","5","2.798","8.9","26.14","54.58"
"","","","","","","","","","way/564671766","tertiary","null","26.146207157468595","91.67721369826631","2.2226664658515416","50.79224859873454","1.9471812739424927","10","1.042","8.63","23.8","54.17"
"","","","","","","","","","way/564671767","tertiary","null","26.12645846843876","91.6790172240486","1.5977434857726962","51.0032021262429","1.2835175074489948","4","3.223","8.63","23.8","54.17"
"","","","","","","","","","way/564671768","tertiary","null","26.118635314082148","91.7187267484816","0.573611742179695","52.740050724574495","1.636006014112282","16","0.356","10.28","27.84","58.21"
"","","","","","","","","","way/564671771","tertiary","null","26.11600656899966","91.71256245303071","0.4760983127743108","51.46913146972656","1.8315559258270608","12","0.679","10.28","27.84","58.21"
"","","","","","","","","","way/564682907","secondary","Pir Azan Fakir Road","26.129354484214897","91.79548413243393","1.4900762314283076","58.44301941815544","2.4229318702205136","9","2.786","9.51","26.9","56.37"
"","","","","","","","","","way/564682909","secondary","null","26.139381591668023","91.788409199441","0.3075200247360445","56.2173744837443","1.819446031128544","19","1.709","9.51","26.9","56.37"
"","","","","","","","","","way/564682911","secondary","null","26.139239871324623","91.7901195373225","0.128685043274193","55.558274586995445","1.8037265563185567","19","1.691","9.51","26.9","56.37"
"","","","","","","","","","way/564682914","secondary","Pir Azan Fakir Road","26.13844175","91.79052085","0.1921173773032183","54.82853984832764","2.215163720042097","18","1.774","9.51","26.9","56.37"
"","","","","","","","","","way/564697246","secondary","null","26.140569390197577","91.79343479117624","0.4407655852191549","54.11563801765442","1.1531023130692095","17","1.526","9.51","26.9","56.37"
"","","","","","","","","","way/564697251","primary","null","26.145642545598754","91.79042689623417","0.0323252376485825","55.30724843343099","5.664469535246044","21","0.985","9.51","26.9","56.37"
"","","","","","","","","","way/564697252","primary","null","26.14549690335897","91.79046180115762","0.0053092089828512","54.35902404785156","0.0","21","1.0","9.51","26.9","56.37"
"","","","","","","","","","way/564697253","primary","Mahapurush Srimanta Sankardeva Path","26.14661768428138","91.78901526461856","0.3400846172001827","55.42812758225661","1.827159672636484","22","0.925","9.51","26.9","56.37"
"","","","","","","","","","way/564697254","primary","null","26.14548574378218","91.7903176147552","0.0279366132758404","55.7813606262207","8.03409091141898","21","1.005","9.51","26.9","56.37"
"","","","","","","","","","way/564697255","primary","Mahapurush Srimanta Sankardeva Path","26.136095675055422","91.802332884984","0.841773333789191","56.90528450012207","2.0466129205066528","8","2.241","8.9","26.14","54.58"
"","","","","","","","","","way/565084766","tertiary","null","26.114937733013228","91.80851171417196","1.8365897395922297","63.51024341583252","1.892044024272901","4","3.661","8.9","26.14","54.58"
"","","","","","","","","","way/565084773","trunk","null","26.11128758502277","91.7832944179232","1.183939566426022","59.79179326499381","1.1556432726524877","9","3.947","9.51","26.9","56.37"
"","","","","","","","","","way/565084777","tertiary","NH37","26.11096769775841","91.77154003565086","1.1882629874651232","58.1662399478075","0.8414077671384703","10","2.983","9.51","26.9","56.37"
"","","","","","","","","","way/565084785","tertiary","null","26.11835455","91.8168111","0.0080034088914581","68.10464859008789","23.36439722371033","5","2.758","8.9","26.14","54.58"
"","","","","","","","","","way/565084787","tertiary","null","26.11859248251908","91.8173959787575","0.1275782558266549","66.54156494140625","1.4454023068807258","5","2.695","8.9","26.14","54.58"
"","","","","","","","","","way/565084789","tertiary","null","26.11911790110628","91.82012746167096","0.4313271308439727","66.88677287101746","1.6831130862382413","5","2.439","8.9","26.14","54.58"
"","","","","","","","","","way/565084791","trunk_link","null","26.119476485021625","91.82335631939084","0.1466085486568786","68.05485407511394","2.653646919383545","5","2.163","8.9","26.14","54.58"
"","","","","","","","","","way/565097090","trunk_link","null","26.119897749183163","91.82474161969483","0.1276641373000637","69.85822423299153","1.7393609175225555","5","2.028","8.9","26.14","54.58"
"","","","","","","","","","way/565100016","primary","G.S. Road","26.177794486804768","91.7533496340636","0.474231430300039","55.221153259277344","3.3167972621276145","41","0.747","12.03","31.71","62.66"
"","","","","","","","","","way/565100030","secondary","null","26.14507981450502","91.78651778326352","0.1039072204303156","55.685315704345705","1.9074225860103928","21","1.191","9.51","26.9","56.37"
"","","","","","","","","","way/565103162","secondary","Haridev Road","26.143752143453224","91.78663595638994","0.2817615785665038","55.9544431513006","1.143672666822139","21","1.315","9.51","26.9","56.37"
"","","","","","","","","","way/565103163","secondary","null","26.141860721641432","91.7869337353646","0.1150963751016355","55.02587051391602","1.1253894421925756","20","1.494","9.51","26.9","56.37"
"","","","","","","","","","way/565103164","secondary","null","26.1422437","91.786677","0.0555260662621949","56.048336029052734","3.1082508052071574","20","1.464","9.51","26.9","56.37"
"","","","","","","","","","way/565103165","secondary","Haridev Road","26.143473454364457","91.78674124461828","0.3379719739921476","55.228986299954926","0.7107215780925956","20","1.338","9.51","26.9","56.37"
"","","","","","","","","","way/565103166","secondary","Hatigaon Road","26.1339720931276","91.78574157924172","1.7598501432838696","56.362779235839845","1.6212075126516672","13","2.126","9.51","26.9","56.37"
"","","","","","","","","","way/565302567","secondary","null","26.13229197866413","91.80996519001188","0.4023569101449123","58.90981216430664","3.139933761062285","7","2.97","8.9","26.14","54.58"
"","","","","","","","","","way/565302568","secondary","Panjabari Flyover","26.1324715","91.8118235","0.0277664691092351","56.70448684692383","0.7244461056303042","7","2.785","8.9","26.14","54.58"
"","","","","","","","","","way/565316308","tertiary","null","26.13894839749028","91.81524157620622","1.3461515979382448","55.344732699186906","1.7142614035722008","7","2.556","8.9","26.14","54.58"
"","","","","","","","","","way/565316325","tertiary","Jayanagar Road","26.13033818941782","91.8075130549024","0.2650138347641891","58.239035034179686","1.848446172099056","6","3.048","8.9","26.14","54.58"
"","","","","","","","","","way/565316331","tertiary","Jayanagar Road","26.12908573640464","91.80627330748804","0.1087834846201746","58.94125823974609","1.2874628297343114","6","3.114","8.9","26.14","54.58"
"","","","","","","","","","way/565316338","tertiary","Jayanagar Road","26.12840642417045","91.80582232690529","0.0696865716948854","57.87012577056885","1.807101589991757","6","3.163","8.9","26.14","54.58"
"","","","","","","","","","way/565327369","tertiary","Pir Azan Fakir Road","26.12206034580889","91.8109892038906","1.1790955815519897","61.77940415173042","1.588050309758808","6","3.083","8.9","26.14","54.58"
"","","","","","","","","","way/565327381","tertiary","Pir Azan Fakir Road","26.1230609661895","91.8024188063768","0.4084021373591874","58.79538777669271","1.5410694542448549","6","3.606","8.9","26.14","54.58"
"","","","","","","","","","way/565327383","tertiary_link","null","26.1228269","91.804616","0.0107322269206857","58.552490234375","0.0","6","3.657","8.9","26.14","54.58"
"","","","","","","","","","way/565327389","tertiary","null","26.1234792","91.7993184","0.0052173140853275","59.70641899108887","7.324158723695249","7","3.489","9.51","26.9","56.37"
"","","","","","","","","","way/565327404","secondary_link","null","26.1210685","91.7985262","0.0049169316370018","63.55462646484375","0.0","6","3.739","9.51","26.9","56.37"
"","","","","","","","","","way/565327408","secondary_link","null","26.121386","91.7985852","0.005453116391427","60.80779266357422","0.0","6","3.705","9.51","26.9","56.37"
"","","","","","","","","","way/565327422","tertiary","null","26.117338","91.7983373","0.00507120933447","64.10599517822266","0.0","6","4.147","9.51","26.9","56.37"
"","","","","","","","","","way/565327432","secondary","B N Sakia Road","26.11335920866897","91.79792430648428","0.2031178128530511","63.84520959854126","2.3536365455182287","5","4.58","9.51","26.9","56.37"
"","","","","","","","","","way/565327437","secondary","B N Sakia Road","26.11820643276516","91.79838323641307","1.1695182160564097","62.834517574310304","3.435324273897387","6","4.052","9.51","26.9","56.37"
"","","","","","","","","","way/565333175","trunk","Basistha Chariali Flyover","26.115628927899856","91.8118637609574","1.0019601419433115","63.54535500662667","1.7942923373678747","4","3.337","8.9","26.14","54.58"
"","","","","","","","","","way/565333180","tertiary","null","26.11591001869676","91.81271505370528","0.8197974146718003","63.92950610456796","1.95582399916283","4","3.249","8.9","26.14","54.58"
"","","","","","","","","","way/565346085","secondary","null","26.13994531875916","91.78791099939704","0.4655489545593451","56.28647635964786","2.0208984066491973","19","1.662","9.51","26.9","56.37"
"","","","","","","","","","way/565346089","tertiary_link","null","26.1233758","91.80017675","0.0069367533459587","59.78968048095703","0.0","6","3.518","8.9","26.14","54.58"
"","","","","","","","","","way/565346101","secondary","Pir Azan Fakir Road","26.126273240777795","91.7972562466824","0.7174477557114378","59.63030563354492","2.521816450683029","9","3.148","9.51","26.9","56.37"
"","","","","","","","","","way/565346108","secondary","Pir Azan Fakir Road","26.13570139503772","91.79196559103131","0.0827725665948813","56.84864616394043","3.5122455224369182","13","2.067","9.51","26.9","56.37"
"","","","","","","","","","way/565346110","secondary","Pir Azan Fakir Road","26.13632105","91.7916227","0.070704791781828","56.995347023010254","4.076118429120326","13","1.999","9.51","26.9","56.37"
"","","","","","","","","","way/565346112","secondary","Beltola Road","26.13843259704497","91.79045404466169","0.1884983857101356","54.78262281417847","2.031240116788824","18","1.775","9.51","26.9","56.37"
"","","","","","","","","","way/565346114","secondary","Pir Azan Fakir Road","26.133417986505886","91.79330163292354","1.052278565134546","57.30433891914986","3.029920403092311","13","2.32","9.51","26.9","56.37"
"","","","","","","","","","way/565369280","secondary","Radha Gobinda Baruah Road","26.15678730660484","91.78282360826246","0.754266627156253","53.66990576850044","2.4871864251364","34","0.687","12.03","31.71","62.66"
"","","","","","","","","","way/566148617","trunk","null","26.235428616994973","91.6886563733286","0.1396230315253833","53.56829770406088","1.5258536775815994","4","0.976","14.55","34.52","63.51"
"","","","","","","","","","way/572241504","secondary","null","26.13440382671335","91.9703929524205","3.10352181779148","61.41906134287516","3.3343247792247","2","4.024","8.76","22.36","42.07"
"","","","","","","","","","way/572310492","tertiary","null","26.08128771372384","91.91946687019347","12.721580768754809","63.481351407368976","1.1208111452259637","3","3.668","15.5","34.24","52.46"
"","","","","","","","","","way/572978613","tertiary","null","26.1758399556813","91.75642281517436","0.28172963889824","57.02238082885742","3.324710814698616","41","0.504","12.03","31.71","62.66"
"","","","","","","","","","way/573024145","tertiary","null","26.17567149229962","91.75628100726544","0.2848502137385546","57.17242050170898","3.4394886754024845","41","0.526","12.03","31.71","62.66"
"","","","","","","","","","way/578021228","tertiary","null","25.968076617333725","91.87936932943862","4.829762781107375","282.001961517334","3.007224889579531","0","9.142","20.64","46.67","73.38"
"","","","","","","","","","way/585167216","tertiary","null","26.125551236221813","91.75426192415244","1.173360275094085","50.9999575731231","0.8180439474051715","20","0.649","9.51","26.9","56.37"
"","","","","","","","","","way/587501118","tertiary","null","26.22123909843281","91.9578278500812","7.021257988690883","70.42142473856607","3.1709455767143866","2","2.21","21.8","48.8","75.86"
"","","","","","","","","","way/588785832","secondary","null","26.164998038136307","91.76846641690597","0.0513527134639182","53.82062403361002","2.2376887581665623","38","1.268","12.03","31.71","62.66"
"","","","","","","","","","way/588785838","secondary","null","26.179017891801514","91.81103617661752","1.410129562744305","62.97575214930943","1.9568604699048795","28","1.269","11.76","30.98","59.55"
"","","","","","","","","","way/588785839","secondary","null","26.179114592462504","91.81121325011765","1.458917820138075","62.5907958984375","1.6978976169632132","28","1.26","11.76","30.98","59.55"
"","","","","","","","","","way/588785840","secondary","null","26.17857285480454","91.82359928798223","1.1258853348919262","59.16572942489233","1.9553908382229144","15","1.521","11.76","30.98","59.55"
"","","","","","","","","","way/588785841","secondary","null","26.17856594872853","91.82374290245951","1.0785700759939054","58.56610973461254","1.8594278262455752","15","1.516","11.76","30.98","59.55"
"","","","","","","","","","way/588791117","secondary","null","26.19648699957288","91.7232804547768","1.6639013367615751","55.28510163959704","2.9455370518461423","24","3.431","10.46","28.15","58.66"
"","","","","","","","","","way/605693427","tertiary","null","26.0068815948249","91.51713927942264","7.480195725116469","51.71630299886068","0.8421646552360502","0","15.912","7.81","28.42","90.7"
"","","","","","","","","","way/605693428","tertiary","null","26.01896885373153","91.52554216800084","6.21251656676666","51.39055722554525","0.8445387573637771","0","17.445","7.81","28.42","90.7"
"","","","","","","","","","way/605693429","tertiary","null","25.98419241274536","91.49740486919872","3.7244707487612136","23.969453875223795","1.1071516746356995","0","12.764","8.97","35.17","112.98"
"","","","","","","","","","way/605693430","tertiary","null","25.97523181019171","91.50763844407342","5.5429431430614615","41.31016394297282","1.7576679208371548","0","12.979","6.93","24.49","77.59"
"","","","","","","","","","way/605693431","tertiary","null","26.0408224100995","91.49918138964614","2.6592566777615527","24.173518816630047","1.8087110423036088","0","17.604","7.78","30.62","99.63"
"","","","","","","","","","way/605693432","tertiary","null","26.068065460299703","91.4987535574124","7.075093404203401","18.61505921681722","1.3775181675038033","0","20.158","6.0","26.27","89.29"
"","","","","","","","","","way/605693435","tertiary","null","26.053062996276942","91.4997530980016","2.5320110505888294","24.78262214660645","1.6763518857350688","0","18.775","6.0","26.27","89.29"
"","","","","","","","","","way/605693437","tertiary","null","26.042166823162702","91.53538784359546","9.22625437942722","50.60198351542155","0.631655406133311","0","19.087","7.81","28.42","90.7"
"","","","","","","","","","way/609822894","tertiary","null","26.27666095","92.1889907","0.1166452774998164","52.2694694519043","6.677755000290551","0","20.302","18.99","43.26","67.47"
"","","","","","","","","","way/609822895","tertiary","null","26.261534898977786","92.22539859029712","8.418993630284806","8.277141952514649","0.4864386127818225","0","20.634","24.78","55.9","86.0"
"","","","","","","","","","way/611088801","secondary","null","26.07037491003725","92.16278951277312","1.257428320364497","113.90554880541424","9.434336850171436","5","1.122","6.44","18.85","41.71"
"","","","","","","","","","way/611088802","secondary","null","26.08873333049129","92.16498115644752","4.120333697827733","83.52246958414713","4.376288230380699","5","1.33","6.44","18.85","41.71"
"","","","","","","","","","way/611095480","secondary","null","25.926317010300483","92.13442693378","9.442232440699753","733.5878407796224","3.8185400981826128","0","15.132","18.68","40.83","70.93"
"","","","","","","","","","way/611114955","secondary","null","25.878493401128075","92.12102341224852","8.68347667447174","38.93729146321615","1.3891072596817908","0","19.457","19.05","41.57","76.86"
"","","","","","","","","","way/611162343","secondary","null","25.95532821105179","92.14330982964526","2.6717800717548807","665.2352081298828","8.789086492645325","0","11.855","9.89","23.98","48.59"
"","","","","","","","","","way/611163467","secondary","null","25.98390755718386","92.15272142971264","1.8412184889914425","618.0279907226562","10.720486357937752","0","8.681","8.46","21.03","46.75"
"","","","","","","","","","way/611163468","secondary","null","25.9698808978464","92.14813200337407","2.47085464781211","661.506889851888","6.574757192699442","0","10.228","9.89","23.98","48.59"
"","","","","","","","","","way/611179245","secondary","null","25.99029957423409","92.13738259010212","2.8646248269680346","534.4687423706055","6.443123687085699","0","8.026","9.89","23.98","48.59"
"","","","","","","","","","way/611179259","secondary","null","26.06224499366012","92.16195658080196","2.493868094581579","177.27747192382813","5.85251809193863","5","1.176","6.44","18.85","41.71"
"","","","","","","","","","way/611180505","secondary","null","25.998856586103848","92.13420097320808","3.3521915649296865","421.9738403320313","4.888970605315806","0","7.138","9.89","23.98","48.59"
"","","","","","","","","","way/611185314","secondary","null","26.01983006032342","92.14288283576448","3.648634692310905","317.1630233764648","4.805419384445971","1","4.7","3.54","11.22","28.34"
"","","","","","","","","","way/611185348","secondary","null","26.0443998632696","92.15160321810448","3.335771003527205","232.5554946899414","5.862003117125792","4","1.977","3.79","11.86","31.46"
"","","","","","","","","","way/611197746","trunk","null","26.071984914217623","91.87424965916304","6.958531414021056","70.86318689982096","0.92148283672507","5","2.222","15.42","36.6","61.43"
"","","","","","","","","","way/611197747","trunk","null","26.078999171234614","91.87604248792046","5.396399658334216","73.66081975301107","1.9474774759799192","5","1.421","15.42","36.6","61.43"
"","","","","","","","","","way/611447670","tertiary","null","26.197122776134023","91.51636565793052","4.0130462022317","50.55757579803467","0.8959652391721461","0","16.878","2.98","15.87","56.53"
"","","","","","","","","","way/611496536","secondary","null","26.1230462","91.7870868","0.0311654082565044","58.38180414835612","2.6988376937421443","12","3.26","9.51","26.9","56.37"
"","","","","","","","","","way/611496537","secondary","null","26.117047068009047","91.78668642651688","1.3179484203648748","59.285171339246965","1.143597226918626","9","3.867","9.51","26.9","56.37"
"","","","","","","","","","way/611570677","primary","null","26.1851754211676","91.74803591988176","0.5408821801886347","56.79142532348633","1.974325118075117","37","1.502","10.46","28.15","58.66"
"","","","","","","","","","way/611570678","primary","null","26.1826930736967","91.74549614326294","0.0858803383976885","57.096964836120605","3.049856704752354","38","1.615","10.46","28.15","58.66"
"","","","","","","","","","way/611885489","primary","null","26.2163978","92.17087665","0.1772443570283743","51.75994110107422","3.918586914836535","0","14.007","15.94","38.32","64.33"
"","","","","","","","","","way/611885490","primary","null","26.225316024932333","92.1506821967831","4.336651701841906","57.32214495340983","1.1674253360405349","0","13.731","15.94","38.32","64.33"
"","","","","","","","","","way/614242511","tertiary","null","26.120951731160883","92.19242729911444","0.6734891095719927","61.93454885482788","1.815482200834264","0","5.278","9.2","25.66","50.87"
"","","","","","","","","","way/614242512","tertiary","null","26.11397843650508","92.08315707625007","1.4521955665196284","59.36148498535156","0.7842931655802725","3","0.814","5.11","16.88","38.75"
"","","","","","","","","","way/614242513","tertiary","null","26.11428518604061","92.08318376778446","1.449218643282748","59.58991889953613","1.3030249799052716","3","0.821","5.11","16.88","38.75"
"","","","","","","","","","way/615633237","tertiary","null","26.11247404632837","91.9604412643525","1.586553588428069","60.347596415766965","2.159481976882229","2","2.171","8.76","22.36","42.07"
"","","","","","","","","","way/615633238","tertiary","null","26.120700255709703","91.911761606673","0.525701099600127","68.41943760922081","1.0764411203034452","6","3.004","18.13","40.09","62.27"
"","","","","","","","","","way/615633239","tertiary","null","26.120433733322297","91.91182292259045","0.5141785162695889","67.82364654541016","0.8478455288461973","6","2.986","18.13","40.09","62.27"
"","","","","","","","","","way/615633240","tertiary","null","26.11920739072583","91.96774538319988","1.300876234097652","57.12250349256728","1.086623432642491","2","3.077","8.76","22.36","42.07"
"","","","","","","","","","way/615633241","tertiary","null","26.1196074365053","91.96770935657148","1.3088408297612313","57.14008814493816","1.293209389046059","2","3.09","8.76","22.36","42.07"
"","","","","","","","","","way/636366607","trunk","null","26.04287341533638","91.86764656069133","0.0791111070564807","67.6010856628418","6.819560789212975","1","1.49","13.68","32.67","54.54"
"","","","","","","","","","way/637560677","trunk","null","26.0897518","91.560069","0.0366855226715604","48.282257080078125","2.921722152351491","0","13.941","5.36","18.38","55.98"
"","","","","","","","","","way/637560678","trunk","null","26.09285559696881","91.5360133996195","4.988512730595034","51.744829686482746","1.444701838832113","0","15.881","5.04","20.57","70.73"
"","","","","","","","","","way/637560679","trunk","null","26.1395197","91.6369029","0.0483890433112776","50.584459940592446","5.817634304691817","1","4.56","6.53","18.77","49.17"
"","","","","","","","","","way/637560680","trunk","null","26.13962075","91.63684115","0.0466773169998174","51.82962544759115","1.0239703489517864","1","4.561","6.53","18.77","49.17"
"","","","","","","","","","way/637560682","trunk","null","26.14022357615912","91.63809813614084","0.2380633686741801","50.34441757202149","1.2603863802745965","1","4.42","6.53","18.77","49.17"
"","","","","","","","","","way/637560683","trunk","null","26.137373765323503","91.633509167282","0.7707557393855974","50.5018196105957","1.223326766222323","1","4.965","6.53","18.77","49.17"
"","","","","","","","","","way/651001376","tertiary","null","26.298485156469194","91.9159504918222","21.0060475977886","27.289830589294432","0.2975283051589475","0","7.359","18.58","41.86","65.82"
"","","","","","","","","","way/651640563","trunk_link","null","26.1304806","91.62175715","0.0083422941754768","49.77267074584961","0.0","0","6.353","6.53","18.77","49.17"
"","","","","","","","","","way/651640654","trunk_link","null","26.13257405","91.62325305","0.0094763607564633","49.27363967895508","0.0","0","6.118","6.53","18.77","49.17"
"","","","","","","","","","way/651641217","trunk_link","null","26.18994742538394","91.67057702538396","0.0476241856806797","53.00739924112956","3.7620566981753294","6","2.989","8.54","23.7","54.46"
"","","","","","","","","","way/651641218","trunk_link","null","26.18967662892356","91.67067513694828","0.0734493674336672","52.68735027313232","2.746940749061156","6","3.007","8.54","23.7","54.46"
"","","","","","","","","","way/651641220","trunk_link","null","26.18985790579656","91.67083418338562","0.4988364633739814","51.70026440090604","1.4246578673086083","6","2.981","8.54","23.7","54.46"
"","","","","","","","","","way/651641782","trunk","null","26.18996235737868","91.67097308757548","0.0193374547216444","52.01225090026856","7.0041923327016","6","2.963","8.54","23.7","54.46"
"","","","","","","","","","way/657773831","tertiary","null","26.11172495414736","91.75826281217832","1.4547931636184244","57.62342445373535","1.232325291082746","11","1.678","9.51","26.9","56.37"
"","","","","","","","","","way/657782632","trunk","null","26.111448950000003","91.76205025","0.6971264526235403","57.216761932373046","1.3872223281685498","12","2.046","9.51","26.9","56.37"
"","","","","","","","","","way/657782633","secondary","Lokhra Road","26.118252330764992","91.74864184203838","1.0592341570449413","54.33500073407147","1.257740902441702","17","1.208","10.28","27.84","58.21"
"","","","","","","","","","way/657782634","trunk","null","26.113313029749847","91.73072576214416","2.286414559445504","51.7692907333374","0.8543066849627546","13","1.204","10.28","27.84","58.21"
"","","","","","","","","","way/659471832","secondary","null","26.178439043357383","91.8291001321775","0.0820665947932794","56.57149887084961","1.803694601972028","13","1.413","11.76","30.98","59.55"
"","","","","","","","","","way/659471833","primary","null","26.180806803165016","91.83292164973726","0.8669481255946239","54.59850247701009","1.4425309881556003","13","1.195","11.76","30.98","59.55"
"","","","","","","","","","way/659472079","primary","Kajali Mayang Road","26.249395611003823","92.04488019361956","2.705496994619517","55.42793973286947","1.5046633128266365","0","8.032","22.35","51.07","80.46"
"","","","","","","","","","way/659766551","primary","null","26.202712970332566","91.55040136963645","1.8630433258564765","49.969166946411136","2.13529794251146","0","13.867","6.59","18.32","42.11"
"","","","","","","","","","way/659766552","tertiary","null","26.246976285024857","91.52443723896344","1.1642027631713232","51.61258001327515","1.5399794361318366","0","16.88","4.0","16.02","46.12"
"","","","","","","","","","way/662904833","trunk","null","26.157663981627223","91.67268731157648","0.1935156840365119","51.80335283279419","1.938324468531576","8","0.677","8.54","23.7","54.46"
"","","","","","","","","","way/662904834","trunk_link","Flyover Ramp","26.15696099314837","91.6720171368094","0.2185744411128511","50.23855294121636","1.6292502507240367","8","0.717","8.54","23.7","54.46"
"","","","","","","","","","way/662907280","trunk_link","null","26.164868093574576","91.6711985907678","0.531916400436551","52.81236728868986","2.4961565981920617","8","1.305","8.54","23.7","54.46"
"","","","","","","","","","way/662909140","primary","null","26.16936807232777","91.72286977175504","1.725686218478232","57.252820225085244","1.7676425442348414","31","0.8","10.46","28.15","58.66"
"","","","","","","","","","way/662909141","primary","null","26.17300335","91.73046935","0.0313670736042837","53.73518753051758","3.606935363627419","33","1.019","10.46","28.15","58.66"
"","","","","","","","","","way/662909143","primary","M.G. Road","26.17318240912687","91.73074999282872","0.0409097500875913","54.57428232828776","6.575110763973861","33","1.044","10.46","28.15","58.66"
"","","","","","","","","","way/662909144","tertiary","null","26.17318635036892","91.73090768462814","0.0346831239202602","55.52036539713541","2.8548046902153765","33","1.049","10.46","28.15","58.66"
"","","","","","","","","","way/662911956","tertiary","null","26.17381009098289","91.73431361830596","0.6589337667927702","56.08592771447224","2.5711571040172334","36","1.241","10.46","28.15","58.66"
"","","","","","","","","","way/669013685","tertiary","null","26.239441408938028","91.51344744406356","2.181161225729399","49.68781560262044","1.9741276068229283","0","17.841","4.0","16.02","46.12"
"","","","","","","","","","way/677269522","tertiary","null","26.2514164","91.60995675","0.0381412049937811","44.5","0.0","0","8.636","11.87","27.13","49.28"
"","","","","","","","","","way/677269523","tertiary","null","26.24196661586207","91.62190958718244","3.231657292453649","52.52233530680338","1.1345549636877736","0","7.203","11.06","26.29","51.91"
"","","","","","","","","","way/677506833","secondary","null","26.2454585","91.64884795","0.030058067208567","50.395346323649086","8.858985401295179","1","4.778","11.06","26.29","51.91"
"","","","","","","","","","way/677506835","secondary","null","26.253257476692458","91.65158219773814","2.0128738286174834","53.3633705774943","2.4022082131191107","1","4.98","16.9","38.41","65.33"
"","","","","","","","","","way/677506836","secondary","null","26.25488995","91.6602976","0.0294757312275022","51.67199516296387","10.076014618229197","1","4.426","16.9","38.41","65.33"
"","","","","","","","","","way/677506837","secondary","null","26.25768380119261","91.659189999529","0.6359955256367709","50.80793811963952","2.868083452123526","1","4.724","16.9","38.41","65.33"
"","","","","","","","","","way/677506844","secondary","Borka - Kamalpur Road","26.28865828963697","91.66686854409096","1.3116209911813388","52.75993160671658","2.057139934870142","0","5.74","16.9","38.41","65.33"
"","","","","","","","","","way/677506845","tertiary","null","26.2826535","91.66747705","0.0204410497295203","53.02585029602051","13.713300075252064","0","5.295","16.9","38.41","65.33"
"","","","","","","","","","way/677506884","tertiary","null","26.29582445","91.69903115","0.0328388576188248","46.77605183919271","0.7223114283980304","1","4.587","16.9","38.41","65.33"
"","","","","","","","","","way/677506885","tertiary","null","26.29931465465894","91.69007746060775","2.6305498204385755","28.05617014567057","2.293977553776449","0","5.258","16.9","38.41","65.33"
"","","","","","","","","","way/711640766","secondary","null","26.0997199","91.61214575","0.0109387861008583","50.55951690673828","0.0","0","9.107","7.4","20.66","51.24"
"","","","","","","","","","way/711640767","secondary","null","26.09962809743804","91.61225212751874","0.0192311643543943","51.2177963256836","3.956433465974683","0","9.106","7.4","20.66","51.24"
"","","","","","","","","","way/713328876","tertiary","null","26.15927350338536","91.70060632437357","0.0083740933877048","61.09215927124024","23.43095606916317","19","0.669","10.46","28.15","58.66"
"","","","","","","","","","way/713345325","tertiary_link","null","26.1222077","91.80581065","0.0063164760328455","61.29025650024414","0.0","7","3.564","8.9","26.14","54.58"
"","","","","","","","","","way/713365239","trunk","null","26.15232113581403","91.65549696204954","0.0364204796253818","50.7576052347819","1.553130494201423","2","2.371","8.54","23.7","54.46"
"","","","","","","","","","way/713375123","secondary_link","null","26.1487495","91.81164715","0.0145576563590876","54.970571517944336","6.68729709223081","12","1.994","8.9","26.14","54.58"
"","","","","","","","","","way/713375124","secondary_link","null","26.14712675","91.81169825","0.0095035808627955","54.50799179077149","0.0","11","2.062","8.9","26.14","54.58"
"","","","","","","","","","way/713385005","trunk_link","null","26.11160628565685","91.74737615273288","0.0222045034406118","56.62179183959961","1.280960223477241","13","0.636","10.28","27.84","58.21"
"","","","","","","","","","way/713543964","primary_link","null","26.166623","91.71918165","0.012714589423905","59.95661544799805","0.0","28","0.437","10.46","28.15","58.66"
"","","","","","","","","","way/713578264","secondary_link","null","26.14502165","91.81176585","0.0085003475477224","54.73811531066895","10.184852017510396","7","2.169","8.9","26.14","54.58"
"","","","","","","","","","way/713580778","tertiary","CK Agarwala Road","26.187248190170926","91.75719884780348","0.110827991772724","55.53639450073242","1.9217948542406265","32","0.908","12.03","31.71","62.66"
"","","","","","","","","","way/713582019","secondary_link","null","26.1570767","91.81148605","0.0072297437835657","79.51240921020508","30.52593576526465","15","1.907","11.76","30.98","59.55"
"","","","","","","","","","way/713582020","secondary_link","null","26.16163375","91.8215197","0.0107852039178599","56.80195426940918","5.734777126716628","17","2.996","11.76","30.98","59.55"
"","","","","","","","","","way/713586648","secondary_link","null","26.17508705","91.8303655","0.0131239549251245","55.14559745788574","2.4153435015477824","14","1.786","11.76","30.98","59.55"
"","","","","","","","","","way/713587279","tertiary","null","26.111994825122697","91.79449452462111","0.5813181558991762","61.86878821963356","1.349807011678524","5","4.687","9.51","26.9","56.37"
"","","","","","","","","","way/713587280","tertiary","null","26.11253661273476","91.79856084601256","0.240706512189769","62.45172462463379","1.2656802916719097","4","4.656","9.51","26.9","56.37"
"","","","","","","","","","way/714344976","tertiary","null","26.111708279462523","91.79045215039388","0.1675052903568158","62.60176140921457","2.171075415171238","7","4.554","9.51","26.9","56.37"
"","","","","","","","","","way/714347282","secondary_link","null","26.17695455","91.83042105","0.0160916111495412","59.38173675537109","11.033446586850614","13","1.579","11.76","30.98","59.55"
"","","","","","","","","","way/714355207","tertiary","null","26.18247384151951","91.80321088349656","0.0939426492764654","61.54277572631836","1.7108776913285644","29","0.774","11.76","30.98","59.55"
"","","","","","","","","","way/714390617","trunk_link","null","26.1406721","91.63918245","0.0087273441018993","49.21752166748047","0.5714309865122758","1","4.3","6.53","18.77","49.17"
"","","","","","","","","","way/714398978","secondary_link","null","26.1804829","91.77547715","0.0091876750902391","56.03871154785156","0.0","30","1.01","12.03","31.71","62.66"
"","","","","","","","","","way/714406004","tertiary","null","26.12868104580006","91.76312201497768","0.2127178757948254","51.50803460015191","1.0152485356272951","19","1.4","9.51","26.9","56.37"
"","","","","","","","","","way/714406005","tertiary","null","26.127443775257856","91.76103946360108","0.3827435372467866","51.26786667960031","0.7525262579509108","19","1.205","9.51","26.9","56.37"
"","","","","","","","","","way/714408680","tertiary","null","26.12677415","91.75973965","0.0317442525664455","51.31471888224284","0.0009432746719952","19","1.092","9.51","26.9","56.37"
"","","","","","","","","","way/715193914","tertiary_link","null","26.12089775","91.80583225","0.0061761852286658","59.73806381225586","0.0","7","3.61","8.9","26.14","54.58"
"","","","","","","","","","way/715363038","tertiary","null","26.13651265","91.67405905","0.0196489369606436","51.39305114746094","1.0221018798961168","6","2.162","8.63","23.8","54.17"
"","","","","","","","","","way/724689844","primary","null","26.204453695264867","91.8587534340472","0.0894531815346131","57.197041511535645","2.256050399410972","4","1.934","15.3","36.54","64.16"
"","","","","","","","","","way/733194334","tertiary","null","26.1562627523606","91.77001648287047","0.299861481022238","113.68132712624288","10.573295207932876","37","0.441","12.03","31.71","62.66"
"","","","","","","","","","way/733443659","tertiary","null","26.15665829410997","91.76735720336347","0.6738153362850278","79.90570386250813","10.277878583755983","37","0.706","12.03","31.71","62.66"
"","","","","","","","","","way/734350780","secondary","B. Baruah Road","26.184757069821995","91.75678388165696","0.0311944754533401","54.56503550211588","4.296616723586027","39","0.847","12.03","31.71","62.66"
"","","","","","","","","","way/734350781","secondary","B. Baruah Road","26.18476128648394","91.75687590765376","0.0334223436701124","55.82231012980143","0.7357747682061683","39","0.843","12.03","31.71","62.66"
"","","","","","","","","","way/734350783","tertiary","Ariz Path","26.18622784346584","91.75706308006042","0.2336118470114778","53.67728678385416","1.330034297499925","35","0.983","12.03","31.71","62.66"
"","","","","","","","","","way/734350784","primary","null","26.18573232406647","91.75121035607565","0.1607371679653728","55.63130187988281","1.7875315127548723","37","1.284","12.03","31.71","62.66"
"","","","","","","","","","way/734350785","primary","G.N.B Road","26.185175899056","91.7541384129384","0.4376485435897253","55.55125260353088","2.394425036512553","37","1.035","12.03","31.71","62.66"
"","","","","","","","","","way/734642748","secondary","Bhangagarh Flyover Ramp","26.16335235","91.7677446","0.0133077090168934","53.43675231933594","0.0","38","1.146","12.03","31.71","62.66"
"","","","","","","","","","way/734642749","secondary","Bhangagarh Flyover Ramp","26.1632506","91.7677252","0.0105644814794249","53.43675231933594","0.0","38","1.137","12.03","31.71","62.66"
"","","","","","","","","","way/734642750","secondary","Guwahati Medical College Road","26.1612838033524","91.76688963326646","0.4590607466082321","55.64961960736443","2.616353853536656","38","1.021","12.03","31.71","62.66"
"","","","","","","","","","way/734642751","secondary","null","26.15917308407945","91.76595749682988","0.0933366482438222","59.11236572265625","3.497709981260316","37","0.949","12.03","31.71","62.66"
"","","","","","","","","","way/734642752","secondary","Guwahati Medical College Road","26.160936164058462","91.76660112989936","0.3903657536443246","55.04315617879232","3.0251538912288995","37","1.015","12.03","31.71","62.66"
"","","","","","","","","","way/734738134","tertiary","null","26.177474553539057","91.7481129164854","0.2882172486023798","53.402134982022375","2.1468641616651984","39","1.271","10.46","28.15","58.66"
"","","","","","","","","","way/735380011","tertiary","null","26.185605868366924","91.74926565096663","0.566370933162472","55.82815399169922","2.270578943548129","36","1.427","10.46","28.15","58.66"
"","","","","","","","","","way/739795308","primary","null","26.180443457638624","91.74671275207506","0.1878650474719062","56.24717426300049","3.5915332810359244","39","1.433","10.46","28.15","58.66"
"","","","","","","","","","way/739795310","primary","null","26.1790261","91.75149185","0.0153365521801166","58.44960403442383","12.699906140549809","41","0.938","12.03","31.71","62.66"
"","","","","","","","","","way/739795311","primary","G.S. Road","26.179995668572005","91.7511434636042","0.2108285396522931","61.24683083428277","6.809235880061639","38","0.99","12.03","31.71","62.66"
"","","","","","","","","","way/739795312","primary","null","26.178802495688352","91.7510577875383","0.0998312653715325","55.46228179931641","2.1287722397969184","41","0.979","12.03","31.71","62.66"
"","","","","","","","","","way/740044933","tertiary","null","26.174046733810023","91.7584552381561","0.2809718816870872","55.21134463223544","3.3954734484744846","42","0.366","12.03","31.71","62.66"
"","","","","","","","","","way/740044934","primary","G.S. Road","26.17769655262","91.75333640935128","0.4583709625424822","55.53156482472139","3.212893612327019","41","0.749","12.03","31.71","62.66"
"","","","","","","","","","way/740044935","primary","Bishnu Ram Mehdi Flyover","26.174185549754498","91.75838938132736","0.265537346782272","55.295640563964845","3.578965048031772","42","0.366","12.03","31.71","62.66"
"","","","","","","","","","way/740044936","primary","G.S. Road","26.17301125116428","91.7598226301886","0.0879434952166764","54.3769588470459","3.8489246695614576","43","0.337","12.03","31.71","62.66"
"","","","","","","","","","way/740099635","tertiary","F.C. Road","26.18991185","91.7515355","0.0045062501999019","58.99606895446777","21.34161350926492","34","1.297","12.03","31.71","62.66"
"","","","","","","","","","way/757109628","tertiary","null","26.106508018861668","91.84731046477027","0.765617093031808","165.9163247567636","6.9778314690334","5","0.949","8.9","26.14","54.58"
"","","","","","","","","","way/760408588","primary","Chamata Mayang Road","26.13423732306645","92.009107821661","0.9080112418696198","56.48813390731812","5.125828359484049","3","3.652","2.67","11.21","30.12"
"","","","","","","","","","way/760408589","primary","Chamata Mayang Road","26.1376926","92.01218945","0.0693731212488951","51.147170066833496","6.995647826038194","3","3.18","2.67","11.21","30.12"
"","","","","","","","","","way/760408590","primary","Chamata Mayang Road","26.128497408878623","92.00494423600492","0.6788356122694004","63.07701698939005","8.799319169186099","3","4.372","2.67","11.21","30.12"
"","","","","","","","","","way/760743299","primary_link","null","26.1801606","91.8317322","0.0075114540836776","53.98602104187012","1.191582762882854","13","1.239","11.76","30.98","59.55"
"","","","","","","","","","way/760743310","primary","null","26.184640501529923","91.84022056641736","0.7976490793464123","55.18133081708636","1.810755801304284","9","1.178","11.76","30.98","59.55"
"","","","","","","","","","way/760743311","primary","null","26.18238145","91.8370329","0.0359032184884456","52.61275355021159","4.455818686080424","10","1.223","11.76","30.98","59.55"
"","","","","","","","","","way/760743312","primary","null","26.186656016696475","91.84388963859438","0.2232451903120053","56.65680482652452","2.0232704541621294","9","0.76","11.76","30.98","59.55"
"","","","","","","","","","way/760743313","primary","null","26.18084694572196","91.83289556305662","0.8705619518731793","54.70557563535629","1.2923365019715922","13","1.19","11.76","30.98","59.55"
"","","","","","","","","","way/760743314","primary","null","26.18658614960073","91.8439325632296","0.2429722345837633","56.705030059814455","2.933895966408089","9","0.758","11.76","30.98","59.55"
"","","","","","","","","","way/761332709","tertiary","null","26.1716913886572","91.68614199115656","0.0180067058115517","56.14688491821289","0.0","15","1.194","8.54","23.7","54.46"
"","","","","","","","","","way/761332710","tertiary","Pandu Road","26.1715156","91.68628185","0.0146245377324082","53.588375091552734","0.6506842829866202","15","1.178","8.54","23.7","54.46"
"","","","","","","","","","way/761332711","tertiary","null","26.171721526974125","91.68619947293632","0.0185644936510753","54.90915298461914","7.619022123266068","15","1.189","8.54","23.7","54.46"
"","","","","","","","","","way/761332712","tertiary","Pandu Road","26.17150235","91.6862357","0.0130438151218276","54.82610702514648","11.44836938161624","15","1.182","8.54","23.7","54.46"
"","","","","","","","","","way/761332713","tertiary","Pandu Road","26.17165533488128","91.68619114215518","0.0426462115596936","54.496575673421226","10.275368489710395","15","1.188","8.54","23.7","54.46"
"","","","","","","","","","way/761342326","primary","null","26.1825865","91.7979887","0.0058084014041277","62.26482772827149","0.0","27","0.664","12.03","31.71","62.66"
"","","","","","","","","","way/761342338","primary","null","26.18346895","91.78445035","0.0060317698722031","60.3155632019043","15.076542139502198","28","0.784","12.03","31.71","62.66"
"","","","","","","","","","way/761342348","primary","Maniram Dewan Road","26.183488174634483","91.78479251039823","3.758163012250885","58.77895374298096","1.2959843758958765","28","0.777","12.03","31.71","62.66"
"","","","","","","","","","way/761342359","primary","G.N.B Road","26.1850339","91.75746115","0.0921045000931148","54.944054412841794","1.3222847257354724","39","0.845","12.03","31.71","62.66"
"","","","","","","","","","way/761342360","primary","G.N.B Road","26.18491646365137","91.76399818860132","0.4161942049665275","56.67304458618164","1.1821792514156173","33","0.51","12.03","31.71","62.66"
"","","","","","","","","","way/761342362","primary","null","26.180815477985096","91.80871871337789","1.289809559823062","58.90564103560014","1.1960856437928478","30","1.072","11.76","30.98","59.55"
"","","","","","","","","","way/761925723","trunk_link","null","26.1246088","91.6178096","0.0079976429058874","50.3520393371582","0.0","0","7.005","6.53","18.77","49.17"
"","","","","","","","","","way/761938604","tertiary","null","26.100169470621445","91.59895575068032","0.0347203116165742","50.98615137736002","2.883839042555016","0","10.081","4.65","16.45","51.74"
"","","","","","","","","","way/761945490","trunk_link","null","26.10013865","91.5992712","0.0290476532325972","51.78944396972656","2.683297935256677","0","10.058","4.65","16.45","51.74"
"","","","","","","","","","way/761945804","tertiary","null","26.1163371","91.61440205","0.0105722063529311","49.5958366394043","0.0","0","7.778","6.53","18.77","49.17"
"","","","","","","","","","way/762343653","secondary","null","26.06277302982491","91.60649126140544","8.384977945438665","55.00465202331543","0.7563828862865576","0","12.594","7.4","20.66","51.24"
"","","","","","","","","","way/762343654","secondary","null","26.0347969","91.5842826","0.0263110415438586","60.680795669555664","0.3387475645339336","0","16.312","6.77","22.16","64.5"
"","","","","","","","","","way/762343656","secondary","null","26.0695371","91.5804879","0.0238059726975031","49.22822570800781","1.283199112326912","0","13.711","5.36","18.38","55.98"
"","","","","","","","","","way/762343657","secondary","null","26.070113789112167","91.58062671222028","0.106988364439871","49.9991340637207","1.2061118343429718","0","13.657","5.36","18.38","55.98"
"","","","","","","","","","way/762343670","secondary","null","26.07071235","91.5807624","0.0283711212494141","50.226972579956055","1.813236078576392","0","13.601","5.36","18.38","55.98"
"","","","","","","","","","way/762343671","secondary","null","26.078817654076765","91.57966563038852","1.1067495064711266","49.703866155524","1.05864782883238","0","13.075","5.36","18.38","55.98"
"","","","","","","","","","way/762356174","tertiary","null","26.0828553","91.5653662","0.0122990215215088","47.3701286315918","0.0","0","13.923","5.36","18.38","55.98"
"","","","","","","","","","way/762356175","tertiary","null","26.08296745","91.5654479","0.0179647691682408","47.43849563598633","0.4360829949576689","0","13.91","5.36","18.38","55.98"
"","","","","","","","","","way/762356176","tertiary","null","26.0828935","91.56526885","0.0117412930831645","47.39938545227051","0.2855355807414914","0","13.929","5.36","18.38","55.98"
"","","","","","","","","","way/762356177","tertiary","null","26.082826","91.5652387","0.0044120156457757","47.3701286315918","0.0","0","13.936","5.36","18.38","55.98"
"","","","","","","","","","way/762356188","tertiary","null","26.0697277","91.5588808","0.0345104139475897","47.36500549316406","0.244775463025575","0","15.319","5.36","18.38","55.98"
"","","","","","","","","","way/762356189","tertiary","null","26.078188338297224","91.5733096673078","0.974645837891946","50.62073000739603","1.9215134083769705","0","13.607","5.36","18.38","55.98"
"","","","","","","","","","way/762356190","tertiary","null","26.069866075699256","91.5594637146722","0.0688011702351032","47.88446617126465","0.5465405045095116","0","15.264","5.36","18.38","55.98"
"","","","","","","","","","way/762356191","tertiary","null","26.0697994","91.5590857","0.0094670629211539","47.40387344360352","0.0","0","15.298","5.36","18.38","55.98"
"","","","","","","","","","way/762356192","tertiary","null","26.067071301047573","91.55144468007212","1.5714176178291814","48.22419237207483","1.0139226445200251","0","16.086","5.36","18.38","55.98"
"","","","","","","","","","way/762365075","tertiary","null","26.0696253","91.5472859","0.0224497293842832","49.78359222412109","4.381099053955245","0","16.248","5.04","20.57","70.73"
"","","","","","","","","","way/762365076","tertiary","null","26.069309318256384","91.54713076954287","0.0568795971391765","48.90843200683594","0.0455713310246916","0","16.282","5.04","20.57","70.73"
"","","","","","","","","","way/762365078","tertiary","null","26.067026185198635","91.54642078743478","0.4687365655484694","51.0174197028665","3.0407255069408663","0","16.489","5.04","20.57","70.73"
"","","","","","","","","","way/771296820","tertiary","null","26.11559091137292","91.70887947236788","1.2164408986897932","51.79314368111746","1.4205184792683905","11","0.965","10.28","27.84","58.21"
"","","","","","","","","","way/806274797","tertiary","null","26.180943781638025","91.49932189892888","1.5852908622326802","20.383338504367405","1.847488358731224","0","18.154","2.8","20.44","75.71"
"","","","","","","","","","way/856441088","tertiary","null","26.29418526769979","91.69187687044884","0.3885653140423679","53.89612415858677","2.802321531136885","1","4.665","16.9","38.41","65.33"
"","","","","","","","","","way/867774688","primary_link","Kalaguru Bishnuprasad Rabha Flyover Ramp","26.150252422587915","91.78497517584246","0.0413510813986518","57.8303591410319","7.326023380946927","29","0.856","12.03","31.71","62.66"
"","","","","","","","","","way/867774689","secondary","Ganeshguri Flyover","26.151548420779644","91.78462173256406","0.4045668600618705","55.17639185587565","3.71992413612276","31","0.775","12.03","31.71","62.66"
"","","","","","","","","","way/867774690","primary_link","null","26.15094285550193","91.78412789195303","0.3363115146988083","55.87047723623422","1.9061234642399496","29","0.749","12.03","31.71","62.66"
"","","","","","","","","","way/867774691","secondary","null","26.140928885830387","91.79378861060978","0.4203535628716908","55.125529289245605","1.075835673919596","17","1.489","9.51","26.9","56.37"
"","","","","","","","","","way/867774693","primary","Mahapurush Srimanta Sankardeva Path","26.14397283160752","91.79220800150694","0.4856127218851211","55.96420351664225","2.1347363598379787","21","1.147","9.51","26.9","56.37"
"","","","","","","","","","way/867774694","secondary","Supermarket Flyover","26.140731490179807","91.79352224402676","0.4398832631315023","54.66868114471436","1.268504225459038","17","1.509","9.51","26.9","56.37"
"","","","","","","","","","way/867774695","primary","Mahapurush Srimanta Sankardeva Path","26.14496227349195","91.79117968699578","0.1897472578285557","55.60480356216431","1.7726224475630918","20","1.046","9.51","26.9","56.37"
"","","","","","","","","","way/867774700","secondary","null","26.139847881968667","91.79100492114848","0.1906955625448102","54.67364931106568","1.826843305429137","19","1.613","9.51","26.9","56.37"
"","","","","","","","","","way/867774702","primary","Mahapurush Srimanta Sankardeva Path","26.141783404049672","91.79494129580824","0.2459018919533997","55.716237258911136","1.347574442946624","17","1.408","9.51","26.9","56.37"
"","","","","","","","","","way/867776438","primary","Mahapurush Srimanta Sankardeva Path","26.140565177626225","91.79649395970812","0.0804791168222057","55.9554967880249","1.4776928708302397","13","1.573","9.51","26.9","56.37"
"","","","","","","","","","way/868672421","secondary","null","26.141145004804685","91.78716347493835","0.1541633807890739","56.551644461495535","1.7257293584012203","20","1.559","9.51","26.9","56.37"
"","","","","","","","","","way/881785676","tertiary","null","26.083100297110303","91.5594061209218","0.1436102901839712","47.42293167114258","0.1179090994476456","0","14.397","5.36","18.38","55.98"
"","","","","","","","","","way/881785677","tertiary","null","26.08128440431425","91.56590875839652","0.5257935243222375","47.64506671303197","0.3035905412914688","0","13.982","5.36","18.38","55.98"
"","","","","","","","","","way/881785686","tertiary","null","26.072507249108742","91.56625403936933","0.9020957038178622","49.6178879737854","2.0654237965320608","0","14.552","5.36","18.38","55.98"
"","","","","","","","","","way/881785687","tertiary","null","26.07479455","91.57015655","0.0105309252306789","48.14019775390625","0.8881879273837049","0","14.09","5.36","18.38","55.98"
"","","","","","","","","","way/881785688","tertiary","null","26.07469","91.5700533","0.0100018905032923","48.05856704711914","0.0","0","14.105","5.36","18.38","55.98"
"","","","","","","","","","way/881785689","tertiary","null","26.0747411","91.5701044","0.0052547235586443","48.05856704711914","0.0","0","14.098","5.36","18.38","55.98"
"","","","","","","","","","way/881785690","tertiary","null","26.07715855241937","91.56268193492268","0.973468700267852","47.55492502100327","0.1948728010623964","0","14.514","5.36","18.38","55.98"
"","","","","","","","","","way/881785691","tertiary","null","26.079264169126528","91.56471390389628","0.4839921995325766","47.60729450649686","0.1151258884331411","0","14.211","5.36","18.38","55.98"
"","","","","","","","","","way/881785692","tertiary","null","26.079546592195364","91.56719636371928","0.4753967988620249","47.7702044318704","0.1778182547978586","0","13.994","5.36","18.38","55.98"
"","","","","","","","","","way/881785696","tertiary","null","26.08115350524236","91.55824518273272","0.617170176428535","47.50707244873047","0.5610657319482074","0","14.615","5.36","18.38","55.98"
"","","","","","","","","","way/881785697","tertiary","null","26.08224745","91.56021035","0.0090320061562134","47.32951354980469","0.0","0","14.384","5.36","18.38","55.98"
"","","","","","","","","","way/881785712","secondary","null","26.072402633527155","91.58085104364449","0.3509257999952769","49.52422362107497","0.9209684128199068","0","13.465","5.36","18.38","55.98"
"","","","","","","","","","way/881785715","tertiary","null","26.07824275007048","91.5673329419724","0.2478486308054598","47.84458999633789","0.2219739141557625","0","14.071","5.36","18.38","55.98"
"","","","","","","","","","way/881785716","tertiary","null","26.080241","91.56768265","0.166686245832367","47.71796090262277","0.162986395360162","0","13.909","5.36","18.38","55.98"
"","","","","","","","","","way/882027612","tertiary","null","26.07998912310935","91.56991280288868","1.2949661846042235","47.80540042453342","0.2581186402128464","0","13.748","5.36","18.38","55.98"
"","","","","","","","","","way/901170038","trunk","null","26.14170035277056","92.20953770613862","5.423196745034418","6.092647552490234","0.6046729166209327","0","8.109","11.78","29.92","53.97"
"","","","","","","","","","way/906724381","secondary","null","26.1045480826222","91.70722679979586","0.0428234293279793","55.20999272664388","2.157923605374348","4","2.051","10.28","27.84","58.21"
"","","","","","","","","","way/906724382","secondary","null","26.10437385","91.70729265","0.0087159308252098","55.74308776855469","0.0","4","2.065","10.28","27.84","58.21"
"","","","","","","","","","way/906724383","secondary","null","26.1083355894919","91.70816513459089","0.8790040442647835","53.084537259994015","1.281709732405037","5","1.635","10.28","27.84","58.21"
"","","","","","","","","","way/906724388","secondary","null","26.10436665","91.7069091","0.0193061228401245","57.37297058105469","0.0","3","2.083","10.28","27.84","58.21"
"","","","","","","","","","way/911817223","trunk","null","26.16251363155324","91.67069088161011","0.5352467020168346","53.47534420615748","1.792249177277502","8","1.143","8.54","23.7","54.46"
"","","","","","","","","","way/911817224","trunk","null","26.16308687679137","91.6706984016418","0.3868161406746902","52.87071146283831","2.5868487448822965","8","1.187","8.54","23.7","54.46"
"","","","","","","","","","way/911817226","trunk","null","26.1677608","91.6724308","0.0371598076238016","63.67242431640625","2.7547752449904395","8","1.518","8.54","23.7","54.46"
"","","","","","","","","","way/911817227","trunk_link","Flyover Ramp","26.15648830692149","91.67282902927788","0.2155346332853724","49.6085573832194","1.408432812125917","8","0.627","8.54","23.7","54.46"
"","","","","","","","","","way/911817228","trunk","null","26.16853905451459","91.67241096715718","0.1352040850487444","65.65933227539062","1.0120438826500555","8","1.598","8.54","23.7","54.46"
"","","","","","","","","","way/911817230","trunk","null","26.166215374469047","91.67206583989032","0.313388135500585","58.45792579650879","3.2604610828696257","8","1.383","8.54","23.7","54.46"
"","","","","","","","","","way/911817231","trunk_link","null","26.1576668","91.6737069","0.0159671749453526","51.8284969329834","2.390410614990862","8","0.583","8.54","23.7","54.46"
"","","","","","","","","","way/911817232","trunk","null","26.18125487867504","91.67186566335452","0.0596243859178054","60.18217595418295","6.739048164515392","10","2.88","8.54","23.7","54.46"
"","","","","","","","","","way/911817233","trunk","null","26.16624740663749","91.67194405561958","0.3007630497799241","58.31790987650553","3.2953410769682496","8","1.392","8.54","23.7","54.46"
"","","","","","","","","","way/911817234","trunk","null","26.16496495","91.67114465","0.028373412053556","54.53087043762207","1.0492356415237625","8","1.317","8.54","23.7","54.46"
"","","","","","","","","","way/911820040","trunk","null","26.1583276","91.67105805","0.039931584710154","49.427494049072266","0.2938353234543379","8","0.855","8.54","23.7","54.46"
"","","","","","","","","","way/911820041","trunk","null","26.15779795995284","91.67138290404829","0.0653888051008836","50.64564895629883","2.7562858250618443","8","0.804","8.54","23.7","54.46"
"","","","","","","","","","way/911820042","trunk","null","26.15819295","91.67102725","0.0472765554633611","49.30065536499024","0.4787277776171512","8","0.852","8.54","23.7","54.46"
"","","","","","","","","","way/911820043","trunk","null","26.15792464578743","91.6714554901252","0.0794950655371617","50.30255889892578","0.9093869056526064","8","0.802","8.54","23.7","54.46"
"","","","","","","","","","way/968413012","tertiary","null","26.288126377036924","92.18174582720847","0.4518953106661144","55.09469626931583","3.850453516048177","0","20.677","18.99","43.26","67.47"
"","","","","","","","","","way/968413013","tertiary","null","26.2888998","92.17949535","0.0300104365184617","53.58425521850586","1.0641028925250964","0","20.585","18.99","43.26","67.47"
"","","","","","","","","","way/968413014","tertiary","null","26.28670413465735","92.18573297974316","0.2580465616711093","56.00383262634277","3.497970728941275","0","20.841","18.99","43.26","67.47"
"","","","","","","","","","way/968413015","tertiary","null","26.28722365","92.1841823","0.0741432376214525","51.58118343353272","3.390319672161564","0","20.773","18.99","43.26","67.47"
"","","","","","","","","","way/968956579","tertiary","null","26.26818363205526","92.12800558379918","8.468370900532369","53.96726036071777","0.8426240095062926","0","15.551","17.18","39.7","63.15"
"","","","","","","","","","way/968956582","tertiary","null","26.24950580670206","92.07804209531854","0.5386450199902282","57.269075895610605","5.598004636319219","0","11.339","17.92","41.83","67.67"
"","","","","","","","","","way/968956583","tertiary","null","26.2501175","92.0807763","0.0728586830979925","51.12611484527588","7.872386682422184","0","11.529","17.49","40.44","64.51"
"","","","","","","","","","way/968959717","tertiary","null","26.29327616989406","92.16218550826676","0.73378951393656","52.86552179776705","1.29899274335042","0","19.827","18.99","43.26","67.47"
"","","","","","","","","","way/968959718","tertiary","null","26.2944376","92.1580293","0.16771685130591","50.48696899414063","0.9688236978470912","0","19.675","18.99","43.26","67.47"
"","","","","","","","","","way/968959719","tertiary","null","26.29200814927272","92.1695120464012","0.6736112468044996","54.28128973642985","2.3324869505360613","0","20.182","18.99","43.26","67.47"
"","","","","","","","","","way/968959721","tertiary","null","26.293071597425893","92.16609724446984","0.0547730955622731","53.22736231486002","1.6037441158167525","0","20.054","18.99","43.26","67.47"
"","","","","","","","","","way/968963644","tertiary","null","26.25369845857494","92.09000074738466","0.4071320087381494","50.23674697875977","0.6090399845711747","0","12.255","17.49","40.44","64.51"
"","","","","","","","","","way/968963645","tertiary","null","26.25611305","92.09454335","0.0263778808485992","51.53988075256348","2.506501766093158","0","12.692","17.49","40.44","64.51"
"","","","","","","","","","way/968963759","tertiary","null","26.229908314752176","92.11142575951328","0.4561158301555682","57.39704827701344","1.7147411562038215","0","11.169","12.68","31.92","56.51"
"","","","","","","","","","way/969132122","tertiary","null","26.296037517314364","92.13812401806304","0.1611540890674924","57.30440139770508","1.8064854099874923","0","18.162","17.18","39.7","63.15"
"","","","","","","","","","way/969538368","primary","null","26.261852042803017","92.04570629281454","1.6912371173605054","54.83493449770171","1.8958837261705483","0","8.277","17.78","41.24","66.15"
"","","","","","","","","","way/969538369","primary","null","26.2598278","92.0540264","0.0799771918756533","53.50696563720703","6.552926588999811","0","9.053","17.49","40.44","64.51"
"","","","","","","","","","way/969540128","tertiary","null","26.2864088526432","92.19019582544396","2.624055360135847","48.49436461130778","2.2144039700832416","0","21.134","18.99","43.26","67.47"
"","","","","","","","","","way/969680905","primary","Kajali Mayang Road","26.223271461397324","92.03378177884538","0.2864919744254705","54.64000667225231","5.134658765600725","0","7.407","22.35","51.07","80.46"
"","","","","","","","","","way/969680906","primary","Kajali Mayang Road","26.2247354","92.03375425","0.0619038323046208","50.7181282043457","9.833219702981111","0","7.348","22.35","51.07","80.46"
"","","","","","","","","","way/970251952","tertiary","null","26.24481016372567","92.12592460217633","1.29570461400821","54.02907460530599","4.229223316379677","0","13.368","12.68","31.92","56.51"
"","","","","","","","","","way/970251956","primary","null","26.229831098668285","92.12169404631769","1.627036704671553","58.87119061606271","2.386895419418067","0","11.854","12.68","31.92","56.51"
"","","","","","","","","","way/970251958","tertiary","null","26.26091611559025","92.1400462380858","1.2486036879133573","51.09630185504293","1.2024388698012811","0","15.645","17.18","39.7","63.15"
"","","","","","","","","","way/970251959","tertiary","null","26.25053291633604","92.13528252166503","1.2208924457219663","55.57848912193661","3.9087235406968497","0","14.462","17.18","39.7","63.15"
"","","","","","","","","","way/970251960","tertiary","null","26.25508605","92.138757","0.0739720002691283","50.71250343322754","6.39404999403083","0","15.07","17.18","39.7","63.15"
"","","","","","","","","","way/977963755","trunk","null","25.951070626771536","91.86542442594936","21.599318270321668","319.7716168721517","2.8521024996279354","0","11.129","20.64","46.67","73.38"
"","","","","","","","","","way/977963756","trunk","null","25.95100331573459","91.86534175711364","21.612484416864987","319.8598808288574","2.934224248947032","0","11.137","20.64","46.67","73.38"
"","","","","","","","","","way/977963757","trunk","null","26.01022673184541","91.8658724835989","0.1752607104647563","202.4530596051897","7.081959401126529","1","4.675","13.68","32.67","54.54"
"","","","","","","","","","way/977963758","trunk","null","26.01413952794091","91.86597219413112","0.8053854887101184","176.4909499032157","4.806683553977702","1","4.259","13.68","32.67","54.54"
"","","","","","","","","","way/977963759","trunk","null","26.016168814733835","91.86689125465432","0.6179315658469035","139.97384920987216","4.743087667664851","1","4.016","13.68","32.67","54.54"
"","","","","","","","","","way/977963760","trunk","null","26.01406010361441","91.8660866597826","0.7854956746034301","178.53877312796456","5.001912097275097","1","4.264","13.68","32.67","54.54"
"","","","","","","","","","way/977963761","trunk","null","26.02650637670069","91.86870336921513","1.858728734978753","109.58789825439452","9.024569712960847","1","2.878","13.68","32.67","54.54"
"","","","","","","","","","way/977963762","trunk","null","26.037482688393528","91.86766297231054","0.8975962735210788","76.38103977326423","6.102714772868082","1","1.888","13.68","32.67","54.54"
"","","","","","","","","","way/977963763","trunk","null","26.0419835","91.867767","0.1667567640388713","61.00406047276088","7.148051865359503","1","1.537","13.68","32.67","54.54"
"","","","","","","","","","way/977963764","trunk","null","26.03036781454477","91.86928243065492","2.7339461318012765","102.57936108907064","9.11628888002006","1","2.463","13.68","32.67","54.54"
"","","","","","","","","","way/986827273","tertiary","null","26.248472137563425","91.7820766674894","0.0619220149861578","56.15165615081787","4.478204626584852","0","6.103","11.97","30.53","58.86"
"","","","","","","","","","way/991928708","tertiary","null","26.175659524261484","91.74734689137168","0.1526690007863756","50.424891880580354","2.061365449312393","40","1.372","10.46","28.15","58.66"
"","","","","","","","","","way/997400499","tertiary","null","26.197022421530605","91.79924833385988","0.0490137422497844","72.38013203938802","3.0566753713724566","24","0.744","12.03","31.71","62.66"
"","","","","","","","","","way/1000095930","primary","Mahapurush Srimanta Sankardeva Path","26.14093722998439","91.7960365331839","0.0426885162002909","56.285292307535805","0.4837231536671867","13","1.522","9.51","26.9","56.37"
"","","","","","","","","","way/1000095932","primary","Mahapurush Srimanta Sankardeva Path","26.14177387581793","91.79524956403016","0.1066830268786541","55.221188354492185","1.0830291869782338","17","1.415","9.51","26.9","56.37"
"","","","","","","","","","way/1000095933","primary","Dispur Flyover","26.1422163","91.7945385","0.1266573996190632","55.49051284790039","0.8549464070062477","19","1.355","9.51","26.9","56.37"
"","","","","","","","","","way/1000095935","primary","Dispur Flyover","26.140326345496508","91.7969145368649","0.5067803499318007","55.29668913947212","1.636869464909371","13","1.609","9.51","26.9","56.37"
"","","","","","","","","","way/1000095937","secondary","null","26.14272146212989","91.79359619296108","0.1844042251805243","56.34565353393555","1.9735519474197043","19","1.289","9.51","26.9","56.37"
"","","","","","","","","","way/1000095938","secondary","null","26.1421062","91.79439095","0.0260037367088236","55.79144287109375","1.468197757651692","19","1.365","9.51","26.9","56.37"
"","","","","","","","","","way/1013969997","secondary","null","26.17403974803453","91.75736373950043","0.2295526826638166","54.390235900878906","2.6412549750881125","41","0.467","12.03","31.71","62.66"
"","","","","","","","","","way/1013969998","secondary","B K Kakati Road","26.1741421382284","91.7572670710841","0.2425741449017081","54.08069686889648","3.1652398569289883","41","0.472","12.03","31.71","62.66"
"","","","","","","","","","way/1014551111","primary","G.N.B Road","26.185561263977515","91.75255624379184","0.1030374312316375","55.51780700683594","3.414124239804801","36","1.174","12.03","31.71","62.66"
"","","","","","","","","","way/1024517887","trunk","null","26.1648734","91.6712387","0.029796710352319","53.13326454162598","6.34800915627652","8","1.304","8.54","23.7","54.46"
"","","","","","","","","","way/1024796518","trunk","null","26.1110811","92.1715286","0.029987137306759","62.11475372314453","1.5704003670617184","3","3.702","9.2","25.66","50.87"
"","","","","","","","","","way/1024796519","trunk","null","26.10314967966168","92.14718709664422","4.068076515327244","58.87716503143311","0.4360229666837666","5","1.534","7.85","23.9","51.06"
"","","","","","","","","","way/1024796520","trunk","null","26.10331540504133","92.15033869926307","4.714629648960308","59.14073314666748","0.3539785406934491","5","1.802","9.2","25.66","50.87"
"","","","","","","","","","way/1024796521","trunk","null","26.1109687","92.1715135","0.0119343315827779","61.92699241638184","2.143045275779532","3","3.689","9.2","25.66","50.87"
"","","","","","","","","","way/1024796523","trunk_link","null","26.1045353","92.16019585","0.0124653990586106","58.8463249206543","0.0794982852697736","5","2.731","9.2","25.66","50.87"
"","","","","","","","","","way/1024796526","secondary","null","26.074567","92.1652045","0.0380403803954203","71.2769292195638","11.622958682709593","5","0.631","6.44","18.85","41.71"
"","","","","","","","","","way/1024796528","tertiary","null","25.98507057412468","92.11637538323808","0.0258216752143041","357.3448181152344","0.0","0","8.879","9.89","23.98","48.59"
"","","","","","","","","","way/1024796529","tertiary","null","25.98500865","92.1166005","0.0236030597800386","355.2755432128906","9.945120922749652","0","8.9","9.89","23.98","48.59"
"","","","","","","","","","way/1024796530","tertiary","null","25.98795222500604","92.1231545501374","1.609378399888008","399.0168235085228","9.183337759908866","0","8.582","9.89","23.98","48.59"
"","","","","","","","","","way/1024796531","tertiary","null","25.993494335519102","92.1108402866248","3.967226419216036","469.05315755208335","6.548404429808735","0","7.822","9.89","23.98","48.59"
"","","","","","","","","","way/1024796532","tertiary","null","25.97462978102171","92.10445022145488","4.151272286872523","484.4694112141927","5.139016146672297","0","9.064","9.89","23.98","48.59"
"","","","","","","","","","way/1038595629","primary","null","26.1789751","91.75155215","0.0061876373268019","57.194440841674805","8.691376791781678","41","0.931","12.03","31.71","62.66"
"","","","","","","","","","way/1038928900","tertiary","NH37","26.11262248088125","91.80197208364906","0.8454720902767012","62.29578946431478","1.7898454168754985","3","4.353","8.9","26.14","54.58"
"","","","","","","","","","way/1038928901","tertiary","NH37","26.1112395","91.78919065","0.0323402523194187","60.575262705485024","2.9427253795494304","7","4.468","9.51","26.9","56.37"
"","","","","","","","","","way/1039076875","secondary","Radha Gobinda Baruah Road","26.1596592","91.7817918","0.0071936400521517","56.27578163146973","33.43427218457784","34","0.844","12.03","31.71","62.66"
"","","","","","","","","","way/1041338049","secondary","Radha Gobinda Baruah Road","26.156754756881973","91.78274513042854","0.7501283835093211","53.64349774961119","2.3239120572431107","34","0.679","12.03","31.71","62.66"
"","","","","","","","","","way/1041439024","tertiary","null","26.176307059117164","91.97884593597908","3.987734195116557","61.49957014719645","2.4532099816427504","1","4.576","12.95","31.14","54.03"
"","","","","","","","","","way/1054721874","primary","Dighalipukhuri Road","26.187138137325327","91.75037870498974","0.2778335099778247","57.28713850541549","6.920756136135308","36","1.451","12.03","31.71","62.66"
"","","","","","","","","","way/1054721875","primary","null","26.189686209483867","91.75084909908198","0.1804753808213902","61.54305839538574","3.778123427041405","34","1.369","12.03","31.71","62.66"
"","","","","","","","","","way/1070137324","tertiary","Kiling - Basistha Road","26.07640170279288","91.81043938069796","14.135241199942731","176.4596295674642","3.436486115975445","0","5.923","13.55","34.22","61.21"
"","","","","","","","","","way/1071899994","tertiary","null","25.92994919719148","91.57189017168282","18.43659974438545","270.98994776407875","3.3939611844870674","0","17.333","21.49","50.44","95.33"
"","","","","","","","","","way/1088731462","secondary_link","null","26.1646893307522","91.76897325570872","0.0240140844164728","57.626726150512695","7.461200969876774","40","1.215","12.03","31.71","62.66"
"","","","","","","","","","way/1090679517","tertiary","null","25.9954535436204","92.13003133923952","0.8063882558985409","420.7485776628767","8.29508357366619","0","7.597","9.89","23.98","48.59"
"","","","","","","","","","way/1101700465","primary","Mahapurush Srimanta Sankardeva Path","26.14604215726541","91.78986830576864","0.1315841820164813","55.34800148010254","1.6167968600112093","21","0.957","9.51","26.9","56.37"
"","","","","","","","","","way/1105224532","primary","Mahapurush Srimanta Sankardeva Path","26.140152797183664","91.79730069294106","0.4398201999656285","55.13718938827515","1.1876042898627417","11","1.638","9.51","26.9","56.37"
"","","","","","","","","","way/1111679623","trunk_link","null","26.099778514676963","91.61228260196631","0.0510916188669878","50.84451802571615","1.993691729404142","0","9.093","7.4","20.66","51.24"
"","","","","","","","","","way/1111679624","trunk_link","null","26.099233170511926","91.61209111379628","0.0438030873935105","52.59123102823893","1.3914401489674575","0","9.148","7.4","20.66","51.24"
"","","","","","","","","","way/1117743812","secondary","null","26.14147545","91.7954841","0.0181775636570444","54.666948318481445","1.7590434839733968","17","1.452","9.51","26.9","56.37"
"","","","","","","","","","way/1118012912","trunk","null","26.14841864909169","91.67802378489982","1.6093267428260325","50.29327572909269","1.6665972812491618","13","0.787","8.63","23.8","54.17"
"","","","","","","","","","way/1118012913","trunk_link","null","26.14148623374832","91.67570849641687","0.0135876919256934","49.775468826293945","4.438748571640313","9","1.586","8.63","23.8","54.17"
"","","","","","","","","","way/1120259397","trunk","null","26.08687791560316","91.5655831239282","1.24942191524232","51.896562531937","2.039652246683936","0","13.651","5.36","18.38","55.98"
"","","","","","","","","","way/1124976974","secondary","Guwahati Medical College Road","26.15851123760728","91.76226197164306","0.819418322515974","56.97696041238719","1.813830723773567","41","0.645","12.03","31.71","62.66"
"","","","","","","","","","way/1125145370","tertiary","Hem Baruah Road","26.182564979365964","91.74058554554294","0.1500285901683287","60.98169544764927","3.295530689142795","36","2.081","10.46","28.15","58.66"
"","","","","","","","","","way/1125145372","tertiary","Hem Baruah Road","26.1866183","91.74337935","0.1070261038869184","61.53316650390625","5.2483509947060645","35","1.984","10.46","28.15","58.66"
"","","","","","","","","","way/1133073673","primary","Kajali Mayang Road","26.24103985","92.03676285","0.0436038719578134","52.31478373209635","5.136218288707048","0","7.249","22.35","51.07","80.46"
"","","","","","","","","","way/1133073674","primary","Kajali Mayang Road","26.23299203678941","92.03490918706258","1.7901913225452672","52.11044413248698","0.8996187709995476","0","7.204","22.35","51.07","80.46"
"","","","","","","","","","way/1133073675","primary","Chamata Mayang Road","26.12571355","92.00455495","0.0192999072980178","53.58016204833984","0.7573984774905332","3","4.448","2.67","11.21","30.12"
"","","","","","","","","","way/1133073676","primary","Chamata Mayang Road","26.123132123499865","92.00226363813188","0.7266513518927836","56.2066208766057","2.425120498135523","3","4.474","2.67","11.21","30.12"
"","","","","","","","","","way/1133094844","primary","null","26.208807481031062","91.86596914502232","1.985215472715884","58.489440218607584","4.748752261108819","4","2.701","15.3","36.54","64.16"
"","","","","","","","","","way/1133094845","primary","null","26.2135172","91.87343115","0.014184363835246","55.24193382263184","20.11999574257329","3","3.562","15.3","36.54","64.16"
"","","","","","","","","","way/1133094846","primary_link","null","26.1870331","91.84293595","0.0096858485903268","56.518754959106445","13.085976465646931","9","0.844","11.76","30.98","59.55"
"","","","","","","","","","way/1133623075","primary","null","26.231575324476367","92.11042072459436","0.7977954271329745","54.2476738521031","1.209068802290526","0","11.246","12.68","31.92","56.51"
"","","","","","","","","","way/1133623076","primary","null","26.231892","92.10623215","0.0527922667890213","54.65476353963216","3.2688744896859","0","11.013","12.68","31.92","56.51"
"","","","","","","","","","way/1133623077","primary","Kajali Mayang Road","26.25588415","92.016527","0.0552401700653588","52.0590451558431","0.1397596494647507","0","5.294","17.78","41.24","66.15"
"","","","","","","","","","way/1133623078","primary","Kajali Mayang Road","26.26669114616626","92.02605450704108","3.351028047398952","55.69694086710612","1.001097256807833","0","6.529","17.78","41.24","66.15"
"","","","","","","","","","way/1133623079","primary","Kajali Mayang Road","26.248749410277217","91.97027314961947","0.542449268589937","59.35853538513184","4.293809888811128","2","0.619","21.8","48.8","75.86"
"","","","","","","","","","way/1133623080","primary","Kajali Mayang Road","26.2483993","91.97289415","0.0261920201045504","55.91167640686035","1.187030428764432","2","0.863","21.8","48.8","75.86"
"","","","","","","","","","way/1133623081","primary","Kajali Mayang Road","26.24655521082915","91.96306754666968","1.0574487474963372","61.41032677727777","3.9955075553416566","2","0.139","21.8","48.8","75.86"
"","","","","","","","","","way/1133623082","primary","Kajali Mayang Road","26.24872225","91.96781405","0.0242798992528799","52.32526779174805","0.1057906095226571","2","0.393","21.8","48.8","75.86"
"","","","","","","","","","way/1133773953","primary","null","26.210196165846845","91.590882826656","7.281213390281426","51.99487298329671","0.9601874990461532","0","9.833","6.59","18.32","42.11"
"","","","","","","","","","way/1133773954","primary","null","26.20789139099114","91.5429137295764","0.1756144331666185","48.22575977870396","2.118356210225414","0","14.622","4.0","16.02","46.12"
"","","","","","","","","","way/1133773955","primary","null","26.20880125","91.54275835","0.0282677982972248","45.42576408386231","1.2532391207324427","0","14.635","4.0","16.02","46.12"
"","","","","","","","","","way/1133773956","primary","null","26.21165599749376","91.54287674501457","0.6042900969880477","47.34150140935724","1.321258642507012","0","14.622","4.0","16.02","46.12"
"","","","","","","","","","way/1133773957","primary","null","26.2169733","91.54308425","0.0698116573439283","48.77206516265869","8.574654519233633","0","14.617","4.0","16.02","46.12"
"","","","","","","","","","way/1133773958","primary","null","26.22606474898288","91.5384242822342","2.211239199473608","48.40938135782878","2.2000167312675147","0","15.16","4.0","16.02","46.12"
"","","","","","","","","","way/1133773959","primary","null","26.23406565","91.5320771","0.0207884625716625","48.13628578186035","0.985688572241873","0","15.909","4.0","16.02","46.12"
"","","","","","","","","","way/1133805916","primary","null","26.278612486590752","91.51082959642098","1.0750790618886468","48.5352992495975","2.0417133769234592","0","18.971","4.07","13.14","31.75"
"","","","","","","","","","way/1133805917","primary","null","26.282756","91.5079878","0.038511463966892","47.29319636027018","3.0166069534659297","0","19.383","4.07","13.14","31.75"
"","","","","","","","","","way/1133805918","primary","null","26.2897521","91.50385365","0.0305181134744822","47.87996673583984","9.570137729202797","0","20.03","4.07","13.14","31.75"
"","","","","","","","","","way/1133805919","primary","null","26.29079091166072","91.50276890511506","0.2845448491110028","49.12679290771485","2.463133792185393","0","20.172","4.07","13.14","31.75"
"","","","","","","","","","way/1133805920","primary","null","26.2917127","91.5015203","0.0398692177933842","46.52764638264974","2.436720301285765","0","20.325","4.07","13.14","31.75"
"","","","","","","","","","way/1133805921","primary","null","26.294571227936945","91.49853536393816","0.8311346955869654","13.337416155584927","2.966361778925392","0","20.716","5.56","23.45","64.57"
"","","","","","","","","","way/1134090039","trunk","null","26.27353110375897","91.50310768134484","1.845796527655236","35.340612920125324","2.7056805196834257","0","19.551","4.07","13.14","31.75"
"","","","","","","","","","way/1134103725","trunk","null","26.18461877566872","91.6671376212925","0.074031640668412","51.37419414520264","1.946008421389144","5","3.453","8.54","23.7","54.46"
"","","","","","","","","","way/1134103726","trunk","null","26.18811483151036","91.66750420393248","0.8582945756504755","51.71472892761231","1.4102567870841458","5","3.343","8.54","23.7","54.46"
"","","","","","","","","","way/1134409399","tertiary","NH37","26.1112340305987","91.7886998502085","0.0658499974571357","61.19141864776611","2.1103961581783737","7","4.424","9.51","26.9","56.37"
"","","","","","","","","","way/1134698727","trunk_link","null","26.1006424","91.87340635","0.0098861167141948","88.7063980102539","0.0","5","0.33","16.11","38.31","65.02"
"","","","","","","","","","way/1134700732","trunk_link","null","26.1034491","91.8604459","0.009563488006767","125.28485107421876","8.615868212160075","5","0.175","16.11","38.31","65.02"
"","","","","","","","","","way/1134702964","tertiary","null","26.113990079211884","91.83501509385732","0.0582731191630995","121.6894073486328","10.368717808030937","4","1.89","8.9","26.14","54.58"
"","","","","","","","","","way/1134702965","tertiary","null","26.1136564","91.83520695","0.0267034613844013","119.3473014831543","2.060617545158033","4","1.869","8.9","26.14","54.58"
"","","","","","","","","","way/1134702966","tertiary","null","26.112980908399955","91.83578679211271","0.1666319510955776","124.15218244280132","3.522989876098286","5","1.808","8.9","26.14","54.58"
"","","","","","","","","","way/1134706100","tertiary","null","26.1136432","91.8354819","0.0198426480470215","124.80918884277344","0.0","5","1.841","8.9","26.14","54.58"
"","","","","","","","","","way/1134706101","tertiary","null","26.114156267613776","91.8352524686564","0.1013515825548624","120.92281341552734","5.545855865446452","4","1.868","8.9","26.14","54.58"
"","","","","","","","","","way/1134706102","tertiary","null","26.113177204311576","91.83604640824838","0.1444671739117663","124.09640375773112","2.953289139132808","5","1.782","8.9","26.14","54.58"
"","","","","","","","","","way/1134753279","trunk","null","26.286510900000003","91.71180725","0.0288616566074997","51.7210693359375","4.630331125786096","1","3.377","18.29","42.96","74.53"
"","","","","","","","","","way/1134753280","trunk","null","26.294616502488378","91.71407189437474","1.833874077078682","43.90384324391683","1.739368460221446","1","4.286","18.29","42.96","74.53"
"","","","","","","","","","way/1134753281","trunk","null","26.29465506117428","91.71395153404124","1.827743727710628","43.71254564921061","2.0446134915910235","1","4.289","18.29","42.96","74.53"
"","","","","","","","","","way/1134753282","trunk","null","26.28656265","91.71167585","0.0317293740395712","50.99120966593424","5.088508237439879","1","3.383","18.29","42.96","74.53"
"","","","","","","","","","way/1134753283","trunk_link","null","26.2700438","91.7034039","0.0117234058317694","51.5609016418457","0.0","2","1.748","18.29","42.96","74.53"
"","","","","","","","","","way/1134753285","trunk_link","null","26.24065955","91.6884277","0.0109733889829131","49.12000465393066","6.195026585199392","4","1.538","14.55","34.52","63.51"
"","","","","","","","","","way/1134775131","secondary","B N Sakia Road","26.11268945","91.79779785","0.056120766022994","65.14840825398763","4.6442998658797645","5","4.653","9.51","26.9","56.37"
"","","","","","","","","","way/1134862211","trunk","null","26.10417334556269","91.51365340167946","0.0781206363788102","50.87788486480713","5.371524106456264","0","17.463","2.51","13.98","55.68"
"","","","","","","","","","way/1134862212","trunk","null","26.103943039004285","91.51433651343524","0.0807821144664326","51.49283409118652","3.3795648738129773","0","17.407","2.51","13.98","55.68"
"","","","","","","","","","way/1134862213","trunk","null","26.10409136957616","91.51399189300292","0.1462077678881854","49.6093807220459","1.6183417309698789","0","17.435","2.51","13.98","55.68"
"","","","","","","","","","way/1134883576","trunk","null","26.098786874361867","91.59559791010524","0.0305809927092557","50.68073654174805","5.023897097005437","0","10.441","5.36","18.38","55.98"
"","","","","","","","","","way/1134917085","trunk_link","null","26.120251250000003","91.615373","0.0101897067025641","51.14910697937012","0.6251693132199543","0","7.46","6.53","18.77","49.17"
"","","","","","","","","","way/1134920397","trunk","null","26.137438645752013","91.63345631722302","0.7748873993001775","50.504445535165296","1.1250629302145467","1","4.967","6.53","18.77","49.17"
"","","","","","","","","","way/1134920398","trunk","null","26.1373456","91.62946345","0.0461735499376724","48.532782236735024","3.714896810401602","0","5.338","6.53","18.77","49.17"
"","","","","","","","","","way/1134920399","trunk","null","26.13710454125645","91.62749458063088","0.3425992168266484","49.6302965604342","1.5070523265064868","0","5.531","6.53","18.77","49.17"
"","","","","","","","","","way/1134920400","trunk","null","26.13724025","91.6294634","0.0608544439507819","48.28208065032959","2.8146655698709435","0","5.343","6.53","18.77","49.17"
"","","","","","","","","","way/1134920401","trunk","null","26.13655705905466","91.62629815317769","0.6476016211883315","49.5701323799465","1.0068752330651798","0","5.664","6.53","18.77","49.17"
"","","","","","","","","","way/1134920402","trunk","null","26.13397985","91.62417145","0.0498530691303592","48.46931330362956","2.125360364824268","0","5.971","6.53","18.77","49.17"
"","","","","","","","","","way/1134920403","trunk","null","26.13391725","91.6242796","0.0486914802777452","48.5974235534668","1.7272367220714395","0","5.964","6.53","18.77","49.17"
"","","","","","","","","","way/1134920404","trunk","null","26.13519042065118","91.62521610797556","0.2893297840197463","48.709625937721945","1.4548110488034014","0","5.822","6.53","18.77","49.17"
"","","","","","","","","","way/1135116793","trunk","NH37","26.09995350208779","91.87873958176284","0.0803389835901578","82.72481346130371","2.8077531474564785","4","0.211","15.42","36.6","61.43"
"","","","","","","","","","way/1135116794","trunk","NH37","26.11982291346871","91.89899476899846","8.016181859729077","88.24441973368327","1.5895802236825585","7","3.14","16.11","38.31","65.02"
"","","","","","","","","","way/1135126725","trunk_link","null","26.10094035","91.8794622","0.0096366646063688","94.96773529052734","0.0","4","0.303","16.11","38.31","65.02"
"","","","","","","","","","way/1135130867","trunk_link","null","26.12260895","92.0139093","0.012493193814703","61.901872634887695","10.594260581654664","3","3.505","2.67","11.21","30.12"
"","","","","","","","","","way/1135130868","trunk_link","null","26.1188042","91.99614165","0.0136759441522867","55.70730781555176","0.2578963869502132","2","4.78","8.76","22.36","42.07"
"","","","","","","","","","way/1135130869","trunk_link","null","26.12055205","91.9162427","0.0124860152471533","65.86506652832031","0.0","6","2.598","18.13","40.09","62.27"
"","","","","","","","","","way/1135130870","trunk_link","null","26.10942995","91.88549675","0.0106581736051507","141.1841583251953","0.0","4","1.375","16.11","38.31","65.02"
"","","","","","","","","","way/1135139792","trunk","null","26.10684345","92.12743435","0.0228579162349286","56.8223819732666","0.6024279112871521","3","1.566","7.85","23.9","51.06"
"","","","","","","","","","way/1135139793","trunk","null","26.111082268661225","92.11280272110152","3.159186230730754","58.05583610534668","0.5903994386766338","3","2.177","7.85","23.9","51.06"
"","","","","","","","","","way/1135139794","trunk","null","26.11094108903661","92.11279973786029","3.1559636502056465","57.81748816172282","0.6623575468663684","3","2.178","7.85","23.9","51.06"
"","","","","","","","","","way/1135139795","trunk","null","26.1067182","92.12743945","0.0255124842421219","56.07756996154785","0.6189690726670711","3","1.554","7.85","23.9","51.06"
"","","","","","","","","","way/1135139796","trunk_link","null","26.10732055","92.12265025","0.0118465518216638","57.70204734802246","5.704103715347247","3","1.888","7.85","23.9","51.06"
"","","","","","","","","","way/1135139797","trunk_link","null","26.1087564","92.116597","0.0127141948314789","58.93891143798828","1.0627110383533942","3","2.432","7.85","23.9","51.06"
"","","","","","","","","","way/1135139798","trunk_link","null","26.1108154","92.11312745","0.0138421375145578","57.920654296875","0.0","3","2.211","7.85","23.9","51.06"
"","","","","","","","","","way/1135139799","trunk_link","null","26.1176721","92.10361595","0.0124964129376272","61.624135971069336","3.954127381961284","2","1.402","7.85","23.9","51.06"
"","","","","","","","","","way/1135139800","trunk_link","null","26.11796315","92.0956923","0.0127775448389054","56.22476577758789","1.0840160396914131","3","0.803","5.11","16.88","38.75"
"","","","","","","","","","way/1135139802","trunk","NH37","26.1148202","92.07358545","0.0300253279070764","59.53890609741211","2.161688152148717","3","1.768","5.11","16.88","38.75"
"","","","","","","","","","way/1135139803","trunk","NH37","26.116807719115467","92.09254211196163","1.537916770218976","56.94245910644531","0.7053760634422118","3","0.547","5.11","16.88","38.75"
"","","","","","","","","","way/1135139804","trunk","null","26.11692101585161","92.09250347622728","1.5405573521224032","56.96750079460864","0.8321054344642407","3","0.558","5.11","16.88","38.75"
"","","","","","","","","","way/1135139805","trunk","null","26.1149328","92.07360335","0.033134762456662","60.08550898234049","3.521449273161104","3","1.768","5.11","16.88","38.75"
"","","","","","","","","","way/1135139806","trunk_link","null","26.1122849","92.0642945","0.0132985471275902","61.50658416748047","2.206896370294177","3","1.46","5.11","16.88","38.75"
"","","","","","","","","","way/1135139807","trunk_link","null","26.1130018","92.06087125","0.0125381632930349","61.99375915527344","0.0","3","1.138","5.11","16.88","38.75"
"","","","","","","","","","way/1135139808","trunk_link","null","26.12089965","92.04741805","0.0133092547326503","58.83537673950195","0.0","4","0.493","2.67","11.21","30.12"
"","","","","","","","","","way/1135139809","trunk_link","null","26.1233221","92.0383982","0.0129845745288827","56.01774978637695","0.0","3","1.433","2.67","11.21","30.12"
"","","","","","","","","","way/1135140245","secondary","null","26.1226115","91.9732167","0.0229832607542403","56.05213165283203","1.052064268070749","1","3.727","8.76","22.36","42.07"
"","","","","","","","","","way/1135140246","secondary","null","26.12233881032592","91.9731977342622","0.0376403039624011","55.98783493041992","0.4526822321895084","1","3.713","8.76","22.36","42.07"
"","","","","","","","","","way/1135608706","primary","Assam Trunk Rd","26.17621566974996","91.73141160756914","0.7501188652448579","46.60120462488245","3.629180209728194","33","1.388","10.46","28.15","58.66"
"","","","","","","","","","way/1135615390","tertiary","null","26.19233225","91.75647635","0.0150188630698869","56.3647346496582","1.534833534095369","26","0.773","12.03","31.71","62.66"
"","","","","","","","","","way/1135617344","secondary","Rajgarh Road","26.170249781854835","91.77060209943124","0.8021023998133912","54.3776912689209","2.6834883852603024","39","0.896","12.03","31.71","62.66"
"","","","","","","","","","way/1135617345","secondary","Rajgarh Road","26.176763765226863","91.77348188119409","0.7588835243369653","54.53571460865162","1.6244762681409244","31","0.763","12.03","31.71","62.66"
"","","","","","","","","","way/1135624341","secondary","Rajgarh Road","26.16530215","91.76829895","0.024912574806163","53.70004653930664","0.0","38","1.306","12.03","31.71","62.66"
"","","","","","","","","","way/1135624342","secondary","Rajgarh Road","26.165924700388388","91.7687218892106","0.1130904389998453","55.360009765625","2.6291799637803126","40","1.249","12.03","31.71","62.66"
"","","","","","","","","","way/1135627820","secondary","null","26.17293689961588","91.79349988088066","2.903232399006232","64.53714447021484","1.959735972014876","29","0.797","12.03","31.71","62.66"
"","","","","","","","","","way/1135638795","secondary","Satgaon Main Road","26.16956851835252","91.82905298488888","0.1495394076483893","55.20538775126139","0.9755592490661812","14","2.399","11.76","30.98","59.55"
"","","","","","","","","","way/1135638796","secondary","Satgaon Main Road","26.16883465","91.829511","0.037069895778849","54.89918263753256","1.017548760560058","14","2.48","11.76","30.98","59.55"
"","","","","","","","","","way/1135643962","tertiary","null","26.149141651426905","91.69714623715326","0.3295352022838562","56.022223154703774","2.4575282771520475","17","1.769","8.63","23.8","54.17"
"","","","","","","","","","way/1135659899","trunk_link","null","26.104320775451207","91.51390473491612","0.0820156215677643","49.15171051025391","0.1386715249523619","0","17.434","2.51","13.98","55.68"
"","","","","","","","","","way/1135659900","trunk_link","null","26.10418904709508","91.51428222202546","0.0462341822581698","50.65682601928711","11.198134037205651","0","17.404","2.51","13.98","55.68"
"","","","","","","","","","way/1135659901","secondary","null","26.10452455","91.51465215","0.0563190677024242","47.78911209106445","2.3987171488558667","0","17.356","2.51","13.98","55.68"
"","","","","","","","","","way/1135659902","secondary","null","26.10427733137779","91.51417691059086","0.0562977802564694","50.586856842041016","9.520289062332912","0","17.41","2.51","13.98","55.68"
"","","","","","","","","","way/1135659903","secondary","null","26.1046805","91.51509135","0.0381552352344734","47.08456548055013","1.946832318530511","0","17.309","2.51","13.98","55.68"
"","","","","","","","","","way/1135659904","secondary","null","26.10431532916188","91.51411860329716","0.0622963904849127","50.25252723693848","8.41355708248446","0","17.414","2.51","13.98","55.68"
"","","","","","","","","","way/1135663704","tertiary","null","26.15754623501768","91.67127847654392","0.0573749825930447","53.25907262166341","3.0338637541774696","8","0.805","8.54","23.7","54.46"
"","","","","","","","","","way/1135663710","tertiary","null","26.08384050173776","91.577331494822","0.1881264113335479","52.9341835975647","2.854380816357892","0","12.901","5.36","18.38","55.98"
"","","","","","","","","","way/1135670522","secondary","Bhangagarh Flyover Ramp","26.1632704","91.7676737","0.0105620229488593","54.18739700317383","8.08984905918422","38","1.142","12.03","31.71","62.66"
"","","","","","","","","","way/1135670523","secondary","B. Baruah Road","26.17513895","91.7574997","0.0189959564504129","56.75868225097656","7.385505011217354","42","0.426","12.03","31.71","62.66"
"","","","","","","","","","way/1135672923","secondary","Ganeshguri Flyover","26.15330375","91.7839715","0.0055935391436044","53.325477600097656","0.0","33","0.685","12.03","31.71","62.66"
"","","","","","","","","","way/1135672924","secondary","Ganeshguri Flyover","26.15343395","91.7839596","0.0235306159596463","53.07132530212402","1.2375017841465492","33","0.684","12.03","31.71","62.66"
"","","","","","","","","","way/1135672925","secondary","Ganeshguri Flyover","26.15342245","91.78390265","0.0241970745325694","53.07132530212402","1.2034275121306524","33","0.678","12.03","31.71","62.66"
"","","","","","","","","","way/1135684882","tertiary","null","26.110840612493057","91.79761706228769","0.2649713044239334","62.26575927734375","1.6118476093182652","4","4.829","9.51","26.9","56.37"
"","","","","","","","","","way/1135684883","tertiary","null","26.11084384294944","91.79767280366607","0.2675428414486296","62.174631118774414","0.7425630783805476","4","4.824","9.51","26.9","56.37"
"","","","","","","","","","way/1135684884","tertiary","NH37","26.111620918546222","91.79468191402384","0.6165402507761115","61.76078501614657","1.6940218103000082","5","4.732","9.51","26.9","56.37"
"","","","","","","","","","way/1135704871","trunk","null","26.185633751232523","91.67122635963764","0.5021101094288145","55.27276929219564","1.5904047982382343","8","3.171","8.54","23.7","54.46"
"","","","","","","","","","way/1135704872","trunk","null","26.19078723419928","91.67020394196028","0.1681060601745636","51.14950398036412","1.6482987970267666","6","2.942","8.54","23.7","54.46"
"","","","","","","","","","way/1135713424","tertiary","null","26.195052395722804","91.79933811433362","0.6136335686313619","71.20956767689098","3.012777213688491","24","0.574","12.03","31.71","62.66"
"","","","","","","","","","way/1135713425","tertiary_link","null","26.1962545","91.7994106","0.0066779301237789","74.47402954101562","0.0","24","0.666","12.03","31.71","62.66"
"","","","","","","","","","way/1135713426","tertiary","null","26.19996718434232","91.79898381818172","0.5148256345878586","82.05126471268504","7.556837224723367","22","1.039","12.03","31.71","62.66"
"","","","","","","","","","way/1135713427","tertiary","null","26.19505176697289","91.7994172809179","0.6119761290183805","71.3585818897594","3.1152885969312223","24","0.568","12.03","31.71","62.66"
"","","","","","","","","","way/1135727015","trunk","null","26.114923250470422","91.72298819670011","0.558261846676448","51.65826969146728","1.1374213760554663","15","0.948","10.28","27.84","58.21"
"","","","","","","","","","way/1135727016","trunk","null","26.11557971690974","91.71991659684998","0.0729367936487321","51.1805305480957","1.2922475647666216","15","0.703","10.28","27.84","58.21"
"","","","","","","","","","way/1135727017","trunk_link","null","26.1136582","91.7300937","0.0216772345676614","51.08365058898926","0.0941626815454806","13","1.278","10.28","27.84","58.21"
"","","","","","","","","","way/1136955005","primary","null","26.1588351","91.6886864","0.0339505154280028","52.33704503377279","0.4234980562541282","14","1.038","8.54","23.7","54.46"
"","","","","","","","","","way/1137202314","tertiary","null","26.277456795990453","91.78928203969626","7.25878692751159","46.266492207845054","1.0681275985522125","0","8.102","18.26","40.93","65.1"
"","","","","","","","","","way/1137494323","tertiary","null","26.2902610391317","91.64830859050778","1.3498716807606643","52.7282890651537","2.655134063340927","0","7.362","11.87","27.13","49.28"
"","","","","","","","","","way/1137494324","tertiary","null","26.28914665","91.654849","0.0250128051739728","48.08642387390137","3.940481952393261","0","6.743","16.9","38.41","65.33"
"","","","","","","","","","way/1137494329","tertiary","null","26.26655177067468","91.6709310675204","1.7097515475902123","51.06384329960264","2.286904777011491","2","4.216","16.9","38.41","65.33"
"","","","","","","","","","way/1137494330","tertiary","null","26.26746758250972","91.66139985162462","0.2991024748464521","50.4460712779652","1.854221128650068","0","5.16","16.9","38.41","65.33"
"","","","","","","","","","way/1137494331","tertiary","null","26.26709975","91.66294915","0.0299238221191108","52.600528717041016","3.747586207882576","0","5.0","16.9","38.41","65.33"
"","","","","","","","","","way/1137497049","tertiary","null","26.27401193493618","91.64602678380945","1.1306950157721969","55.02020410391","3.816501389497367","0","6.832","11.87","27.13","49.28"
"","","","","","","","","","way/1137497050","tertiary","null","26.270869","91.6492533","0.0427992226251489","48.14703369140625","2.979700891343485","0","6.427","11.87","27.13","49.28"
"","","","","","","","","","way/1137545567","trunk_link","null","26.26160075","91.6955272","0.0125305008457503","50.87863540649414","0.0","2","1.712","16.9","38.41","65.33"
"","","","","","","","","","way/1138267124","tertiary","null","26.235594503503165","91.68716612415972","0.930780306572592","54.27318364923651","1.6739174963298993","4","1.056","14.55","34.52","63.51"
"","","","","","","","","","way/1138267125","tertiary","null","26.23528785","91.6826288","0.0230639796223688","53.45546340942383","3.35618573451256","4","1.31","14.55","34.52","63.51"
"","","","","","","","","","way/1138566511","tertiary","null","26.27538634621143","91.83161353006354","3.3735312701437707","53.507541275024415","1.1239550796686135","0","9.37","17.16","39.7","66.01"
"","","","","","","","","","way/1138566512","tertiary","null","26.2631844","91.82410145","0.0089118673322334","50.17836380004883","0.0","0","8.03","17.16","39.7","66.01"
"","","","","","","","","","way/1138573688","tertiary","null","26.29940335","91.6386696","0.099309323312543","60.82082443237304","8.826466326089914","0","8.717","11.87","27.13","49.28"
"","","","","","","","","","way/1138573689","tertiary","null","26.2992682","91.63771715","0.0932836510582228","49.20684661865234","5.072215622525872","0","8.789","11.87","27.13","49.28"
"","","","","","","","","","way/1138626660","primary","Kajali Mayang Road","26.24524167358736","91.9769756381328","1.129142323917886","57.331910157815","3.859576065989315","2","1.271","21.8","48.8","75.86"
"","","","","","","","","","way/1138626661","primary","Kajali Mayang Road","26.24314925","91.98157475","0.0081700265448165","52.63970947265625","0.0","2","1.767","21.8","48.8","75.86"
"","","","","","","","","","way/1138647251","tertiary","null","26.295607609131665","91.8261572912006","1.794797707713929","55.02450726826986","6.835941251804549","0","11.621","17.16","39.7","66.01"
"","","","","","","","","","way/1138647252","tertiary","null","26.28892455","91.83037765","0.0389928393467182","51.78637440999349","1.6586301079911636","0","10.874","17.16","39.7","66.01"
"","","","","","","","","","way/1138655104","secondary","null","26.1574699163929","91.94975533030384","4.385375641113365","70.6147108078003","1.4147165491646527","3","1.12","21.51","47.33","73.06"
"","","","","","","","","","way/1138655105","secondary","null","26.16108195","91.9353207","0.0134033900230595","111.17234802246094","0.0","3","0.592","21.51","47.33","73.06"
"","","","","","","","","","way/1138665289","tertiary","null","26.130692340348027","91.54912245479676","0.6304525091643349","52.13249140200408","2.414308476516011","0","13.253","2.51","13.98","55.68"
"","","","","","","","","","way/1138669127","tertiary","null","26.28805975","91.5888746","0.0326639365294554","51.99718348185221","4.4239370563235045","0","12.327","9.02","22.09","42.37"
"","","","","","","","","","way/1138669128","tertiary","null","26.2888378","91.5891662","0.1493247079219866","48.08182843526205","4.793612304498161","0","12.351","9.02","22.09","42.37"
"","","","","","","","","","way/1138672177","tertiary","null","26.13546326076168","91.56037423245688","0.1414238844848651","51.44753392537435","1.233093169507658","0","12.048","4.65","16.45","51.74"
"","","","","","","","","","way/1138687245","tertiary","null","26.29372065334124","91.84655176318358","6.27843469348776","35.07038027445476","1.1465921399408958","0","11.531","17.16","39.7","66.01"
"","","","","","","","","","way/1138688164","tertiary","null","26.15954624171985","91.9541113025724","0.2072632405768922","61.48256206512451","1.2965777391695057","3","1.584","12.95","31.14","54.03"
"","","","","","","","","","way/1138688165","tertiary","null","26.1605052","91.95436535","0.0104441489214953","62.39059829711914","0.0","3","1.634","12.95","31.14","54.03"
"","","","","","","","","","way/1138688166","tertiary","null","26.16294607798101","91.95769072658489","0.932137264475748","62.95174130526456","2.323148247199056","3","2.033","12.95","31.14","54.03"
"","","","","","","","","","way/1138688167","tertiary","null","26.1662847","91.96048525","0.0120748273630052","60.5851936340332","2.7057466984956173","3","2.436","12.95","31.14","54.03"
"","","","","","","","","","way/1138688168","tertiary","null","26.167222868989903","91.96124003956992","0.2406799514754186","60.1718074798584","0.7048945522122019","3","2.55","12.95","31.14","54.03"
"","","","","","","","","","way/1138688169","tertiary","null","26.16781255","91.96229045","0.0161236461250407","61.04399108886719","0.2536240325738131","3","2.673","12.95","31.14","54.03"
"","","","","","","","","","way/1139102828","secondary","null","26.14965915367314","91.97087912828776","0.6041187466422433","56.17084139043634","2.1520400585358024","1","3.316","8.76","22.36","42.07"
"","","","","","","","","","way/1139102829","secondary","null","26.15182235","91.96902795","0.0099991697519699","55.29040336608887","6.886001871434408","1","3.086","12.95","31.14","54.03"
"","","","","","","","","","way/1139107222","tertiary","null","26.29278075671896","91.54517789910012","2.192002495119293","45.929738744099936","2.868443767963455","0","16.375","4.07","13.14","31.75"
"","","","","","","","","","way/1139112798","tertiary","Kamarpur Bhaktagaon Road","26.22046153303089","92.1013857393214","1.3574462778978915","53.29315907904442","1.1486254163182386","0","9.72","12.68","31.92","56.51"
"","","","","","","","","","way/1139112799","tertiary","Kamarpur Bhaktagaon Road","26.21431735","92.1017794","0.0166523620376902","50.280080795288086","1.8559797341464075","0","9.234","12.68","31.92","56.51"
"","","","","","","","","","way/1139112800","tertiary","Kamarpur Bhaktagaon Road","26.213275762609992","92.10136682339429","0.2349353402097915","51.0984976026747","1.282147118648397","0","9.122","12.68","31.92","56.51"
"","","","","","","","","","way/1139112801","tertiary","Kamarpur Bhaktagaon Road","26.21204795","92.10080205","0.0709437039420175","51.34981632232666","4.433530954287618","0","8.984","12.68","31.92","56.51"
"","","","","","","","","","way/1139115768","tertiary","null","26.250918083865468","92.08475081779709","0.7822922754918356","50.65522057669504","0.7606039939742","0","11.761","17.49","40.44","64.51"
"","","","","","","","","","way/1139115769","tertiary","null","26.25274165","92.08819535","0.0112654268589033","50.90996551513672","5.119731260833024","0","12.084","17.49","40.44","64.51"
"","","","","","","","","","way/1139115770","tertiary","null","26.255377209353867","92.09315899616732","0.2948759436236119","50.537724234841086","0.7405850551119787","0","12.558","17.49","40.44","64.51"
"","","","","","","","","","way/1139115771","tertiary","null","26.2546608","92.09182505","0.0152327204148296","49.66951560974121","1.3808721285903762","0","12.429","17.49","40.44","64.51"
"","","","","","","","","","way/1139117559","tertiary","null","26.23185185","91.93680785","0.0363048804072216","57.80904006958008","7.822284824202423","2","1.141","23.44","51.5","79.48"
"","","","","","","","","","way/1139117560","tertiary","null","26.233133979664768","91.9372186582654","0.1516290693727683","56.12503869192941","2.034817052196132","2","1.026","23.44","51.5","79.48"
"","","","","","","","","","way/1139129310","tertiary","null","26.195852024379896","91.981908848973","3.488269402963869","65.25007934570313","4.702305703968928","0","5.903","12.95","31.14","54.03"
"","","","","","","","","","way/1139129311","tertiary","null","26.2007526","91.97157115","0.0169344600854231","52.57285118103027","2.2429344557993725","1","4.868","21.8","48.8","75.86"
"","","","","","","","","","way/1140684457","tertiary","null","26.266544885426256","92.14023420224974","0.2830606001700341","51.704682783647016","2.4364067137737524","0","16.139","17.18","39.7","63.15"
"","","","","","","","","","way/1140684458","tertiary","null","26.268054081697493","92.13930073237997","0.0308759033890952","51.90234883626302","0.566216416866212","0","16.212","17.18","39.7","63.15"
"","","","","","","","","","way/1140684459","tertiary","null","26.2678347","92.13952675","0.0354721984492029","51.34455744425456","3.080116586553772","0","16.207","17.18","39.7","63.15"
"","","","","","","","","","way/1140705687","tertiary","null","26.17030515","91.5376477","0.0319127586273252","50.70989481608073","0.9041946810682866","0","14.204","2.98","15.87","56.53"
"","","","","","","","","","way/1140709809","tertiary","Kamarpur Bhaktagaon Road","26.20301776555868","92.10027374969566","1.955618113636292","53.11542510986328","2.5885469378678527","0","8.247","12.68","31.92","56.51"
"","","","","","","","","","way/1140709810","tertiary","Kamarpur Bhaktagaon Road","26.19401895","92.0828674","0.0062505507551745","52.04640769958496","0.4218751086999528","0","6.299","10.5","27.6","51.72"
"","","","","","","","","","way/1140709811","tertiary","Kamarpur Bhaktagaon Road","26.19721580767332","92.07509331131229","1.6945970932240124","56.25148437763082","2.2109060106839564","0","6.063","10.5","27.6","51.72"
"","","","","","","","","","way/1140714886","trunk_link","null","26.12111185","91.9403818","0.0119461892426421","61.13813781738281","0.0","4","1.329","18.13","40.09","62.27"
"","","","","","","","","","way/1140714887","trunk_link","null","26.12218755","91.92929225","0.012342998998056","65.14262390136719","0.0","4","1.737","18.13","40.09","62.27"
"","","","","","","","","","way/1140718397","tertiary","null","26.215888831483657","91.4978890387172","1.7414156925126438","11.096296628316244","1.379354253788011","0","19.118","3.2","21.28","71.77"
"","","","","","","","","","way/1140719455","trunk_link","null","26.1215172086468","91.93744186221396","0.0691774724353805","62.1845121383667","0.4621449695042135","4","1.376","18.13","40.09","62.27"
"","","","","","","","","","way/1140719456","trunk_link","null","26.121172363248192","91.93821939236608","0.0704109597914707","60.36012363433838","0.3350918305027572","4","1.331","18.13","40.09","62.27"
"","","","","","","","","","way/1140719457","trunk_link","null","26.121444629779305","91.9380971415592","0.0395995788648429","61.57314046223959","0.7238700737897352","4","1.362","18.13","40.09","62.27"
"","","","","","","","","","way/1140719458","trunk_link","null","26.12150385","91.9378471","0.0123186283951037","61.86547088623047","0.0","4","1.371","18.13","40.09","62.27"
"","","","","","","","","","way/1140719459","trunk_link","null","26.12125359792552","91.93751571365917","0.0486294627042383","61.70409901936849","2.269303385692809","4","1.346","18.13","40.09","62.27"
"","","","","","","","","","way/1140719460","trunk","NH37","26.118087708874768","91.95853632865344","4.232805979019727","57.99748477935791","0.459092869118224","2","2.186","8.76","22.36","42.07"
"","","","","","","","","","way/1140719461","trunk","NH37","26.12129955","91.9378207","0.0124960900607926","61.86547088623047","0.0","4","1.348","18.13","40.09","62.27"
"","","","","","","","","","way/1140719462","trunk","NH37","26.118184543875444","91.95866658764344","4.256917534076631","58.28942985534668","0.6352108897494892","2","2.202","8.76","22.36","42.07"
"","","","","","","","","","way/1140719463","trunk","NH37","26.12141","91.9378348","0.0123336693038519","61.86547088623047","0.0","4","1.36","18.13","40.09","62.27"
"","","","","","","","","","way/1140719945","trunk_link","null","26.1211853","91.9378081","0.0121955420770779","60.50426483154297","0.0","4","1.336","18.13","40.09","62.27"
"","","","","","","","","","way/1140764373","tertiary","null","26.2694304","91.65264215","0.0205510635838818","48.296464920043945","1.5757385804276174","0","6.06","16.9","38.41","65.33"
"","","","","","","","","","way/1140764374","tertiary","null","26.269287850045263","91.65181131033528","0.1483833448454877","51.04282887776693","3.0445792051364964","0","6.137","16.9","38.41","65.33"
"","","","","","","","","","way/1140764375","tertiary","null","26.269162","91.6509523","0.025571524518092","51.22639083862305","1.620381694760914","0","6.217","16.9","38.41","65.33"
"","","","","","","","","","way/1140764376","tertiary","null","26.26965168114521","91.6497926352828","0.2467202043312999","51.98223304748535","2.0358457525563143","0","6.336","11.87","27.13","49.28"
"","","","","","","","","","way/1140794599","tertiary","Kamarpur Bhaktagaon Road","26.193365952884","92.08992648330133","1.532582614977969","53.990178881951095","2.656107106380788","0","6.763","10.5","27.6","51.72"
"","","","","","","","","","way/1140794600","tertiary","Kamarpur Bhaktagaon Road","26.1955662","92.096896","0.02358182394533","53.22441291809082","2.9091966930184414","0","7.454","10.5","27.6","51.72"
"","","","","","","","","","way/1140799881","tertiary","null","26.249393380672817","91.51249341524704","2.603906732670429","49.130812327067055","1.9069098304558365","0","18.096","4.0","16.02","46.12"
"","","","","","","","","","way/1140799883","tertiary","null","26.24478752683805","91.52255240791082","0.1949017677662098","50.03928756713867","1.5187807093345924","0","17.037","4.0","16.02","46.12"
"","","","","","","","","","way/1140799884","tertiary","null","26.24387845","91.5220713","0.0301754005008896","46.82721837361654","2.2398998951042883","0","17.073","4.0","16.02","46.12"
"","","","","","","","","","way/1140799885","tertiary","null","26.23295526694149","91.50183011383244","0.5187947591708283","44.70596574482165","7.233062501235445","0","18.876","4.0","16.02","46.12"
"","","","","","","","","","way/1140799886","tertiary","null","26.23413765","91.50426765","0.0309287414271413","45.66911697387695","0.4436442147708929","0","18.653","4.0","16.02","46.12"
"","","","","","","","","","way/1140831183","tertiary","null","26.121531989522943","91.53184990289404","3.391062527916636","50.51319726308187","1.4357516829788175","0","15.165","2.51","13.98","55.68"
"","","","","","","","","","way/1140854313","tertiary","null","26.11028551233884","91.51155526110622","0.0876081827261384","53.56252193450928","1.9479394039763585","0","17.454","2.51","13.98","55.68"
"","","","","","","","","","way/1140854314","tertiary","null","26.10979455","91.511442","0.0235293316214585","49.90883445739746","8.586210757876406","0","17.48","2.51","13.98","55.68"
"","","","","","","","","","way/1140908110","tertiary","null","26.261926900249968","91.50687920165728","2.104160654829969","42.67468967437744","2.732464152446896","0","18.885","4.07","13.14","31.75"
"","","","","","","","","","way/1141042992","tertiary","null","26.2924418","91.7129696","0.0183587098676822","50.64564514160156","3.989816248575344","1","4.039","18.29","42.96","74.53"
"","","","","","","","","","way/1141042993","tertiary","null","26.29254175","91.71269065","0.0416040549758187","50.31567509969076","1.281042095715174","1","4.049","18.29","42.96","74.53"
"","","","","","","","","","way/1141059599","tertiary","null","26.27870495","91.52182635","0.0348324883500957","46.06692632039388","0.4164714442973456","0","17.932","4.07","13.14","31.75"
"","","","","","","","","","way/1141059600","tertiary","null","26.278691504078413","91.52099783517606","0.1312780486806153","48.42244084676107","2.5124303524505747","0","18.01","4.07","13.14","31.75"
"","","","","","","","","","way/1141065212","tertiary","null","26.289246976437383","91.69334796324956","0.6775273301925518","51.39331213633219","2.597629876347446","1","4.106","16.9","38.41","65.33"
"","","","","","","","","","way/1141065213","tertiary","null","26.2923269","91.69234175","0.0368299097606745","49.42756907145182","4.066859878325015","1","4.458","16.9","38.41","65.33"
"","","","","","","","","","way/1141068041","tertiary","null","26.11275762393916","91.9666591494734","0.8505274113679877","57.42026240030925","1.451048164980387","2","2.79","8.76","22.36","42.07"
"","","","","","","","","","way/1141851188","tertiary","null","26.26457555","91.52814175","0.0166946976923454","49.83075714111328","7.773984999756053","0","16.884","4.07","13.14","31.75"
"","","","","","","","","","way/1141851189","tertiary","null","26.26429879218376","91.52004570373155","1.7195426995894791","53.02175683490301","3.2491600076304783","0","17.661","4.07","13.14","31.75"
"","","","","","","","","","way/1141857183","tertiary","null","26.2567104","91.53526495","0.1148631070718278","48.11994857788086","7.277239662018581","0","15.995","4.07","13.14","31.75"
"","","","","","","","","","way/1141857184","tertiary","null","26.255835","91.53505095","0.0837697884458817","52.92560005187988","1.7802735235644178","0","15.997","4.07","13.14","31.75"
"","","","","","","","","","way/1141857185","tertiary","null","26.25738228001809","91.53557817056306","0.0526891696982826","51.72789764404297","0.8863429245486959","0","15.98","4.07","13.14","31.75"
"","","","","","","","","","way/1141885206","tertiary","null","26.28906605","91.5217558","0.0319754975147179","45.467028299967446","0.3539680429929346","0","18.338","4.07","13.14","31.75"
"","","","","","","","","","way/1141885207","tertiary","null","26.29502122855721","91.52312826544232","1.3598761716755194","44.84050020258477","3.3783585561885143","0","18.471","4.07","13.14","31.75"
"","","","","","","","","","way/1141885755","trunk","null","26.11886632546585","91.99550036520692","1.7750102994905317","56.51895014444987","1.2954196000281797","2","4.769","8.76","22.36","42.07"
"","","","","","","","","","way/1141885756","trunk","null","26.1213457","92.00372665","0.0163934380995505","55.32305717468262","3.386925880635045","2","4.246","2.67","11.21","30.12"
"","","","","","","","","","way/1141885757","trunk","NH37","26.11873877926903","91.99553927184976","1.7857052099453938","57.25771643320719","1.830082809260997","2","4.756","8.76","22.36","42.07"
"","","","","","","","","","way/1141885758","trunk","NH37","26.1212144","92.0038318","0.0177120383827182","59.23348426818848","21.14546287374732","2","4.229","2.67","11.21","30.12"
"","","","","","","","","","way/1142036316","tertiary","null","26.290526117343205","91.76556051034886","0.0856047835181108","53.54644775390625","4.044056436642203","0","6.602","18.26","40.93","65.1"
"","","","","","","","","","way/1142036317","tertiary","null","26.29011265","91.7656105","0.0068121612650185","51.81805229187012","1.0513933772409034","0","6.58","18.26","40.93","65.1"
"","","","","","","","","","way/1142104187","tertiary","null","26.223970340195525","91.49894454930092","0.4016834459383283","13.084286499023438","4.38693667612503","0","19.06","3.2","21.28","71.77"
"","","","","","","","","","way/1142114093","tertiary","null","26.305397646999182","91.6246668302995","3.947418412283733","3.445466423034668","0.7566464323334051","0","10.252","23.01","49.75","79.05"
"","","","","","","","","","way/1142114729","primary","null","26.21552601681695","91.5431538329893","0.2544453614276525","49.09020652770996","2.846102047249021","0","14.603","4.0","16.02","46.12"
"","","","","","","","","","way/1142114730","primary","null","26.21436965","91.5432437","0.0025263729670476","46.71491622924805","0.0","0","14.59","4.0","16.02","46.12"
"","","","","","","","","","way/1142114917","trunk","null","26.11473868363603","92.07645853301317","0.5433551417027223","60.324211311340335","0.7619987242186598","3","1.484","5.11","16.88","38.75"
"","","","","","","","","","way/1142114918","trunk","NH37","26.1146282969144","92.07641797198944","0.5418143561310781","60.17133274078369","0.8427020514654947","3","1.486","5.11","16.88","38.75"
"","","","","","","","","","way/1142114919","trunk","NH37","26.11378113564569","92.08236295003891","0.6763832050925616","60.07483498255412","0.8304638347404932","3","0.886","5.11","16.88","38.75"
"","","","","","","","","","way/1142114920","trunk","null","26.113880766140387","92.08236663139915","0.6678154290231068","60.00670274098714","1.0290582127896586","3","0.888","5.11","16.88","38.75"
"","","","","","","","","","way/1142424180","secondary","null","26.18673662880593","91.70628283388798","0.9218328209529488","52.9018349647522","1.281184617187206","17","2.009","10.46","28.15","58.66"
"","","","","","","","","","way/1142424181","secondary","null","26.18528725","91.7017915","0.0298741357385581","52.882375717163086","1.8433537034249563","17","1.712","10.46","28.15","58.66"
"","","","","","","","","","way/1144568726","tertiary","null","26.286368984343955","91.6052874351539","1.0533100215463809","56.86883060352223","3.364382971709737","0","10.881","11.87","27.13","49.28"
"","","","","","","","","","way/1144580651","secondary","null","26.29809145","91.6655435","0.0236996047939841","48.38505172729492","0.0","0","6.545","16.9","38.41","65.33"
"","","","","","","","","","way/1144580652","secondary","null","26.296401225593552","91.66607853371411","0.366298384473175","49.56476320539202","2.081646473870068","0","6.374","16.9","38.41","65.33"
"","","","","","","","","","way/1144580653","secondary","null","26.2947012","91.6665081","0.020525986262845","48.7460823059082","0.0","0","6.212","16.9","38.41","65.33"
"","","","","","","","","","way/1144580654","secondary","null","26.300402761235688","91.66453310908716","0.5279789259143706","20.425296783447266","3.5647315003416065","0","6.799","20.64","46.01","75.37"
"","","","","","","","","","way/1144654341","tertiary","null","26.133309523951844","91.55450004066164","0.5921269329780583","53.010158357166105","2.18062628273361","0","12.669","4.65","16.45","51.74"
"","","","","","","","","","way/1144654342","tertiary","null","26.13531707171145","91.55863551335456","0.3491416275610567","52.12884726891151","2.761157397890312","0","12.221","4.65","16.45","51.74"
"","","","","","","","","","way/1144654344","tertiary","null","26.11450332489081","91.51669483130274","0.3427233866640497","53.21873767559345","2.3314693116538097","0","16.83","2.51","13.98","55.68"
"","","","","","","","","","way/1144660988","tertiary","null","26.23215939038301","91.93697862421632","0.0435729907762387","55.84122975667318","8.097627597218684","2","1.107","23.44","51.5","79.48"
"","","","","","","","","","way/1144660989","tertiary","null","26.23238095","91.9371246","0.0160374251790604","54.66098403930664","2.858248833757669","2","1.081","23.44","51.5","79.48"
"","","","","","","","","","way/1144676563","secondary","null","26.11507536476593","91.52803984674308","3.513828192752696","50.529440561930336","1.8278687279997303","0","15.724","2.51","13.98","55.68"
"","","","","","","","","","way/1144677163","secondary","null","26.12076","91.5420312","0.0388971034028408","53.14976501464844","0.7954914532856533","0","14.206","2.51","13.98","55.68"
"","","","","","","","","","way/1144942346","primary","null","26.170228090183027","91.7475340508488","0.3642144453115451","55.12633541652134","3.9829932168849687","42","1.535","10.46","28.15","58.66"
"","","","","","","","","","way/1144942347","primary","null","26.1717537","91.7482954","0.0075633505119115","55.52017211914063","0.0","42","1.406","10.46","28.15","58.66"
"","","","","","","","","","way/1144942348","primary","null","26.170318621045425","91.74740047264028","0.3755652875138151","54.30246843610491","3.9402119408477865","42","1.544","10.46","28.15","58.66"
"","","","","","","","","","way/1154031784","tertiary","NH37","26.11136008171338","91.75389085215193","0.8468636570323762","56.643440373738606","0.9979301932677526","10","1.242","9.51","26.9","56.37"
"","","","","","","","","","way/1156261167","tertiary","null","26.12076377480764","91.69104957581712","1.1586416273554858","51.89625158309936","1.4012821271748677","7","2.53","8.63","23.8","54.17"
"","","","","","","","","","way/1180151100","secondary","null","26.1143163285536","91.70867656117858","0.3686410394024645","53.32687023707798","1.198188910110376","11","1.075","10.28","27.84","58.21"
"","","","","","","","","","way/1180151217","tertiary","null","26.115933494758583","91.7190953429245","0.0249332942887903","52.13985443115234","5.936944611771502","15","0.63","10.28","27.84","58.21"
"","","","","","","","","","way/1180151218","tertiary","null","26.11566385756584","91.71819718370352","0.1284754459775182","51.8774782816569","1.9341364674674784","14","0.626","10.28","27.84","58.21"
"","","","","","","","","","way/1180151506","secondary","null","26.15937785761711","91.739982089692","0.2860448749632692","53.396610260009766","2.5890789504203","37","1.213","10.46","28.15","58.66"
"","","","","","","","","","way/1180151507","tertiary","null","26.147598822863745","91.73850843759196","0.462402302540825","53.09928063785328","2.114018443916852","33","0.415","10.28","27.84","58.21"
"","","","","","","","","","way/1189277617","tertiary","null","26.03475125092393","91.55962242534127","3.865534850043594","52.66351102193197","0.9981015443810616","0","17.951","6.77","22.16","64.5"
"","","","","","","","","","way/1190512285","secondary","Garchuk Pamohi Road","26.102783909616527","91.68492992969205","4.55266212990869","54.6918078104655","1.4906650821098957","1","3.741","8.63","23.8","54.17"
"","","","","","","","","","way/1190512286","secondary","Garchuk Pamohi Road","26.1091943","91.6644479","0.0091083389807144","50.78794097900391","0.0","0","5.344","8.63","23.8","54.17"
"","","","","","","","","","way/1190808120","tertiary","null","26.11552305834288","91.718910566201","0.0236975845777607","51.26845932006836","0.0","14","0.665","10.28","27.84","58.21"
"","","","","","","","","","way/1193729434","primary","G.S. Road","26.167340992500097","91.76593839333536","0.1648430931040763","54.49715968540737","2.4637579768446063","38","0.999","12.03","31.71","62.66"
"","","","","","","","","","way/1199467421","primary","null","26.18343482796956","91.74561504548856","0.0744774907695496","57.122196197509766","3.780405052535455","38","1.632","10.46","28.15","58.66"
"","","","","","","","","","way/1200772287","tertiary","null","26.180808555892217","91.73995937717152","0.2596784784323938","61.925197982788085","4.96618748844514","37","2.105","10.46","28.15","58.66"
"","","","","","","","","","way/1204084579","trunk","null","26.11190568071358","91.74023160065272","0.349744583418938","55.91133469801683","2.2674968860443694","13","0.365","10.28","27.84","58.21"
"","","","","","","","","","way/1204084580","trunk","null","26.111628332993053","91.74547038810384","0.6984501854445186","56.390180053710935","0.931524069622426","13","0.478","10.28","27.84","58.21"
"","","","","","","","","","way/1204084581","trunk","null","26.111492012481456","91.75214514037896","0.4371223030977295","57.22408509254456","1.508143958145688","14","1.077","9.51","26.9","56.37"
"","","","","","","","","","way/1204084582","trunk","null","26.111591869511685","91.75425435862462","0.8627493646320797","57.61099510192871","1.2907422069054308","10","1.283","9.51","26.9","56.37"
"","","","","","","","","","way/1209648724","primary","Mahapurush Srimanta Sankardeva Path","26.14326321170639","91.79337571046608","0.3920113478468641","55.56002298990885","2.537302567267154","20","1.227","9.51","26.9","56.37"
"","","","","","","","","","way/1210473142","primary","null","26.18587605","91.75046815","0.0096299599589975","56.403297424316406","0.0","36","1.351","12.03","31.71","62.66"
"","","","","","","","","","way/1210473143","primary","Dighalipukhuri Road","26.18585785","91.7505141","0.0072799469459789","56.403297424316406","0.0","36","1.346","12.03","31.71","62.66"
"","","","","","","","","","way/1211521032","secondary","Beltola Road","26.13713905351782","91.79117000635378","0.1319037667551562","55.74147097269694","2.083692574197668","13","1.911","9.51","26.9","56.37"
"","","","","","","","","","way/1211537585","secondary","Lokhra Road","26.11177165","91.7494851","0.0235931108252986","59.33812713623047","5.844850171113874","14","0.835","10.28","27.84","58.21"
"","","","","","","","","","way/1211537586","secondary","null","26.11151985","91.74962835","0.0123757657716621","58.31575012207031","1.0973085825451157","14","0.838","10.28","27.84","58.21"
"","","","","","","","","","way/1214448839","trunk_link","null","26.11398505","91.72755775","0.0102299929382908","51.22330665588379","4.211793190605839","13","1.364","10.28","27.84","58.21"
"","","","","","","","","","way/1216161241","trunk","null","26.111473638572505","91.79023867403356","0.2061178722184483","60.98464488983154","0.9885216794749752","7","4.55","9.51","26.9","56.37"
"","","","","","","","","","way/1218448726","secondary","Guwahati Medical College Road","26.1626968","91.7673744","0.0299471337996315","53.40780258178711","1.8906928551402096","38","1.108","12.03","31.71","62.66"
"","","","","","","","","","way/1224696303","primary","ACCOLAND ROAD","26.081216417360025","91.61170758888495","0.0525869933665427","51.92619323730469","0.3526319747798805","0","10.643","7.4","20.66","51.24"
"","","","","","","","","","way/1225015801","tertiary","M C ROAD","26.19168640900861","91.75684140856228","0.1594958192922983","57.93301500592913","1.4235548317349709","27","0.741","12.03","31.71","62.66"
"","","","","","","","","","way/1234807535","tertiary","null","26.1116798","91.7889631","0.1304396875138702","60.868225733439125","1.1894522861884531","7","4.426","9.51","26.9","56.37"
"","","","","","","","","","way/1238593177","primary","null","26.18917653595642","91.74581041035782","0.8635331472512775","62.7957763671875","5.270589989595657","34","1.873","10.46","28.15","58.66"
"","","","","","","","","","way/1244284016","tertiary","NH37","26.111249058165303","91.79001615176524","0.1328143804154266","60.387657165527344","0.8327644615955176","7","4.541","9.51","26.9","56.37"
"","","","","","","","","","way/1246237801","tertiary","null","26.11332989278122","91.73224290844088","0.4419044171823095","51.623393535614014","0.8818954022606423","13","1.069","10.28","27.84","58.21"
"","","","","","","","","","way/1254970067","secondary","null","26.22218964016741","91.63321114670258","1.7020513800104426","52.11996933509563","1.254213497276362","0","5.75","11.06","26.29","51.91"
"","","","","","","","","","way/1254970073","tertiary","null","26.288042725139764","91.62440545596463","3.701520336666944","54.2062006632487","1.8247436213620656","0","9.388","11.87","27.13","49.28"
"","","","","","","","","","way/1254970074","tertiary","null","26.251863677943355","91.60373647283474","1.2573999533993472","51.40681333320085","4.199538749328061","0","9.242","11.87","27.13","49.28"
"","","","","","","","","","way/1254970083","tertiary","null","26.28300065","91.6673717","0.0593515229583039","52.61722056070963","6.912947911489656","0","5.325","16.9","38.41","65.33"
"","","","","","","","","","way/1254970084","secondary","null","26.253919377420303","91.66134204598224","0.2962091019457617","52.36454460837624","3.547988769450682","1","4.276","16.9","38.41","65.33"
"","","","","","","","","","way/1255710656","tertiary","null","26.30031286428217","92.14093159834282","1.1559902509087725","25.173684978485102","2.240336579509665","0","18.575","13.74","32.61","53.78"
"","","","","","","","","","way/1255710659","tertiary","null","26.303392238873496","92.1535929365815","2.0223330288097947","16.38648420969645","1.770536039118385","0","19.881","16.94","39.1","62.07"
"","","","","","","","","","way/1255710660","tertiary","null","26.29013918212956","92.17606277000462","0.7078207856697711","54.19928359985352","3.3288197935905104","0","20.455","18.99","43.26","67.47"
"","","","","","","","","","way/1257321454","tertiary","null","26.15835441749928","91.70484461777842","0.3326188850960417","60.05656169011043","2.57073315455176","19","0.524","10.46","28.15","58.66"
"","","","","","","","","","way/1258150362","trunk","null","26.11142301755434","91.75628217469578","0.3906837349757455","56.19456481933594","1.1908347298196704","10","1.478","9.51","26.9","56.37"
"","","","","","","","","","way/1258475234","tertiary","null","26.1593729","91.70059345","0.0138008979964832","62.90674209594727","0.0","19","0.664","10.46","28.15","58.66"
"","","","","","","","","","way/1266648458","tertiary_link","null","26.159962481557784","91.70550338093452","2.367389389375187","63.12323188781738","2.2252482246888383","19","0.337","10.46","28.15","58.66"
"","","","","","","","","","way/1266648607","tertiary","null","26.159839325896392","91.70556529799472","2.380070061460856","62.26939194997152","2.0967388444862416","19","0.35","10.46","28.15","58.66"
"","","","","","","","","","way/1266764608","tertiary","Kalaguru Bishnu Rabha Path / Hockey Stadium Rd","26.121184071792555","91.74945102964166","0.1665273579212891","53.70267650059292","1.4666078354349592","18","0.882","10.28","27.84","58.21"
"","","","","","","","","","way/1266764609","tertiary","Kalaguru Bishnu Rabha Path / Hockey Stadium Rd","26.12105035","91.7503176","0.009218532926876","52.34300231933594","0.0","17","0.904","9.51","26.9","56.37"
"","","","","","","","","","way/1266775599","primary_link","Mahapurush Srimanta Sankardeva Path","26.1326488152474","91.80678567676942","0.3341256258009297","59.08691435593825","3.764004443430668","6","2.789","8.9","26.14","54.58"
"","","","","","","","","","way/1266775600","secondary","null","26.13158865","91.8079549","0.0216133978155774","60.95596694946289","10.95719329834997","6","2.95","8.9","26.14","54.58"
"","","","","","","","","","way/1266775601","secondary","Panjabari Flyover","26.13169975","91.80830485","0.0168347827758376","62.10930252075195","0.0","6","2.958","8.9","26.14","54.58"
"","","","","","","","","","way/1266775602","secondary","Panjabari Flyover","26.13161272714298","91.8081177824496","0.0259157754261283","62.57875061035156","2.1020437491058224","6","2.956","8.9","26.14","54.58"
"","","","","","","","","","way/1266997776","tertiary","Embankment Rd","26.12388153909233","91.78308921269756","0.8126187691680521","56.686775865225954","1.2465277709106104","13","3.033","9.51","26.9","56.37"
"","","","","","","","","","way/1266997777","tertiary","Khanka Rd","26.12265138408001","91.77905561768844","0.4622426371675694","56.87447581571691","1.4286534416580174","14","3.071","9.51","26.9","56.37"
"","","","","","","","","","way/1266997778","tertiary","null","26.122819343492218","91.74894906233293","0.0979825528054575","51.815425872802734","2.808126088462947","18","0.7","10.28","27.84","58.21"
"","","","","","","","","","way/1266997779","tertiary","null","26.1227223","91.74946935","0.0090118938736394","51.423736572265625","0.0","18","0.711","10.28","27.84","58.21"
"","","","","","","","","","way/1266997780","tertiary","null","26.1229142","91.7870537","0.0090108503142396","58.3463077545166","9.26020787543767","12","3.272","9.51","26.9","56.37"
"","","","","","","","","","way/1266997782","tertiary","null","26.12042825","91.78873895","0.0119709338253101","59.10122489929199","6.355923193363617","9","3.593","9.51","26.9","56.37"
"","","","","","","","","","way/1266997783","tertiary","Khanka Rd","26.1248858","91.7792001","0.0263149758063195","55.48659133911133","1.995799081933119","14","2.829","9.51","26.9","56.37"
"","","","","","","","","","way/1266997784","tertiary","Khanka Rd","26.1247511","91.7791804","0.0037924733375186","55.94509506225586","0.0","14","2.844","9.51","26.9","56.37"
"","","","","","","","","","way/1267001373","secondary","Stadium Overbridge","26.18077005","91.75634555","0.0156018099097838","55.058815002441406","0.0","39","0.539","12.03","31.71","62.66"
"","","","","","","","","","way/1267009904","tertiary_link","null","26.1743998","91.75820885","0.0230429791633628","57.02364158630371","3.057297615094824","42","0.374","12.03","31.71","62.66"
"","","","","","","","","","way/1267009905","tertiary_link","null","26.17429905","91.75832805","0.0229088752724889","55.7431869506836","9.397831394176237","42","0.367","12.03","31.71","62.66"
"","","","","","","","","","way/1267016276","secondary","VIP Road","26.13698635544815","91.81116100318864","1.3417312609753402","56.06715724779212","1.888709509784375","6","2.667","8.9","26.14","54.58"
"","","","","","","","","","way/1267016629","tertiary","null","26.168701404334804","91.7463141317562","0.0451958289204748","53.24105072021485","2.238737754047312","41","1.504","10.46","28.15","58.66"
"","","","","","","","","","way/1267016630","primary","null","26.168636987712244","91.7466240400135","0.0582426542542505","53.06479644775391","4.28744945318615","41","1.479","10.46","28.15","58.66"
"","","","","","","","","","way/1267016631","secondary","null","26.16865933423368","91.74691688226758","0.0419410717847877","53.09674580891927","3.2311838455030366","41","1.463","10.46","28.15","58.66"
"","","","","","","","","","way/1267016632","tertiary","null","26.168753160597685","91.74631398806945","0.0442348125273342","54.72263463338216","13.066679048401312","41","1.509","10.46","28.15","58.66"
"","","","","","","","","","way/1267016633","secondary","null","26.1687210800119","91.74692808197226","0.0431092574102013","53.09674580891927","3.2211882393285385","41","1.468","10.46","28.15","58.66"
"","","","","","","","","","way/1267017648","primary","null","26.1684176","91.74641955","0.0182569359705769","53.35520553588867","1.9999889414154068","41","1.473","10.46","28.15","58.66"
"","","","","","","","","","way/1267017649","primary","null","26.165982498851623","91.746597716063","0.5091243096625195","52.28226979573568","1.684120842258586","41","1.263","10.46","28.15","58.66"
"","","","","","","","","","way/1267017650","primary","null","26.16857905","91.7466212","0.0132504016197234","52.14550018310547","0.0","41","1.475","10.46","28.15","58.66"
"","","","","","","","","","way/1267017651","primary","null","26.1684008","91.7465678","0.0276642220634506","52.13712310791016","0.0346997644519135","41","1.462","10.46","28.15","58.66"
"","","","","","","","","","way/1267017652","primary","null","26.166030829522985","91.746425423791","0.5116959902491063","52.22863528603002","1.3254833053321218","41","1.279","10.46","28.15","58.66"
"","","","","","","","","","way/1267017653","primary","null","26.16363758726479","91.7464587392344","0.0398436882283608","51.83487192789713","0.2913604002634155","41","1.112","10.46","28.15","58.66"
"","","","","","","","","","way/1267017654","secondary","null","26.16346618187934","91.74631262692522","0.0495674395283799","52.16020711263021","1.1096630234639957","41","1.114","10.46","28.15","58.66"
"","","","","","","","","","way/1267017655","secondary","null","26.163544525094142","91.74625930455028","0.0474581341420953","52.16507085164388","1.0602332272468094","41","1.123","10.46","28.15","58.66"
"","","","","","","","","","way/1267018328","primary","null","26.168310106851","91.74646047767654","0.8242384305789906","53.59984259769834","2.8632453143470924","41","1.461","10.46","28.15","58.66"
"","","","","","","","","","way/1267018329","primary","null","26.16451715","91.74654255","0.0099547772077558","51.53853416442871","9.322643644007178","41","1.162","10.46","28.15","58.66"
"","","","","","","","","","way/1267018330","primary","null","26.17171045","91.74824565","0.018942424760949","55.52017211914063","0.0","42","1.412","10.46","28.15","58.66"
"","","","","","","","","","way/1267019486","secondary_link","null","26.15034618881158","91.7848928848902","0.0222589973246476","56.7043514251709","3.1817320913671328","29","0.845","12.03","31.71","62.66"
"","","","","","","","","","way/1267019487","secondary","Radha Gobinda Baruah Road","26.147422172229703","91.78620564203912","0.4856949904315139","56.34980180528429","4.149478697230402","24","0.997","9.51","26.9","56.37"
"","","","","","","","","","way/1267019488","secondary","Zoo road","26.147500939724","91.78610386534297","0.5056354404050384","56.98390494452583","4.016247853177771","25","0.997","9.51","26.9","56.37"
"","","","","","","","","","way/1267019489","primary_link","null","26.14853881981648","91.78659270458404","0.3095495795660848","57.03581555684408","3.992531045569377","25","0.878","9.51","26.9","56.37"
"","","","","","","","","","way/1267019490","primary_link","null","26.149303494913703","91.78563084194263","0.0158940190012639","55.863725662231445","1.047625370554708","27","0.892","9.51","26.9","56.37"
"","","","","","","","","","way/1267019491","secondary","null","26.14958825","91.78548895","0.0204911176381848","58.61794471740723","11.087369780316996","27","0.884","9.51","26.9","56.37"
"","","","","","","","","","way/1267019492","secondary","Radha Gobinda Baruah Road","26.14972155","91.7853362","0.0177870653638237","57.10923385620117","0.0","27","0.888","9.51","26.9","56.37"
"","","","","","","","","","way/1267019493","primary_link","null","26.1495735","91.7853825","0.0238085067523538","56.85971260070801","1.2007827129801754","27","0.893","9.51","26.9","56.37"
"","","","","","","","","","way/1267021992","trunk","Flyover","26.115824267084072","91.70917680777882","1.1211882880582558","52.69508831317608","1.4581102450409422","11","0.926","10.28","27.84","58.21"
"","","","","","","","","","way/1267021994","trunk","null","26.11587439585091","91.7171179868848","0.4180027609930937","53.7778200785319","1.776112485547175","14","0.581","10.28","27.84","58.21"
"","","","","","","","","","way/1267021995","trunk","null","26.115733985980818","91.7171205129979","0.4145100717718872","53.46091003417969","1.7499137246286145","14","0.596","10.28","27.84","58.21"
"","","","","","","","","","way/1267021996","trunk_link","null","26.1159566","91.714986","0.0160860003906056","51.35478401184082","0.7429551987791657","14","0.584","10.28","27.84","58.21"
"","","","","","","","","","way/1267021997","trunk_link","null","26.1156907","91.7149904","0.0162933727454048","51.08763122558594","1.1451970016067172","14","0.613","10.28","27.84","58.21"
"","","","","","","","","","way/1267021998","trunk_link","null","26.11744655","91.70331165","0.0232771189409189","53.85132598876953","0.0","11","1.366","10.28","27.84","58.21"
"","","","","","","","","","way/1267026379","primary","G.N.B Road","26.1846328","91.7661322","0.0149077580358745","54.67838287353516","0.0","31","0.456","12.03","31.71","62.66"
"","","","","","","","","","way/1267051365","secondary","Rajgarh Road","26.16665125","91.7689984","0.0569608315842631","54.919806162516274","4.446053864558672","40","1.18","12.03","31.71","62.66"
"","","","","","","","","","way/1267059101","tertiary","null","26.116099399752336","91.71696312747048","0.4049103763801814","53.4075564066569","1.5232777521234475","14","0.554","10.28","27.84","58.21"
"","","","","","","","","","way/1267059102","tertiary","null","26.115660013540708","91.71627987271694","0.269801911961788","51.20486259460449","1.0608341078084624","14","0.6","10.28","27.84","58.21"
"","","","","","","","","","way/1267059103","tertiary","null","26.111945904214107","91.74589471333728","0.6957454092295647","57.79655227661133","1.5558203774116433","13","0.534","10.28","27.84","58.21"
"","","","","","","","","","way/1267059104","tertiary","null","26.112449723445405","91.73673279061462","0.3573574021529311","51.67893805870643","0.9044103052765676","13","0.637","10.28","27.84","58.21"
"","","","","","","","","","way/1267059105","tertiary","null","26.11282675","91.73483335","0.0315698401025928","51.42498779296875","1.3358973648196986","13","0.816","10.28","27.84","58.21"
"","","","","","","","","","way/1267059106","tertiary","null","26.1128822","91.7345405","0.0283210712322529","51.276960372924805","0.3945322426213712","13","0.844","10.28","27.84","58.21"
"","","","","","","","","","way/1267060647","trunk_link","null","26.11175165","91.74232775","0.0138819539183603","55.64643669128418","9.528383441926074","13","0.32","10.28","27.84","58.21"
"","","","","","","","","","way/1267084994","primary","G.N.B Road","26.185124649889705","91.75992396515038","0.4007303473001676","56.625048573811846","1.2179772673979383","34","0.791","12.03","31.71","62.66"
"","","","","","","","","","way/1267087865","secondary","null","26.163898593544623","91.76967536571988","0.2912110798283501","53.19399504228072","2.2718370597802364","40","1.106","12.03","31.71","62.66"
"","","","","","","","","","way/1267087866","secondary_link","null","26.1646457","91.7690145","0.0237588387060709","56.90500450134277","10.929354581746638","40","1.209","12.03","31.71","62.66"
"","","","","","","","","","way/1267089651","trunk","null","26.11500116180508","91.7232703533096","0.6135447140248352","51.74681680852717","0.9527593881756974","15","0.962","10.28","27.84","58.21"
"","","","","","","","","","way/1268305483","primary_link","null","26.14224825","91.79427765","0.0145208626428238","55.45819854736328","0.0","19","1.348","9.51","26.9","56.37"
"","","","","","","","","","way/1268305484","primary_link","null","26.14120266081593","91.795530942315","0.0755132107284038","55.23984241485596","1.845402276652696","15","1.482","9.51","26.9","56.37"
"","","","","","","","","","way/1268305485","secondary","null","26.1396044","91.7906724","0.1073535771019097","54.71911239624024","1.5787137619981346","19","1.643","9.51","26.9","56.37"
"","","","","","","","","","way/1268305486","secondary","null","26.13983485","91.79127155","0.0229190515495819","53.872169494628906","0.8033920221570195","19","1.612","9.51","26.9","56.37"
"","","","","","","","","","way/1268305487","primary_link","null","26.141893979727268","91.79494457321016","0.0222695767566717","55.79461479187012","0.4954152074291226","19","1.396","9.51","26.9","56.37"
"","","","","","","","","","way/1268305488","primary","Dispur Flyover","26.1432795244022","91.79318934187134","0.2317090836072326","55.36457612779405","2.3965090735643213","20","1.224","9.51","26.9","56.37"
"","","","","","","","","","way/1268305489","primary_link","null","26.14106493804773","91.79601727457845","0.0184359211472123","54.98738479614258","0.0","13","1.507","9.51","26.9","56.37"
"","","","","","","","","","way/1268305490","primary","Mahapurush Srimanta Sankardeva Path","26.13866665","91.79899995","0.0354733784304106","55.22178522745768","3.7449178494491866","10","1.848","9.51","26.9","56.37"
"","","","","","","","","","way/1289573613","tertiary","null","26.17737555","91.7414921","0.0056355631348485","58.83955764770508","33.37244583924716","38","1.931","10.46","28.15","58.66"
"","","","","","","","","","way/1292544953","tertiary","null","26.11393695","91.80600185","0.0285759109346904","61.268096923828125","0.4628533311464979","4","3.933","8.9","26.14","54.58"
"","","","","","","","","","way/1292544954","tertiary","null","26.11396735","91.80609315","0.0283632463674043","61.268096923828125","0.466323602901355","4","3.923","8.9","26.14","54.58"
"","","","","","","","","","way/1292598208","trunk","NH37","26.11739372481378","91.8320466488389","1.5562549664570386","88.12545618021264","3.27329918077051","4","1.818","8.9","26.14","54.58"
"","","","","","","","","","way/1292598209","trunk","NH37","26.1132067","91.8357534","0.0085652517316645","123.88190078735352","4.793321224402414","5","1.812","8.9","26.14","54.58"
"","","","","","","","","","way/1292598210","trunk","NH37","26.11739664982577","91.83196300364192","1.5716959063068057","88.89665575380678","3.225199383009777","4","1.821","8.9","26.14","54.58"
"","","","","","","","","","way/1292598211","trunk","NH37","26.11312375","91.83571815","0.0091303270339106","124.15033721923828","7.827177884618269","5","1.815","8.9","26.14","54.58"
"","","","","","","","","","way/1292598916","trunk_link","null","26.1466001","91.67767785","0.021073410171938","49.154069900512695","1.7962065009171382","10","0.992","8.63","23.8","54.17"
"","","","","","","","","","way/1292985004","trunk_link","null","26.1184365","91.9551207","0.0122829731453788","56.20591163635254","4.162932710579804","2","1.908","8.76","22.36","42.07"
"","","","","","","","","","way/1292992763","trunk_link","null","26.0849451","91.87677245","0.0090596304812555","72.39462280273438","15.66739377323804","5","0.762","15.42","36.6","61.43"
"","","","","","","","","","way/1292993315","trunk_link","null","26.071756","91.87412945","0.0098490149192744","74.37646484375","0.0","5","2.249","15.42","36.6","61.43"
"","","","","","","","","","way/1292993723","trunk_link","null","26.2627771","91.6966277","0.0096617726610642","51.75346374511719","0.0","2","1.664","16.9","38.41","65.33"
"","","","","","","","","","way/1292994711","trunk_link","null","26.2745107","91.70682865","0.0120254777596259","49.63825607299805","3.828107937660441","1","2.097","18.29","42.96","74.53"
"","","","","","","","","","way/1292998861","tertiary","null","26.0457559","91.8685156","0.0094196232374744","65.8713493347168","5.317671628334945","1","1.26","13.68","32.67","54.54"
"","","","","","","","","","way/1295700053","primary","Mahapurush Srimanta Sankardeva Path","26.1473959","91.78814485","0.0876493180451398","56.706844329833984","4.978842599650104","23","0.887","9.51","26.9","56.37"
"","","","","","","","","","way/1296831174","trunk_link","null","25.9945141","91.8608915","0.0111799508383747","311.62896728515625","0.0","0","6.491","20.64","46.67","73.38"
"","","","","","","","","","way/1296946975","trunk_link","null","26.1031838","92.14819525","0.0132126508882264","58.72334671020508","3.7574538770849735","5","1.617","7.85","23.9","51.06"
"","","","","","","","","","way/1298049683","tertiary","null","26.11167685","91.79251695","0.0327231126687398","62.80137379964193","0.1667791832373581","6","4.636","9.51","26.9","56.37"
"","","","","","","","","","way/1298049684","tertiary","null","26.1114244","91.79249285","0.0272537795028426","62.26814651489258","0.0","6","4.661","9.51","26.9","56.37"
"","","","","","","","","","way/1298049685","trunk","NH37","26.1115773","91.7920575","0.064739171447942","62.17649269104004","1.3052365954475091","6","4.628","9.51","26.9","56.37"
"","","","","","","","","","way/1298049686","trunk","NH37","26.1114681","91.7920555","0.0650200972639948","61.85713958740234","2.903937266371559","6","4.639","9.51","26.9","56.37"
"","","","","","","","","","way/1298049687","tertiary","NH37","26.11203875","91.79777165","0.0082682357143636","61.90644836425781","0.0","4","4.725","9.51","26.9","56.37"
"","","","","","","","","","way/1298049688","tertiary","NH37","26.11127395","91.79097895","0.059886434302081","61.486907958984375","1.3414842691917768","7","4.618","9.51","26.9","56.37"
"","","","","","","","","","way/1298049689","tertiary","NH37","26.11129345","91.7914508","0.0346043001677305","60.90538533528646","1.0238922634261745","7","4.634","9.51","26.9","56.37"
"","","","","","","","","","way/1300169029","primary","Maligaon Flyover","26.1591418","91.6939346","0.0163405103610141","53.61277770996094","0.0","16","1.268","8.54","23.7","54.46"
"","","","","","","","","","way/1300169030","primary","Maligaon Flyover","26.15906755","91.69393455","0.0175582884132987","53.61277770996094","0.0","16","1.271","8.54","23.7","54.46"
"","","","","","","","","","way/1300169031","primary","Maligaon Flyover","26.15992402576383","91.7054571849096","2.3206715633902344","63.15120385487874","2.3797584299576178","19","0.342","10.46","28.15","58.66"
"","","","","","","","","","way/1300169034","tertiary","Pandu Road","26.1591571","91.69615945","0.0092996015665319","54.54754257202149","0.0","16","1.061","8.54","23.7","54.46"
"","","","","","","","","","way/1300169035","tertiary","Pandu Road","26.15911455","91.6961951","0.0025229248196255","54.54754257202149","0.0","16","1.059","8.54","23.7","54.46"
"","","","","","","","","","way/1300194652","tertiary","Pandu Road","26.160217259629565","91.69529072639833","0.2873809393356349","58.4103178544478","3.819401892579188","16","1.102","8.54","23.7","54.46"
"","","","","","","","","","way/1300194653","tertiary","null","26.16020300010058","91.69537060372672","0.320125527851328","59.51167424519857","3.1480085480730624","16","1.095","8.54","23.7","54.46"
"","","","","","","","","","way/1300194989","tertiary","null","26.16025089548416","91.69519880115811","0.3007321229914984","57.90269978841146","1.6669780052541705","16","1.11","8.54","23.7","54.46"
"","","","","","","","","","way/1302351588","tertiary","null","26.14623741355836","92.19919826822876","0.9761136288039656","53.65247546925264","1.804014240486528","0","8.135","9.2","25.66","50.87"
"","","","","","","","","","way/1302351589","tertiary","null","26.15011906135058","92.19891935597548","0.1852037292172566","51.88350439071655","0.947493056807652","0","8.531","12.0","30.55","55.01"
"","","","","","","","","","way/1302483938","trunk","null","26.11020063697024","92.16857412172256","0.6701062985673677","61.62962023417155","0.978093057642795","3","3.607","9.2","25.66","50.87"
"","","","","","","","","","way/1303628858","tertiary","Hem Baruah Road","26.1862248","91.74253865","0.0826465065630648","62.0894660949707","2.071315747871173","35","2.039","10.46","28.15","58.66"
"","","","","","","","","","way/1303628859","primary","M.G. Road","26.187657782244973","91.74187693587442","0.0929765071789127","63.13898239135742","1.935148326151808","35","2.172","10.46","28.15","58.66"
"","","","","","","","","","way/1303630934","tertiary","null","26.111499277736467","91.78280933429588","1.1012514211494604","59.86536146465101","1.146227445200186","9","3.893","9.51","26.9","56.37"
"","","","","","","","","","way/1303630935","trunk_link","null","26.1112745","91.77734445","0.0182290752806306","60.16541481018066","4.6397216166484","8","3.447","9.51","26.9","56.37"
"","","","","","","","","","way/1303630936","tertiary","null","26.11141052921097","91.77141857793916","1.178188911090773","58.597945980909394","1.428452646866239","10","2.972","9.51","26.9","56.37"
"","","","","","","","","","way/1303630938","tertiary","NH37","26.111222148041453","91.76186368498092","0.7486431773636073","57.0511297079233","1.2162405942573409","12","2.025","9.51","26.9","56.37"
"","","","","","","","","","way/1303630940","trunk_link","null","26.1109765","91.77747735","0.0183940512454532","60.05130577087402","3.891312717223486","8","3.477","9.51","26.9","56.37"
"","","","","","","","","","way/1303630941","tertiary","NH37","26.1110691152982","91.78292484494742","1.0901823951645246","60.50874258342542","1.6983014443270148","9","3.927","9.51","26.9","56.37"
"","","","","","","","","","way/1303632308","trunk","Flyover","26.11129705","91.77177615","0.9061315270559256","58.454121589660645","1.1178934462213443","10","3.007","9.51","26.9","56.37"
"","","","","","","","","","way/1303632309","trunk","null","26.111203494364744","91.78437148169216","1.380192527429514","60.14299273490906","1.331950301809128","9","4.044","9.51","26.9","56.37"
"","","","","","","","","","way/1303632311","trunk","Flyover","26.11114265","91.77177455","0.9011839078660678","57.91650938987732","1.0086241537846865","10","3.008","9.51","26.9","56.37"
"","","","","","","","","","way/1303633144","tertiary","Ananda Ram Baruah Road","26.18495929963672","91.74669784860023","0.1408691776677662","55.03403981526693","0.8840214143358024","37","1.605","10.46","28.15","58.66"
"","","","","","","","","","way/1303634357","tertiary","null","26.15926912894212","91.70098856925048","0.0757283440920442","63.15001964569092","4.22718898035389","19","0.64","10.46","28.15","58.66"
"","","","","","","","","","way/1303636913","primary","Mahapurush Srimanta Sankardeva Path","26.1467884","91.7889278","0.1188533631323754","57.15139389038086","5.9143894374365305","23","0.911","9.51","26.9","56.37"
"","","","","","","","","","way/1303638102","tertiary","null","26.129471278359933","91.79543284989995","0.0100378485248984","57.49796295166016","3.876868060851134","9","2.772","9.51","26.9","56.37"
"","","","","","","","","","way/1303639550","primary","Kumar Bhaskar Varma Setu","26.198462591523835","91.71109905328044","6.754485015180531","49.34835955301921","1.0250075136382422","12","2.465","10.46","28.15","58.66"
"","","","","","","","","","way/1303639551","primary_link","null","26.17844199297897","91.73371114786868","0.0347182609268965","50.49201329549154","9.27968113195308","34","1.689","10.46","28.15","58.66"
"","","","","","","","","","way/1303639552","primary_link","null","26.17838455","91.73423605","0.0619763900321663","57.94401741027832","8.33624062127488","34","1.701","10.46","28.15","58.66"
"","","","","","","","","","way/1303639553","primary_link","null","26.1781216","91.7340793","0.008065535890835","54.88087463378906","0.0","34","1.668","10.46","28.15","58.66"
"","","","","","","","","","way/1303639554","primary","Assam Trunk Rd","26.172266468232824","91.72626999285433","0.6066044499182809","48.63644461198287","8.127474690991496","32","0.935","10.46","28.15","58.66"
"","","","","","","","","","way/1303639555","primary","Assam Trunk Rd","26.1786131509092","91.73439906998487","0.0920917689658738","53.39508209228516","7.88192493221181","34","1.73","10.46","28.15","58.66"
"","","","","","","","","","way/1303639556","primary_link","null","26.17828622327666","91.7339865868003","0.0324471341708206","54.54025014241537","0.8908187241900204","34","1.682","10.46","28.15","58.66"
"","","","","","","","","","way/1303639558","primary","Assam Trunk Rd","26.170698162871805","91.7241837673882","0.0244103714401072","53.730167388916016","1.2146682378715936","32","0.844","10.46","28.15","58.66"
"","","","","","","","","","way/1303639559","primary","Assam Trunk Rd","26.175830053107976","91.73178883403172","0.6934147609727628","55.986638946533205","2.5205761168253447","34","1.355","10.46","28.15","58.66"
"","","","","","","","","","way/1303639560","primary","Assam Trunk Rd","26.171962689831528","91.72716087029512","0.6744254727902574","54.94580475489298","1.388305370270666","32","0.886","10.46","28.15","58.66"
"","","","","","","","","","way/1303639561","primary","Assam Trunk Rd","26.17310465","91.7304461","0.0327932602550605","53.73518753051758","3.4516163891530454","33","1.029","10.46","28.15","58.66"
"","","","","","","","","","way/1303652893","tertiary","null","26.1717336688312","91.7776211276438","1.3227185176524938","53.97043642790421","2.092587867995837","32","1.064","12.03","31.71","62.66"
"","","","","","","","","","way/1303652894","tertiary","null","26.171713797122266","91.77776605909013","1.3134268757424297","54.06966756184896","2.617066044291943","31","1.053","12.03","31.71","62.66"
"","","","","","","","","","way/1303652896","secondary","Radha Gobinda Baruah Road","26.17769011065146","91.77581460610313","0.0689580162223386","53.83399200439453","2.251938560234033","31","0.99","12.03","31.71","62.66"
"","","","","","","","","","way/1303653241","tertiary_link","null","26.1167122","91.80595535","0.0074997756868389","60.383113861083984","4.9297543639057","6","3.786","8.9","26.14","54.58"
"","","","","","","","","","way/1303657443","secondary","Mother Teresa Road Flyover","26.17465104285129","91.77830385545394","0.3280657287628914","54.42070007324219","2.37173825986357","30","0.871","12.03","31.71","62.66"
"","","","","","","","","","way/1303657444","secondary","Mother Teresa Road Flyover","26.174612279605387","91.77830177282992","0.3217225553593199","54.12528642018636","1.566423007862437","30","0.872","12.03","31.71","62.66"
"","","","","","","","","","way/1303658393","tertiary","Radha Gobinda Baruah Road","26.16295639447455","91.78073391674248","0.6762227291232946","52.96524906158447","2.4835305060179285","34","1.124","12.03","31.71","62.66"
"","","","","","","","","","way/1303658395","tertiary","null","26.16596615","91.77973365","0.0201500930763657","52.85612678527832","0.0390596824307446","32","1.365","12.03","31.71","62.66"
"","","","","","","","","","way/1303658397","tertiary","Radha Gobinda Baruah Road","26.16292620658586","91.78060354418162","0.6855265716170315","53.31944068272909","2.2084379698697845","34","1.114","12.03","31.71","62.66"
"","","","","","","","","","way/1303658398","tertiary","null","26.1659609","91.7795884","0.0164749116887977","52.86020660400391","0.0761502356881633","32","1.358","12.03","31.71","62.66"
"","","","","","","","","","way/1303658428","tertiary","null","26.197551442405054","91.7912159647108","0.0929644219769071","97.46886749267578","4.468650969250409","24","0.661","12.03","31.71","62.66"
"","","","","","","","","","way/1303661728","primary","null","26.18989291364055","91.74993058409524","0.0655200510817995","63.63037490844727","6.612076011684042","33","1.454","10.46","28.15","58.66"
"","","","","","","","","","way/1303662057","primary","G.N.B Road","26.18498124423968","91.7565057846654","0.0256567692816169","53.88404273986816","1.1989018938509874","39","0.882","12.03","31.71","62.66"
"","","","","","","","","","way/1303662058","primary","G.N.B Road","26.18500455","91.75634705","0.0065224082598239","54.15233612060547","0.0","39","0.892","12.03","31.71","62.66"
"","","","","","","","","","way/1303670337","primary_link","null","26.186821700000003","91.7403951","0.0103177090672653","53.72248077392578","13.12541105845738","34","2.26","10.46","28.15","58.66"
"","","","","","","","","","way/1303671848","tertiary","null","26.17467504017397","91.77834077290856","0.3595312417593468","54.54811330942008","2.0109040657718213","30","0.867","12.03","31.71","62.66"
"","","","","","","","","","way/1303671849","tertiary","null","26.17455090010625","91.77833130526938","0.3466445225118441","54.345411447378304","2.246928843527188","30","0.871","12.03","31.71","62.66"
"","","","","","","","","","way/1303675854","tertiary","null","26.187742880875334","91.77667608569236","0.5895387533165745","62.55622100830078","3.46326074348946","27","0.621","12.03","31.71","62.66"
"","","","","","","","","","way/1303678276","tertiary","null","26.19026475","91.74966535","0.0139392620075517","59.52593231201172","0.0","33","1.473","10.46","28.15","58.66"
"","","","","","","","","","way/1303679232","primary","M.G. Road","26.18802555","91.74281725","0.1122816442729491","65.43160629272461","8.247158173023653","35","2.112","10.46","28.15","58.66"
"","","","","","","","","","way/1303679233","tertiary","Motilal Nehru Road","26.18826275","91.7433177","0.0077631883532418","67.4428939819336","0.0","35","2.083","10.46","28.15","58.66"
"","","","","","","","","","way/1303693394","secondary","Hatigaon Road","26.124640107704057","91.78688446648816","0.3244719265146704","57.96442159016927","2.149302837179416","13","3.09","9.51","26.9","56.37"
"","","","","","","","","","way/1303821774","primary_link","null","26.1503026398018","91.78468370173212","0.0223733578238467","57.28989028930664","0.0","29","0.828","12.03","31.71","62.66"
"","","","","","","","","","way/1303854971","tertiary","null","26.12805048141284","91.75942480105331","0.2669966963520958","53.57116165161133","1.5708989486736769","20","1.036","9.51","26.9","56.37"
"","","","","","","","","","way/1304569810","tertiary","null","26.19663965527304","91.7903542750375","0.1756817649835036","104.31788853236608","6.916010179239836","26","0.553","12.03","31.71","62.66"
"","","","","","","","","","way/1304575598","secondary_link","null","26.12726405","91.7966715","0.0075360830609037","58.46693420410156","0.0","9","3.031","9.51","26.9","56.37"
"","","","","","","","","","way/1304578587","trunk_link","null","26.09972790813985","91.60141210652218","0.445644399504403","51.36786198616028","1.3319496406535878","0","9.919","7.4","20.66","51.24"
"","","","","","","","","","way/1304578588","tertiary","null","26.09958330902032","91.59692908075776","0.3285238020174976","50.608544985453285","1.5556680021463227","0","10.282","5.36","18.38","55.98"
"","","","","","","","","","way/1304592228","tertiary","null","26.10108262701873","91.79845225216876","0.2500933880032934","64.87851371765137","1.3832516230265837","0","5.382","9.51","26.9","56.37"
"","","","","","","","","","way/1305743436","tertiary","null","26.216766276159525","92.21031299784164","3.4885564105123343","8.616518719991047","0.9898252226151512","0","15.521","23.87","53.22","80.68"
"","","","","","","","","","way/1311573088","tertiary","Batahguli Road","26.130934157690284","91.84712304893458","0.6279620299908415","87.85799616033381","5.928035911189337","4","0.753","8.9","26.14","54.58"
"","","","","","","","","","way/1311737606","tertiary","null","26.12437665","92.19227905","0.0832996329459306","60.09700965881348","0.7977166079831614","0","5.621","9.2","25.66","50.87"
"","","","","","","","","","way/1311740389","tertiary","null","26.124906201812408","92.19221942849296","0.0351552680352921","60.31074142456055","1.857583707299288","0","5.673","9.2","25.66","50.87"
"","","","","","","","","","way/1316335231","trunk","Flyover","26.1157423","91.7149058","0.0287464303765287","52.68367385864258","5.694283912863328","14","0.609","10.28","27.84","58.21"
"","","","","","","","","","way/1316335232","trunk","Flyover","26.115892700000003","91.7148943","0.0270728427587965","52.68367385864258","6.043762514853325","14","0.593","10.28","27.84","58.21"
"","","","","","","","","","way/1316335233","trunk","Flyover","26.11715235","91.70338035","0.0644959324416741","51.77341365814209","4.047829009936162","11","1.369","10.28","27.84","58.21"
"","","","","","","","","","way/1316335234","trunk","Flyover","26.1173151","91.70349855","0.0613531940988204","53.203054428100586","3.13773332263939","11","1.353","10.28","27.84","58.21"
"","","","","","","","","","way/1316335235","tertiary","null","26.11862374500521","91.6982527291398","0.3596509049893301","52.05821961622972","1.203158924176499","11","1.831","8.63","23.8","54.17"
"","","","","","","","","","way/1316335236","tertiary","null","26.117498527358165","91.70339588628129","1.4143487217262802","53.22573992670799","1.1883454890084812","11","1.356","10.28","27.84","58.21"
"","","","","","","","","","way/1316335709","trunk","Flyover","26.1112001","91.7768432","0.1077651517294531","59.77135467529297","0.9796829294707378","8","3.411","9.51","26.9","56.37"
"","","","","","","","","","way/1316335715","trunk","Flyover","26.11105575","91.776877","0.1197708914032179","59.77135467529297","0.8815046511752713","8","3.423","9.51","26.9","56.37"
"","","","","","","","","","way/1316335719","trunk","Flyover","26.111395100000003","91.7663912","0.1713599936865493","57.43578011648996","1.4393454266910015","11","2.476","9.51","26.9","56.37"
"","","","","","","","","","way/1316335720","trunk","Flyover","26.1112441","91.76642865","0.168486123944875","55.9214096069336","1.0579290789740825","11","2.478","9.51","26.9","56.37"
"","","","","","","","","","way/1316336548","trunk","Basistha Chariali Flyover","26.11152985","91.7926979","0.0642498856863672","62.608476638793945","0.6816947732367612","6","4.658","9.51","26.9","56.37"
"","","","","","","","","","way/1316336549","trunk","Basistha Chariali Flyover","26.11163345","91.79269535","0.0635462080938852","62.85921478271485","0.2372311321935022","6","4.647","9.51","26.9","56.37"
"","","","","","","","","","way/1316336550","trunk_link","null","26.11580395","91.81180735","0.0230840805095983","63.57104110717773","1.1774016136012924","4","3.331","8.9","26.14","54.58"
"","","","","","","","","","way/1316336551","trunk","Basistha Chariali Flyover","26.115080975177737","91.8095025396682","0.5040487653488427","62.01463656955295","1.9094604596196056","4","3.568","8.9","26.14","54.58"
"","","","","","","","","","way/1316336552","tertiary","null","26.114238375218022","91.80745573211168","0.3056113401188773","61.325212160746254","1.7232586686052038","4","3.791","8.9","26.14","54.58"
"","","","","","","","","","way/1316337181","trunk","NH37","26.11849979614235","91.81725377767825","0.1596663918422256","67.28146689278739","3.339662246695799","5","2.713","8.9","26.14","54.58"
"","","","","","","","","","way/1316337182","trunk","Khanapara Flyover","26.1187595","91.81865705","0.1271931893427091","67.26490656534831","3.3632219517171555","5","2.581","8.9","26.14","54.58"
"","","","","","","","","","way/1316337183","trunk","Khanapara Flyover","26.1197174884924","91.8247426479401","0.0785352447274611","68.40258598327637","0.2996640493017529","3","2.042","8.9","26.14","54.58"
"","","","","","","","","","way/1316337184","trunk","Khanapara Flyover","26.1187595","91.81912455","0.0368220141306145","67.80786387125652","10.444869041195323","5","2.543","8.9","26.14","54.58"
"","","","","","","","","","way/1316339675","primary","Sixmile Flyover","26.132872991939823","91.80627268140884","0.120990514071688","57.488518397013344","3.340107596305406","6","2.742","8.9","26.14","54.58"
"","","","","","","","","","way/1316339676","primary","Sixmile Flyover","26.1329208","91.80634025","0.1183194855028194","57.73696441650391","2.943666644319032","6","2.74","8.9","26.14","54.58"
"","","","","","","","","","way/1316339677","primary","Sixmile Flyover","26.1334469","91.8057116","0.0531414079426115","55.61026128133138","2.6710531654887384","6","2.659","8.9","26.14","54.58"
"","","","","","","","","","way/1316339678","primary","Sixmile Flyover","26.133388","91.8056268","0.051509320425521","56.275238037109375","2.7592100342673453","6","2.66","8.9","26.14","54.58"
"","","","","","","","","","way/1316339679","primary","Sixmile Flyover","26.12955695","91.8105566","0.0273084974219594","58.964454650878906","7.620756119802047","7","2.926","8.9","26.14","54.58"
"","","","","","","","","","way/1316339680","primary","Sixmile Flyover","26.12949635","91.81050845","0.0253360531892274","58.44752883911133","5.903855110247766","7","2.932","8.9","26.14","54.58"
"","","","","","","","","","way/1316340877","primary","Dispur Flyover","26.1387895","91.79883765","0.0068908479677476","56.43318557739258","0.0","10","1.83","9.51","26.9","56.37"
"","","","","","","","","","way/1316340878","primary","Dispur Flyover","26.14417401312292","91.79209591912635","0.0632833836364106","55.14304733276367","4.363147094551525","21","1.125","9.51","26.9","56.37"
"","","","","","","","","","way/1316340879","secondary","Supermarket Flyover","26.1399311","91.79144395","0.0185157599279075","53.71147537231445","0.0","19","1.6","9.51","26.9","56.37"
"","","","","","","","","","way/1316342007","primary","Kalaguru Bishnuprasad Rabha Flyover","26.1518812","91.78292035","0.0171903151091262","53.97083282470703","0.5344761386755127","31","0.602","12.03","31.71","62.66"
"","","","","","","","","","way/1316342008","primary","Kalaguru Bishnuprasad Rabha Flyover","26.1519124","91.78297465","0.017039282620203","53.97083282470703","0.5392133402344711","31","0.606","12.03","31.71","62.66"
"","","","","","","","","","way/1316342009","primary","Kalaguru Bishnuprasad Rabha Flyover","26.14765555","91.78768665","0.0115206667643422","54.72219657897949","4.173744558290025","23","0.887","9.51","26.9","56.37"
"","","","","","","","","","way/1316342010","primary","Kalaguru Bishnuprasad Rabha Flyover","26.147675","91.7877772","0.0084325766403599","54.30183792114258","0.0","23","0.88","9.51","26.9","56.37"
"","","","","","","","","","way/1316342011","secondary","Radha Gobinda Baruah Road","26.15169555603241","91.78462685017205","0.4301273027670341","55.2642936706543","3.112902697135281","33","0.772","12.03","31.71","62.66"
"","","","","","","","","","way/1316342012","secondary","Radha Gobinda Baruah Road","26.15163715983507","91.78450060206738","0.4368112100248184","55.23186206817627","2.590409174180321","31","0.761","12.03","31.71","62.66"
"","","","","","","","","","way/1316342871","primary","Bhangagarh Flyover","26.16676315","91.7665886","0.0176302539653021","54.26046752929688","0.3726798291338445","38","1.085","12.03","31.71","62.66"
"","","","","","","","","","way/1316342872","primary","Bhangagarh Flyover","26.16680675","91.7666544","0.0184234933896508","54.39958381652832","1.2217375060383917","38","1.083","12.03","31.71","62.66"
"","","","","","","","","","way/1316342873","primary","Bhangagarh Flyover","26.16308565","91.77068305","0.0187780863574409","52.078046798706055","0.9636182786263632","40","0.985","12.03","31.71","62.66"
"","","","","","","","","","way/1316342874","primary","Bhangagarh Flyover","26.1631412","91.7707299","0.0224827938354328","51.878211975097656","0.2136188340124784","40","0.989","12.03","31.71","62.66"
"","","","","","","","","","way/1316343251","primary","Bishnu Ram Mehdi Flyover","26.1764494","91.75527425","0.0184308286524748","53.33138656616211","0.0","41","0.583","12.03","31.71","62.66"
"","","","","","","","","","way/1316343252","primary","Bishnu Ram Mehdi Flyover","26.17651175","91.75534315","0.01602810512433","52.88825798034668","3.1648868735833804","41","0.574","12.03","31.71","62.66"
"","","","","","","","","","way/1316343253","primary","Bishnu Ram Mehdi Flyover","26.1732756","91.75941575","0.0216917477852441","52.38287734985352","0.0","42","0.34","12.03","31.71","62.66"
"","","","","","","","","","way/1316343254","primary","Bishnu Ram Mehdi Flyover","26.1733439","91.75945565","0.0159136044922251","52.38287734985352","0.0","42","0.332","12.03","31.71","62.66"
"","","","","","","","","","way/1316344080","secondary","Stadium Overbridge","26.18395195","91.75663105","0.0212888138477203","55.30105972290039","4.0498445456238485","39","0.778","12.03","31.71","62.66"
"","","","","","","","","","way/1316345597","secondary","Zoo Road Flyover","26.1773191","91.7759245","0.0161351103546283","54.26375198364258","5.557144250927662","31","1.002","12.03","31.71","62.66"
"","","","","","","","","","way/1316345598","secondary","Zoo Road Flyover","26.17735385","91.77585205","0.0272289697744301","54.26375198364258","3.299717092932854","31","0.994","12.03","31.71","62.66"
"","","","","","","","","","way/1316345599","secondary","Zoo Road Flyover","26.1600902","91.78159485","0.0240685069078481","53.877389907836914","4.182373534221315","34","0.875","12.03","31.71","62.66"
"","","","","","","","","","way/1316345600","secondary","Zoo Road Flyover","26.1601126","91.78164615","0.019537510238325","53.877389907836914","5.147595120208844","34","0.879","12.03","31.71","62.66"
"","","","","","","","","","way/1316345602","secondary","Radha Gobinda Baruah Road","26.17844560376601","91.77564205522576","0.1024705781895766","53.97090606689453","1.704907321656599","31","0.978","12.03","31.71","62.66"
"","","","","","","","","","way/1316345603","secondary","Radha Gobinda Baruah Road","26.17818044392962","91.7756097003466","0.1628030007005595","53.92475945608957","2.1556931646983446","31","0.972","12.03","31.71","62.66"
"","","","","","","","","","way/1316345604","secondary","Mother Teresa Road Flyover","26.1735732","91.77959415","0.0187406414860327","55.4840259552002","2.7743050445096293","30","0.793","12.03","31.71","62.66"
"","","","","","","","","","way/1316345605","secondary","Mother Teresa Road Flyover","26.173608","91.7796231","0.0166431228872379","55.4840259552002","3.123294735653643","30","0.788","12.03","31.71","62.66"
"","","","","","","","","","way/1316345913","secondary","Radha Gobinda Baruah Road","26.183999963135275","91.77482117239433","0.1308249120543613","56.285512924194336","1.5492949391552102","30","0.942","12.03","31.71","62.66"
"","","","","","","","","","way/1316345914","secondary","Radha Gobinda Baruah Road","26.18403287737752","91.77472799792773","0.1292104382560422","56.44184112548828","1.7969770138983818","30","0.933","12.03","31.71","62.66"
"","","","","","","","","","way/1316345916","secondary","Chandmari Railway Flyover","26.18083155","91.77551995","0.0348221717088452","56.559967041015625","4.628873392613162","30","1.028","12.03","31.71","62.66"
"","","","","","","","","","way/1316345917","secondary","Chandmari Railway Flyover","26.18083815","91.77542205","0.0347866474850331","56.559967041015625","4.633579757614539","30","1.019","12.03","31.71","62.66"
"","","","","","","","","","way/1316345918","secondary","Chandmari Railway Flyover","26.185111916466585","91.77572512393454","0.0714782499720108","62.68619060516357","3.487305673517539","30","0.924","12.03","31.71","62.66"
"","","","","","","","","","way/1316346102","primary","Noonmati Flyover","26.1803494","91.8152486","0.0294535313353038","59.2512149810791","2.1072650394439982","21","1.235","11.76","30.98","59.55"
"","","","","","","","","","way/1316346103","primary","Noonmati Flyover","26.1793629","91.81790675","0.0305181673545882","62.38800303141276","8.073979177000153","17","1.461","11.76","30.98","59.55"
"","","","","","","","","","way/1316346957","primary","Maligaon Flyover","26.16443485","91.71589185","0.0296794746488491","60.46705436706543","0.2669877080630951","25","0.228","10.46","28.15","58.66"
"","","","","","","","","","way/1316346958","primary","Maligaon Flyover","26.16436565","91.7159695","0.0317660283654039","60.16580708821615","1.7533983568902178","25","0.239","10.46","28.15","58.66"
"","","","","","","","","","way/1316346959","primary","Assam Trunk Road Flyover","26.1591435","91.6938124","0.0080986982986048","53.61277770996094","0.0","16","1.279","8.54","23.7","54.46"
"","","","","","","","","","way/1316346960","primary","Assam Trunk Road Flyover","26.15907125","91.6938063","0.0081007718399589","53.61277770996094","0.0","16","1.282","8.54","23.7","54.46"
"","","","","","","","","","way/1316346961","primary","Assam Trunk Road Flyover","26.15885585","91.6889006","0.0091792188797578","52.50435256958008","0.0","15","1.058","8.54","23.7","54.46"
"","","","","","","","","","way/1316346962","primary","Assam Trunk Road Flyover","26.1587595","91.68889355","0.0100650587530804","52.50435256958008","0.0","15","1.054","8.54","23.7","54.46"
"","","","","","","","","","way/1316348115","trunk","Flyover","26.159747581052425","91.6720513715568","0.1396412897972732","51.17906379699707","1.7017360333308855","8","0.843","8.54","23.7","54.46"
"","","","","","","","","","way/1316348116","trunk","Flyover","26.160330498203784","91.67185644606876","0.2701857775384199","51.71028518676758","1.4634763578819208","8","0.896","8.54","23.7","54.46"
"","","","","","","","","","way/1329018517","trunk","null","26.1832298","91.6713745","0.0314961820490437","61.09921900431315","2.2340906119378707","10","3.023","8.54","23.7","54.46"
"","","","","","","","","","way/1329018518","trunk","null","26.182268919953337","91.67157226744712","0.1809518972216076","64.58633804321289","2.4300701007994188","10","2.956","8.54","23.7","54.46"
"","","","","","","","","","way/1329018519","trunk","null","26.18323575","91.67151965","0.0331610799639821","61.09921900431315","2.122345730330642","10","3.01","8.54","23.7","54.46"
"","","","","","","","","","way/1336405748","secondary_link","null","26.17172117805045","91.7361534203882","0.02599415571991","56.36098861694336","5.686159418694401","37","1.159","10.46","28.15","58.66"
"","","","","","","","","","way/1343462011","secondary","null","26.16422687185718","91.76963747256718","0.3495944991595862","54.26660126906175","2.817603390174927","40","1.141","12.03","31.71","62.66"
"","","","","","","","","","way/1343462012","secondary","Rajgarh Road","26.1652538","91.7683483","0.0245028759299971","53.70004653930664","0.0","38","1.299","12.03","31.71","62.66"
"","","","","","","","","","way/1343462013","secondary","null","26.1651857","91.7682544","0.0081273343544425","53.70004653930664","0.0","38","1.296","12.03","31.71","62.66"
"","","","","","","","","","way/1343462014","secondary","null","26.16605776217799","91.76725839130152","0.2252162447093681","55.2327389187283","5.175256664268412","38","1.185","12.03","31.71","62.66"
"","","","","","","","","","way/1343462015","secondary","null","26.1652817","91.76814395","0.022536429674785","56.3234748840332","13.105945382863926","38","1.303","12.03","31.71","62.66"
"","","","","","","","","","way/1343462016","secondary","null","26.16537025","91.76839285","0.0064610979581437","53.70004653930664","0.0","40","1.3","12.03","31.71","62.66"
"","","","","","","","","","way/1343462017","secondary","Rajgarh Road","26.165894354996507","91.76865305056268","0.124856156938944","55.46271769205729","2.764313613457886","40","1.251","12.03","31.71","62.66"
"","","","","","","","","","way/1348300956","tertiary","null","26.14999226399044","92.20146235754764","0.4013633874620774","3.4509765625","4.38049569585196","0","8.605","11.78","29.92","53.97"
"","","","","","","","","","way/1352373154","tertiary","Kalaguru Bishnu Rabha Path / Hockey Stadium Rd","26.1197676845358","91.76012635842947","2.013797044934694","54.42140585581462","1.2490539582221092","17","1.513","9.51","26.9","56.37"
"","","","","","","","","","way/1352373155","primary","null","26.1645241","91.74659935","0.0093415555397545","52.35563278198242","0.0","41","1.158","10.46","28.15","58.66"
"","","","","","","","","","way/1388441903","secondary","Guwahati Medical College Road","26.16299755","91.76751565","0.042431799784199","55.03963470458984","2.2990919048942184","38","1.126","12.03","31.71","62.66"
"","","","","","","","","","way/1388441904","secondary","Guwahati Medical College Road","26.16406674775995","91.76808696166974","0.2034792130494993","53.39023494720459","0.8519882118006035","38","1.195","12.03","31.71","62.66"
"","","","","","","","","","way/1389996751","trunk_link","null","26.183780400000003","91.67141785","0.0158756293684757","60.14741134643555","0.0","9","3.049","8.54","23.7","54.46"
"","","","","","","","","","way/1391008615","tertiary","null","25.902816136208013","91.98425373981205","23.4622645017505","206.11599934895835","5.781337716340681","0","16.144","16.45","35.33","59.32"
"","","","","","","","","","way/1391116405","primary","null","26.180458430216945","91.74577449678532","0.0292252431705887","58.48893928527832","5.234666197895475","39","1.526","10.46","28.15","58.66"
"","","","","","","","","","way/1391116406","primary","null","26.18047521681584","91.74590874310763","0.0289194012767568","58.48893928527832","5.3093071892536425","39","1.513","10.46","28.15","58.66"
"","","","","","","","","","way/1391116407","primary","null","26.1831275","91.74537555","0.0133336689437694","57.2000846862793","0.0","38","1.642","10.46","28.15","58.66"
"","","","","","","","","","way/1391116408","primary","null","26.1835811","91.7458951","0.0094003169649598","58.06433868408203","0.0","37","1.612","10.46","28.15","58.66"
"","","","","","","","","","way/1392332258","secondary","Rajgarh Road","26.1654065","91.76844745","0.0147388215803579","54.10384368896485","3.1363104536674573","40","1.298","12.03","31.71","62.66"
"","","","","","","","","","way/1394466734","primary","null","26.119686543254407","91.82225293160792","0.0184244873961715","67.31887817382812","0.0","5","2.232","8.9","26.14","54.58"
"","","","","","","","","","way/1394495906","tertiary","null","26.13300109783368","91.67343363057344","0.3027332534099903","50.75929228464762","3.032100766768284","5","2.557","8.63","23.8","54.17"
"","","","","","","","","","way/1411376127","tertiary","null","26.103225476608788","91.5933469688512","0.0652907112913053","50.69424629211426","3.404126592927493","0","10.336","4.65","16.45","51.74"
"","","","","","","","","","way/1411376128","tertiary","null","26.10315965","91.59321805","0.0174109911368916","50.74751853942871","2.2864179672487546","0","10.351","4.65","16.45","51.74"
"","","","","","","","","","way/1411376129","tertiary","null","26.103190750000003","91.59322365","0.0172377791112919","50.74751853942871","2.309368048371653","0","10.348","4.65","16.45","51.74"
"","","","","","","","","","way/1411376130","tertiary","null","26.10340438726662","91.592398481271","0.1554446325123133","52.207972935267854","3.6025383108627707","0","10.403","4.65","16.45","51.74"
"","","","","","","","","","way/1411376131","tertiary","null","26.10415097389647","91.58900777001416","0.5802258452137923","50.5891600109282","1.6375022276143238","0","10.642","4.65","16.45","51.74"
"","","","","","","","","","way/1425558155","secondary","Guwahati Medical College Road","26.16328385","91.76778885","0.0209742654995833","53.43675231933594","0.0","38","1.137","12.03","31.71","62.66"
"","","","","","","","","","way/1467191042","tertiary","null","25.944022011412034","91.96027372288124","16.64214231549207","506.7399225870768","2.755467519851397","0","13.1","16.45","35.33","59.32"
"","","","","","","","","","way/1467294707","tertiary","null","25.96234325693485","92.02838605618388","3.2832908172609763","570.0436391194661","6.896550362951804","0","8.72","7.78","17.8","34.56"
"","","","","","","","","","way/1467294708","tertiary","null","25.9612959","92.0161131","0.0139696932026081","504.7859802246094","0.0","0","9.018","7.78","17.8","34.56"
"","","","","","","","","","way/1467294709","tertiary","null","25.95291952576473","92.06083877744992","9.51264106452096","650.2335316975912","3.4595458385637423","0","10.06","8.71","20.73","41.86"
"","","","","","","","","","way/1467294710","tertiary","null","25.9552395","92.03021205","0.0066584698727007","609.1405639648438","0.0","0","9.495","7.78","17.8","34.56"
"","","","","","","","","","way/1467802051","tertiary","null","25.98616137039016","92.02427766607224","11.259719933408062","489.4443003336589","3.33674580739741","0","6.145","7.78","17.8","34.56"
"","","","","","","","","","way/1467802052","tertiary","null","26.0062340007368","92.07987982428952","3.246553319337665","441.0603235880534","6.147830766982484","1","4.783","2.89","9.7","24.62"
"","","","","","","","","","way/1467802053","tertiary","null","26.00658155","92.0662104","0.0241431250975763","388.37591552734375","4.444094615425756","2","4.216","2.89","9.7","24.62"
"","","","","","","","","","way/1467802054","tertiary","null","26.00193792859638","92.08817612780472","0.9015581541073268","382.9992666244507","10.111208269541232","0","5.636","2.89","9.7","24.62"
"","","","","","","","","","way/1467802055","tertiary","null","25.9735370166015","92.07364906797017","11.757937900542942","554.6167037963867","4.42743271335961","0","7.962","8.71","20.73","41.86"
"","","","","","","","","","way/1467802056","tertiary","null","25.9989268","92.08775015","0.0147119736213031","335.7231140136719","0.0","0","5.888","8.71","20.73","41.86"
"","","","","","","","","","way/1467804097","tertiary","null","25.96554025","92.0937492","0.0238681301071553","563.6445922851562","2.639224578270219","0","9.449","8.71","20.73","41.86"
"","","","","","","","","","way/1467804098","tertiary","null","25.972174770935307","92.09141275435438","2.2821710973983738","556.7721903483073","6.905537721955325","0","8.68","8.71","20.73","41.86"
"","","","","","","","","","way/1467809605","tertiary","null","25.957879044477096","91.99438412462084","0.7810703973262163","532.7781306675503","5.564960975861191","0","10.064","11.69","26.02","43.67"
"","","","","","","","","","way/1467809617","tertiary","null","25.96771807232206","91.9896830115716","1.2632700522098752","536.0897806340998","5.357266700288106","0","9.299","11.69","26.02","43.67"
"","","","","","","","","","way/1468723067","tertiary","null","25.955787587623515","91.81496566941156","14.145176906450128","269.98439915974933","2.488692825631832","0","12.359","25.52","57.92","90.49"
"","","","","","","","","","way/1468723068","tertiary","null","25.94546505","91.7605993","0.0791495265788707","194.80341339111328","4.322200196512539","0","16.686","36.52","80.63","122.38"
"","","","","","","","","","way/1468723069","tertiary","null","25.91723990041889","91.70732228055684","21.14179819649017","191.80010197957355","2.642127425325904","0","21.589","39.11","86.33","132.1"
"","","","","","","","","","way/1473867930","tertiary","null","25.92494671939184","91.8901130217982","3.825705451385869","554.6706288655599","3.77353173570366","0","13.973","27.59","61.06","93.82"
"","","","","","","","","","way/1478892440","primary","Kumar Bhaskar Varma Setu","26.1988217972553","91.71120734848776","6.8168449062765575","49.40922908782959","1.022953279505593","12","2.447","10.46","28.15","58.66"
"","","","","","","","","","way/1500143088","tertiary","null","26.13555096200328","91.67330033673036","0.2699858579856493","52.630967712402345","1.0957446443610883","5","2.284","8.63","23.8","54.17"
"","","","","","","","","","way/1533509407","tertiary","null","26.11186720503375","91.75018195146546","0.1621868947604774","58.74073192051479","1.3575917558425863","14","0.904","9.51","26.9","56.37"
"","","","","","","","","","way/1537208035","trunk","null","26.111582","91.7492781","0.0634094253725855","58.58843994140625","1.186796064623456","14","0.808","10.28","27.84","58.21"
"","","","","","","","","","way/1537208036","trunk","null","26.111572350000003","91.74977835","0.036686381902264","58.103922526041664","1.5462922605168372","14","0.854","10.28","27.84","58.21"
"","","","","","","","","","way/1537208037","trunk","null","26.1116857","91.7497443","0.0397295786871166","58.00268046061198","1.866036812318199","14","0.856","10.28","27.84","58.21"
"","","","","","","","","","way/1537208038","trunk","null","26.1116932584192","91.74926209097914","0.0567691401512922","58.63982899983724","1.0191875096644445","14","0.811","10.28","27.84","58.21"
"","","","","","","","","","way/1537208039","tertiary","null","26.11140689147219","91.7496406763016","0.0160555423140363","58.197227478027344","0.0","14","0.835","10.28","27.84","58.21"
"","","","","","","","","","way/1537208040","tertiary","null","26.11141737790245","91.74968757817216","0.0133761504940199","58.197227478027344","0.0","14","0.84","10.28","27.84","58.21"
"","","","","","","","","","way/1537208041","secondary","null","26.1115131","91.7495773","0.0104298606445711","58.16388702392578","0.3663023593732702","14","0.833","10.28","27.84","58.21"
"","","","","","","","","","way/1537208042","secondary","Lokhra Road","26.111605612722464","91.7495193173929","0.0131394476681104","58.13054656982422","0.0","14","0.831","10.28","27.84","58.21"
"","","","","","","","","","way/1537208043","secondary","Lokhra Road","26.1117616","91.74943005","0.0257498278130878","59.33812713623047","5.358283901383017","14","0.83","10.28","27.84","58.21"
"","","","","","","","","","way/1537208044","secondary","Lokhra Road","26.112654117898064","91.74902013185078","0.1898604568232062","56.90672588348389","1.7771418312674343","14","0.836","10.28","27.84","58.21"
"","","","","","","","","","way/1537208045","secondary","Lokhra Road","26.11266115651226","91.74908991170317","0.1901064541203267","57.589928150177","1.9419507444205504","14","0.843","10.28","27.84","58.21"
"","","","","","","","","","way/1540881234","secondary","Satgaon Main Road","26.162430252663967","91.83401548089252","1.6268868054557803","55.70023652485439","1.7998187782113442","13","3.222","11.76","30.98","59.55"
